[EVIDENCE-DERIVATION] deterministic_portable_derivation=true raw_sha256=2ee5df03e308dfb4bb4a96b6da86a19ef2fcac9639ef4633b5353766ba791d3c no_live_rerun=true
[EVIDENCE-DERIVATION] host_prefix_redactions=520 ansi_csi_sequences_removed=15264 ansi_escape_bytes_removed=15264
[EVIDENCE-DERIVATION] client_image_identities=3 six_image_preflight=PASSED; only client identities belong in transcript
[EVIDENCE-DERIVATION] compose_project_restoration=PASSED check=exact-case-sensitive-prior-value-or-restored-absence source=orchestrator-envelope-acceptance concrete_prior_presence_value=unavailable
[ENVELOPE] compose_project=ipfs3-client-smoke-20260813-2904-89cd5c39 ownership=CLAIMED fixed_preflight=EMPTY project_label_preflight=EMPTY
[ENVELOPE] command=pwsh -NoProfile -File scripts/client-smoke.ps1 -Client All -Run
Building the current gateway source from an archive-only offline vendored dependency context.
cargo vendor --locked --offline <temp>/ipfs-s3-client-smoke-20260813t004313386z-27684-43ff5656\vendor
[source.crates-io]
replace-with = "vendored-sources"
[source.vendored-sources]
directory = "<temp>/ipfs-s3-client-smoke-20260813t004313386z-27684-43ff5656/vendor"
   Vendoring adler2 v2.0.1 (<cargo-registry>\index.crates.io-1949cf8c6b5b557f\adler2-2.0.1) to <temp>/ipfs-s3-client-smoke-20260813t004313386z-27684-43ff5656\vendor\adler2
   Vendoring aead v0.6.1 (<cargo-registry>\index.crates.io-1949cf8c6b5b557f\aead-0.6.1) to <temp>/ipfs-s3-client-smoke-20260813t004313386z-27684-43ff5656\vendor\aead
   Vendoring aes v0.9.1 (<cargo-registry>\index.crates.io-1949cf8c6b5b557f\aes-0.9.1) to <temp>/ipfs-s3-client-smoke-20260813t004313386z-27684-43ff5656\vendor\aes
   Vendoring aes-gcm v0.11.0 (<cargo-registry>\index.crates.io-1949cf8c6b5b557f\aes-gcm-0.11.0) to <temp>/ipfs-s3-client-smoke-20260813t004313386z-27684-43ff5656\vendor\aes-gcm
   Vendoring ahash v0.7.8 (<cargo-registry>\index.crates.io-1949cf8c6b5b557f\ahash-0.7.8) to <temp>/ipfs-s3-client-smoke-20260813t004313386z-27684-43ff5656\vendor\ahash
   Vendoring aho-corasick v1.1.4 (<cargo-registry>\index.crates.io-1949cf8c6b5b557f\aho-corasick-1.1.4) to <temp>/ipfs-s3-client-smoke-20260813t004313386z-27684-43ff5656\vendor\aho-corasick
   Vendoring aliasable v0.1.3 (<cargo-registry>\index.crates.io-1949cf8c6b5b557f\aliasable-0.1.3) to <temp>/ipfs-s3-client-smoke-20260813t004313386z-27684-43ff5656\vendor\aliasable
   Vendoring allocator-api2 v0.2.21 (<cargo-registry>\index.crates.io-1949cf8c6b5b557f\allocator-api2-0.2.21) to <temp>/ipfs-s3-client-smoke-20260813t004313386z-27684-43ff5656\vendor\allocator-api2
   Vendoring android_system_properties v0.1.5 (<cargo-registry>\index.crates.io-1949cf8c6b5b557f\android_system_properties-0.1.5) to <temp>/ipfs-s3-client-smoke-20260813t004313386z-27684-43ff5656\vendor\android_system_properties
   Vendoring anstream v1.0.0 (<cargo-registry>\index.crates.io-1949cf8c6b5b557f\anstream-1.0.0) to <temp>/ipfs-s3-client-smoke-20260813t004313386z-27684-43ff5656\vendor\anstream
   Vendoring anstyle v1.0.14 (<cargo-registry>\index.crates.io-1949cf8c6b5b557f\anstyle-1.0.14) to <temp>/ipfs-s3-client-smoke-20260813t004313386z-27684-43ff5656\vendor\anstyle
   Vendoring anstyle-parse v1.0.0 (<cargo-registry>\index.crates.io-1949cf8c6b5b557f\anstyle-parse-1.0.0) to <temp>/ipfs-s3-client-smoke-20260813t004313386z-27684-43ff5656\vendor\anstyle-parse
   Vendoring anstyle-query v1.1.5 (<cargo-registry>\index.crates.io-1949cf8c6b5b557f\anstyle-query-1.1.5) to <temp>/ipfs-s3-client-smoke-20260813t004313386z-27684-43ff5656\vendor\anstyle-query
   Vendoring anstyle-wincon v3.0.11 (<cargo-registry>\index.crates.io-1949cf8c6b5b557f\anstyle-wincon-3.0.11) to <temp>/ipfs-s3-client-smoke-20260813t004313386z-27684-43ff5656\vendor\anstyle-wincon
   Vendoring anyhow v1.0.103 (<cargo-registry>\index.crates.io-1949cf8c6b5b557f\anyhow-1.0.103) to <temp>/ipfs-s3-client-smoke-20260813t004313386z-27684-43ff5656\vendor\anyhow
   Vendoring arc-swap v1.9.2 (<cargo-registry>\index.crates.io-1949cf8c6b5b557f\arc-swap-1.9.2) to <temp>/ipfs-s3-client-smoke-20260813t004313386z-27684-43ff5656\vendor\arc-swap
   Vendoring arrayvec v0.7.8 (<cargo-registry>\index.crates.io-1949cf8c6b5b557f\arrayvec-0.7.8) to <temp>/ipfs-s3-client-smoke-20260813t004313386z-27684-43ff5656\vendor\arrayvec
   Vendoring asn1-rs v0.7.2 (<cargo-registry>\index.crates.io-1949cf8c6b5b557f\asn1-rs-0.7.2) to <temp>/ipfs-s3-client-smoke-20260813t004313386z-27684-43ff5656\vendor\asn1-rs
   Vendoring asn1-rs-derive v0.6.0 (<cargo-registry>\index.crates.io-1949cf8c6b5b557f\asn1-rs-derive-0.6.0) to <temp>/ipfs-s3-client-smoke-20260813t004313386z-27684-43ff5656\vendor\asn1-rs-derive
   Vendoring asn1-rs-impl v0.2.0 (<cargo-registry>\index.crates.io-1949cf8c6b5b557f\asn1-rs-impl-0.2.0) to <temp>/ipfs-s3-client-smoke-20260813t004313386z-27684-43ff5656\vendor\asn1-rs-impl
   Vendoring assert-json-diff v2.0.2 (<cargo-registry>\index.crates.io-1949cf8c6b5b557f\assert-json-diff-2.0.2) to <temp>/ipfs-s3-client-smoke-20260813t004313386z-27684-43ff5656\vendor\assert-json-diff
   Vendoring async-compression v0.4.42 (<cargo-registry>\index.crates.io-1949cf8c6b5b557f\async-compression-0.4.42) to <temp>/ipfs-s3-client-smoke-20260813t004313386z-27684-43ff5656\vendor\async-compression
   Vendoring async-stream v0.3.6 (<cargo-registry>\index.crates.io-1949cf8c6b5b557f\async-stream-0.3.6) to <temp>/ipfs-s3-client-smoke-20260813t004313386z-27684-43ff5656\vendor\async-stream
   Vendoring async-stream-impl v0.3.6 (<cargo-registry>\index.crates.io-1949cf8c6b5b557f\async-stream-impl-0.3.6) to <temp>/ipfs-s3-client-smoke-20260813t004313386z-27684-43ff5656\vendor\async-stream-impl
   Vendoring async-trait v0.1.89 (<cargo-registry>\index.crates.io-1949cf8c6b5b557f\async-trait-0.1.89) to <temp>/ipfs-s3-client-smoke-20260813t004313386z-27684-43ff5656\vendor\async-trait
   Vendoring async_zip v0.0.18 (<cargo-registry>\index.crates.io-1949cf8c6b5b557f\async_zip-0.0.18) to <temp>/ipfs-s3-client-smoke-20260813t004313386z-27684-43ff5656\vendor\async_zip
   Vendoring atoi v2.0.0 (<cargo-registry>\index.crates.io-1949cf8c6b5b557f\atoi-2.0.0) to <temp>/ipfs-s3-client-smoke-20260813t004313386z-27684-43ff5656\vendor\atoi-2.0.0
   Vendoring atoi v3.1.0 (<cargo-registry>\index.crates.io-1949cf8c6b5b557f\atoi-3.1.0) to <temp>/ipfs-s3-client-smoke-20260813t004313386z-27684-43ff5656\vendor\atoi
   Vendoring atomic-waker v1.1.2 (<cargo-registry>\index.crates.io-1949cf8c6b5b557f\atomic-waker-1.1.2) to <temp>/ipfs-s3-client-smoke-20260813t004313386z-27684-43ff5656\vendor\atomic-waker
   Vendoring attohttpc v0.30.1 (<cargo-registry>\index.crates.io-1949cf8c6b5b557f\attohttpc-0.30.1) to <temp>/ipfs-s3-client-smoke-20260813t004313386z-27684-43ff5656\vendor\attohttpc
   Vendoring autocfg v1.5.1 (<cargo-registry>\index.crates.io-1949cf8c6b5b557f\autocfg-1.5.1) to <temp>/ipfs-s3-client-smoke-20260813t004313386z-27684-43ff5656\vendor\autocfg
   Vendoring aws-creds v0.39.1 (<cargo-registry>\index.crates.io-1949cf8c6b5b557f\aws-creds-0.39.1) to <temp>/ipfs-s3-client-smoke-20260813t004313386z-27684-43ff5656\vendor\aws-creds
   Vendoring aws-lc-rs v1.17.1 (<cargo-registry>\index.crates.io-1949cf8c6b5b557f\aws-lc-rs-1.17.1) to <temp>/ipfs-s3-client-smoke-20260813t004313386z-27684-43ff5656\vendor\aws-lc-rs
   Vendoring aws-lc-sys v0.42.0 (<cargo-registry>\index.crates.io-1949cf8c6b5b557f\aws-lc-sys-0.42.0) to <temp>/ipfs-s3-client-smoke-20260813t004313386z-27684-43ff5656\vendor\aws-lc-sys
   Vendoring aws-region v0.28.1 (<cargo-registry>\index.crates.io-1949cf8c6b5b557f\aws-region-0.28.1) to <temp>/ipfs-s3-client-smoke-20260813t004313386z-27684-43ff5656\vendor\aws-region
   Vendoring axum v0.8.9 (<cargo-registry>\index.crates.io-1949cf8c6b5b557f\axum-0.8.9) to <temp>/ipfs-s3-client-smoke-20260813t004313386z-27684-43ff5656\vendor\axum
   Vendoring axum-core v0.5.6 (<cargo-registry>\index.crates.io-1949cf8c6b5b557f\axum-core-0.5.6) to <temp>/ipfs-s3-client-smoke-20260813t004313386z-27684-43ff5656\vendor\axum-core
   Vendoring base-x v0.2.11 (<cargo-registry>\index.crates.io-1949cf8c6b5b557f\base-x-0.2.11) to <temp>/ipfs-s3-client-smoke-20260813t004313386z-27684-43ff5656\vendor\base-x
   Vendoring base256emoji v1.0.2 (<cargo-registry>\index.crates.io-1949cf8c6b5b557f\base256emoji-1.0.2) to <temp>/ipfs-s3-client-smoke-20260813t004313386z-27684-43ff5656\vendor\base256emoji
   Vendoring base45 v3.2.0 (<cargo-registry>\index.crates.io-1949cf8c6b5b557f\base45-3.2.0) to <temp>/ipfs-s3-client-smoke-20260813t004313386z-27684-43ff5656\vendor\base45
   Vendoring base64 v0.22.1 (<cargo-registry>\index.crates.io-1949cf8c6b5b557f\base64-0.22.1) to <temp>/ipfs-s3-client-smoke-20260813t004313386z-27684-43ff5656\vendor\base64
   Vendoring base64-simd v0.8.0 (<cargo-registry>\index.crates.io-1949cf8c6b5b557f\base64-simd-0.8.0) to <temp>/ipfs-s3-client-smoke-20260813t004313386z-27684-43ff5656\vendor\base64-simd
   Vendoring base64ct v1.8.3 (<cargo-registry>\index.crates.io-1949cf8c6b5b557f\base64ct-1.8.3) to <temp>/ipfs-s3-client-smoke-20260813t004313386z-27684-43ff5656\vendor\base64ct
   Vendoring bigdecimal v0.4.10 (<cargo-registry>\index.crates.io-1949cf8c6b5b557f\bigdecimal-0.4.10) to <temp>/ipfs-s3-client-smoke-20260813t004313386z-27684-43ff5656\vendor\bigdecimal
   Vendoring bit-vec v0.9.1 (<cargo-registry>\index.crates.io-1949cf8c6b5b557f\bit-vec-0.9.1) to <temp>/ipfs-s3-client-smoke-20260813t004313386z-27684-43ff5656\vendor\bit-vec
   Vendoring bitflags v2.13.0 (<cargo-registry>\index.crates.io-1949cf8c6b5b557f\bitflags-2.13.0) to <temp>/ipfs-s3-client-smoke-20260813t004313386z-27684-43ff5656\vendor\bitflags
   Vendoring bitvec v1.1.1 (<cargo-registry>\index.crates.io-1949cf8c6b5b557f\bitvec-1.1.1) to <temp>/ipfs-s3-client-smoke-20260813t004313386z-27684-43ff5656\vendor\bitvec
   Vendoring block-buffer v0.10.4 (<cargo-registry>\index.crates.io-1949cf8c6b5b557f\block-buffer-0.10.4) to <temp>/ipfs-s3-client-smoke-20260813t004313386z-27684-43ff5656\vendor\block-buffer-0.10.4
   Vendoring block-buffer v0.12.1 (<cargo-registry>\index.crates.io-1949cf8c6b5b557f\block-buffer-0.12.1) to <temp>/ipfs-s3-client-smoke-20260813t004313386z-27684-43ff5656\vendor\block-buffer
   Vendoring borsh v1.7.0 (<cargo-registry>\index.crates.io-1949cf8c6b5b557f\borsh-1.7.0) to <temp>/ipfs-s3-client-smoke-20260813t004313386z-27684-43ff5656\vendor\borsh
   Vendoring borsh-derive v1.7.0 (<cargo-registry>\index.crates.io-1949cf8c6b5b557f\borsh-derive-1.7.0) to <temp>/ipfs-s3-client-smoke-20260813t004313386z-27684-43ff5656\vendor\borsh-derive
   Vendoring bumpalo v3.20.3 (<cargo-registry>\index.crates.io-1949cf8c6b5b557f\bumpalo-3.20.3) to <temp>/ipfs-s3-client-smoke-20260813t004313386z-27684-43ff5656\vendor\bumpalo
   Vendoring bytecheck v0.6.12 (<cargo-registry>\index.crates.io-1949cf8c6b5b557f\bytecheck-0.6.12) to <temp>/ipfs-s3-client-smoke-20260813t004313386z-27684-43ff5656\vendor\bytecheck
   Vendoring bytecheck_derive v0.6.12 (<cargo-registry>\index.crates.io-1949cf8c6b5b557f\bytecheck_derive-0.6.12) to <temp>/ipfs-s3-client-smoke-20260813t004313386z-27684-43ff5656\vendor\bytecheck_derive
   Vendoring byteorder v1.5.0 (<cargo-registry>\index.crates.io-1949cf8c6b5b557f\byteorder-1.5.0) to <temp>/ipfs-s3-client-smoke-20260813t004313386z-27684-43ff5656\vendor\byteorder
   Vendoring bytes v1.12.0 (<cargo-registry>\index.crates.io-1949cf8c6b5b557f\bytes-1.12.0) to <temp>/ipfs-s3-client-smoke-20260813t004313386z-27684-43ff5656\vendor\bytes
   Vendoring bytestring v1.5.1 (<cargo-registry>\index.crates.io-1949cf8c6b5b557f\bytestring-1.5.1) to <temp>/ipfs-s3-client-smoke-20260813t004313386z-27684-43ff5656\vendor\bytestring
   Vendoring cc v1.2.65 (<cargo-registry>\index.crates.io-1949cf8c6b5b557f\cc-1.2.65) to <temp>/ipfs-s3-client-smoke-20260813t004313386z-27684-43ff5656\vendor\cc
   Vendoring cfg-if v1.0.4 (<cargo-registry>\index.crates.io-1949cf8c6b5b557f\cfg-if-1.0.4) to <temp>/ipfs-s3-client-smoke-20260813t004313386z-27684-43ff5656\vendor\cfg-if
   Vendoring cfg_aliases v0.2.1 (<cargo-registry>\index.crates.io-1949cf8c6b5b557f\cfg_aliases-0.2.1) to <temp>/ipfs-s3-client-smoke-20260813t004313386z-27684-43ff5656\vendor\cfg_aliases
   Vendoring chacha20 v0.10.1 (<cargo-registry>\index.crates.io-1949cf8c6b5b557f\chacha20-0.10.1) to <temp>/ipfs-s3-client-smoke-20260813t004313386z-27684-43ff5656\vendor\chacha20
   Vendoring chrono v0.4.45 (<cargo-registry>\index.crates.io-1949cf8c6b5b557f\chrono-0.4.45) to <temp>/ipfs-s3-client-smoke-20260813t004313386z-27684-43ff5656\vendor\chrono
   Vendoring cid v0.11.3 (<cargo-registry>\index.crates.io-1949cf8c6b5b557f\cid-0.11.3) to <temp>/ipfs-s3-client-smoke-20260813t004313386z-27684-43ff5656\vendor\cid
   Vendoring cipher v0.5.2 (<cargo-registry>\index.crates.io-1949cf8c6b5b557f\cipher-0.5.2) to <temp>/ipfs-s3-client-smoke-20260813t004313386z-27684-43ff5656\vendor\cipher
   Vendoring clap v4.6.1 (<cargo-registry>\index.crates.io-1949cf8c6b5b557f\clap-4.6.1) to <temp>/ipfs-s3-client-smoke-20260813t004313386z-27684-43ff5656\vendor\clap
   Vendoring clap_builder v4.6.0 (<cargo-registry>\index.crates.io-1949cf8c6b5b557f\clap_builder-4.6.0) to <temp>/ipfs-s3-client-smoke-20260813t004313386z-27684-43ff5656\vendor\clap_builder
   Vendoring clap_derive v4.6.1 (<cargo-registry>\index.crates.io-1949cf8c6b5b557f\clap_derive-4.6.1) to <temp>/ipfs-s3-client-smoke-20260813t004313386z-27684-43ff5656\vendor\clap_derive
   Vendoring clap_lex v1.1.0 (<cargo-registry>\index.crates.io-1949cf8c6b5b557f\clap_lex-1.1.0) to <temp>/ipfs-s3-client-smoke-20260813t004313386z-27684-43ff5656\vendor\clap_lex
   Vendoring cmake v0.1.58 (<cargo-registry>\index.crates.io-1949cf8c6b5b557f\cmake-0.1.58) to <temp>/ipfs-s3-client-smoke-20260813t004313386z-27684-43ff5656\vendor\cmake
   Vendoring cmov v0.5.4 (<cargo-registry>\index.crates.io-1949cf8c6b5b557f\cmov-0.5.4) to <temp>/ipfs-s3-client-smoke-20260813t004313386z-27684-43ff5656\vendor\cmov
   Vendoring colorchoice v1.0.5 (<cargo-registry>\index.crates.io-1949cf8c6b5b557f\colorchoice-1.0.5) to <temp>/ipfs-s3-client-smoke-20260813t004313386z-27684-43ff5656\vendor\colorchoice
   Vendoring combine v4.6.7 (<cargo-registry>\index.crates.io-1949cf8c6b5b557f\combine-4.6.7) to <temp>/ipfs-s3-client-smoke-20260813t004313386z-27684-43ff5656\vendor\combine
   Vendoring compression-codecs v0.4.38 (<cargo-registry>\index.crates.io-1949cf8c6b5b557f\compression-codecs-0.4.38) to <temp>/ipfs-s3-client-smoke-20260813t004313386z-27684-43ff5656\vendor\compression-codecs
   Vendoring compression-core v0.4.32 (<cargo-registry>\index.crates.io-1949cf8c6b5b557f\compression-core-0.4.32) to <temp>/ipfs-s3-client-smoke-20260813t004313386z-27684-43ff5656\vendor\compression-core
   Vendoring concurrent-queue v2.5.0 (<cargo-registry>\index.crates.io-1949cf8c6b5b557f\concurrent-queue-2.5.0) to <temp>/ipfs-s3-client-smoke-20260813t004313386z-27684-43ff5656\vendor\concurrent-queue
   Vendoring const-oid v0.9.6 (<cargo-registry>\index.crates.io-1949cf8c6b5b557f\const-oid-0.9.6) to <temp>/ipfs-s3-client-smoke-20260813t004313386z-27684-43ff5656\vendor\const-oid-0.9.6
   Vendoring const-oid v0.10.2 (<cargo-registry>\index.crates.io-1949cf8c6b5b557f\const-oid-0.10.2) to <temp>/ipfs-s3-client-smoke-20260813t004313386z-27684-43ff5656\vendor\const-oid
   Vendoring const-random v0.1.18 (<cargo-registry>\index.crates.io-1949cf8c6b5b557f\const-random-0.1.18) to <temp>/ipfs-s3-client-smoke-20260813t004313386z-27684-43ff5656\vendor\const-random
   Vendoring const-random-macro v0.1.16 (<cargo-registry>\index.crates.io-1949cf8c6b5b557f\const-random-macro-0.1.16) to <temp>/ipfs-s3-client-smoke-20260813t004313386z-27684-43ff5656\vendor\const-random-macro
   Vendoring const-str v0.4.3 (<cargo-registry>\index.crates.io-1949cf8c6b5b557f\const-str-0.4.3) to <temp>/ipfs-s3-client-smoke-20260813t004313386z-27684-43ff5656\vendor\const-str
   Vendoring core-foundation v0.9.4 (<cargo-registry>\index.crates.io-1949cf8c6b5b557f\core-foundation-0.9.4) to <temp>/ipfs-s3-client-smoke-20260813t004313386z-27684-43ff5656\vendor\core-foundation-0.9.4
   Vendoring core-foundation v0.10.1 (<cargo-registry>\index.crates.io-1949cf8c6b5b557f\core-foundation-0.10.1) to <temp>/ipfs-s3-client-smoke-20260813t004313386z-27684-43ff5656\vendor\core-foundation
   Vendoring core-foundation-sys v0.8.7 (<cargo-registry>\index.crates.io-1949cf8c6b5b557f\core-foundation-sys-0.8.7) to <temp>/ipfs-s3-client-smoke-20260813t004313386z-27684-43ff5656\vendor\core-foundation-sys
   Vendoring cpubits v0.1.1 (<cargo-registry>\index.crates.io-1949cf8c6b5b557f\cpubits-0.1.1) to <temp>/ipfs-s3-client-smoke-20260813t004313386z-27684-43ff5656\vendor\cpubits
   Vendoring cpufeatures v0.2.17 (<cargo-registry>\index.crates.io-1949cf8c6b5b557f\cpufeatures-0.2.17) to <temp>/ipfs-s3-client-smoke-20260813t004313386z-27684-43ff5656\vendor\cpufeatures-0.2.17
   Vendoring cpufeatures v0.3.0 (<cargo-registry>\index.crates.io-1949cf8c6b5b557f\cpufeatures-0.3.0) to <temp>/ipfs-s3-client-smoke-20260813t004313386z-27684-43ff5656\vendor\cpufeatures
   Vendoring crc v3.4.0 (<cargo-registry>\index.crates.io-1949cf8c6b5b557f\crc-3.4.0) to <temp>/ipfs-s3-client-smoke-20260813t004313386z-27684-43ff5656\vendor\crc
   Vendoring crc-catalog v2.5.0 (<cargo-registry>\index.crates.io-1949cf8c6b5b557f\crc-catalog-2.5.0) to <temp>/ipfs-s3-client-smoke-20260813t004313386z-27684-43ff5656\vendor\crc-catalog
   Vendoring crc-fast v1.10.0 (<cargo-registry>\index.crates.io-1949cf8c6b5b557f\crc-fast-1.10.0) to <temp>/ipfs-s3-client-smoke-20260813t004313386z-27684-43ff5656\vendor\crc-fast
   Vendoring crc32fast v1.5.0 (<cargo-registry>\index.crates.io-1949cf8c6b5b557f\crc32fast-1.5.0) to <temp>/ipfs-s3-client-smoke-20260813t004313386z-27684-43ff5656\vendor\crc32fast
   Vendoring crossbeam-queue v0.3.12 (<cargo-registry>\index.crates.io-1949cf8c6b5b557f\crossbeam-queue-0.3.12) to <temp>/ipfs-s3-client-smoke-20260813t004313386z-27684-43ff5656\vendor\crossbeam-queue
   Vendoring crossbeam-utils v0.8.21 (<cargo-registry>\index.crates.io-1949cf8c6b5b557f\crossbeam-utils-0.8.21) to <temp>/ipfs-s3-client-smoke-20260813t004313386z-27684-43ff5656\vendor\crossbeam-utils
   Vendoring crunchy v0.2.4 (<cargo-registry>\index.crates.io-1949cf8c6b5b557f\crunchy-0.2.4) to <temp>/ipfs-s3-client-smoke-20260813t004313386z-27684-43ff5656\vendor\crunchy
   Vendoring crypto-common v0.1.7 (<cargo-registry>\index.crates.io-1949cf8c6b5b557f\crypto-common-0.1.7) to <temp>/ipfs-s3-client-smoke-20260813t004313386z-27684-43ff5656\vendor\crypto-common-0.1.7
   Vendoring crypto-common v0.2.2 (<cargo-registry>\index.crates.io-1949cf8c6b5b557f\crypto-common-0.2.2) to <temp>/ipfs-s3-client-smoke-20260813t004313386z-27684-43ff5656\vendor\crypto-common
   Vendoring ctr v0.10.1 (<cargo-registry>\index.crates.io-1949cf8c6b5b557f\ctr-0.10.1) to <temp>/ipfs-s3-client-smoke-20260813t004313386z-27684-43ff5656\vendor\ctr
   Vendoring ctutils v0.4.2 (<cargo-registry>\index.crates.io-1949cf8c6b5b557f\ctutils-0.4.2) to <temp>/ipfs-s3-client-smoke-20260813t004313386z-27684-43ff5656\vendor\ctutils
   Vendoring darling v0.20.11 (<cargo-registry>\index.crates.io-1949cf8c6b5b557f\darling-0.20.11) to <temp>/ipfs-s3-client-smoke-20260813t004313386z-27684-43ff5656\vendor\darling
   Vendoring darling_core v0.20.11 (<cargo-registry>\index.crates.io-1949cf8c6b5b557f\darling_core-0.20.11) to <temp>/ipfs-s3-client-smoke-20260813t004313386z-27684-43ff5656\vendor\darling_core
   Vendoring darling_macro v0.20.11 (<cargo-registry>\index.crates.io-1949cf8c6b5b557f\darling_macro-0.20.11) to <temp>/ipfs-s3-client-smoke-20260813t004313386z-27684-43ff5656\vendor\darling_macro
   Vendoring data-encoding v2.11.0 (<cargo-registry>\index.crates.io-1949cf8c6b5b557f\data-encoding-2.11.0) to <temp>/ipfs-s3-client-smoke-20260813t004313386z-27684-43ff5656\vendor\data-encoding
   Vendoring data-encoding-macro v0.1.20 (<cargo-registry>\index.crates.io-1949cf8c6b5b557f\data-encoding-macro-0.1.20) to <temp>/ipfs-s3-client-smoke-20260813t004313386z-27684-43ff5656\vendor\data-encoding-macro
   Vendoring data-encoding-macro-internal v0.1.18 (<cargo-registry>\index.crates.io-1949cf8c6b5b557f\data-encoding-macro-internal-0.1.18) to <temp>/ipfs-s3-client-smoke-20260813t004313386z-27684-43ff5656\vendor\data-encoding-macro-internal
   Vendoring deadpool v0.12.3 (<cargo-registry>\index.crates.io-1949cf8c6b5b557f\deadpool-0.12.3) to <temp>/ipfs-s3-client-smoke-20260813t004313386z-27684-43ff5656\vendor\deadpool
   Vendoring deadpool-runtime v0.1.4 (<cargo-registry>\index.crates.io-1949cf8c6b5b557f\deadpool-runtime-0.1.4) to <temp>/ipfs-s3-client-smoke-20260813t004313386z-27684-43ff5656\vendor\deadpool-runtime
   Vendoring der v0.7.10 (<cargo-registry>\index.crates.io-1949cf8c6b5b557f\der-0.7.10) to <temp>/ipfs-s3-client-smoke-20260813t004313386z-27684-43ff5656\vendor\der
   Vendoring der-parser v10.0.0 (<cargo-registry>\index.crates.io-1949cf8c6b5b557f\der-parser-10.0.0) to <temp>/ipfs-s3-client-smoke-20260813t004313386z-27684-43ff5656\vendor\der-parser
   Vendoring deranged v0.5.8 (<cargo-registry>\index.crates.io-1949cf8c6b5b557f\deranged-0.5.8) to <temp>/ipfs-s3-client-smoke-20260813t004313386z-27684-43ff5656\vendor\deranged
   Vendoring derive_more v2.1.1 (<cargo-registry>\index.crates.io-1949cf8c6b5b557f\derive_more-2.1.1) to <temp>/ipfs-s3-client-smoke-20260813t004313386z-27684-43ff5656\vendor\derive_more
   Vendoring derive_more-impl v2.1.1 (<cargo-registry>\index.crates.io-1949cf8c6b5b557f\derive_more-impl-2.1.1) to <temp>/ipfs-s3-client-smoke-20260813t004313386z-27684-43ff5656\vendor\derive_more-impl
   Vendoring digest v0.10.7 (<cargo-registry>\index.crates.io-1949cf8c6b5b557f\digest-0.10.7) to <temp>/ipfs-s3-client-smoke-20260813t004313386z-27684-43ff5656\vendor\digest-0.10.7
   Vendoring digest v0.11.3 (<cargo-registry>\index.crates.io-1949cf8c6b5b557f\digest-0.11.3) to <temp>/ipfs-s3-client-smoke-20260813t004313386z-27684-43ff5656\vendor\digest
   Vendoring displaydoc v0.2.6 (<cargo-registry>\index.crates.io-1949cf8c6b5b557f\displaydoc-0.2.6) to <temp>/ipfs-s3-client-smoke-20260813t004313386z-27684-43ff5656\vendor\displaydoc
   Vendoring dlv-list v0.5.2 (<cargo-registry>\index.crates.io-1949cf8c6b5b557f\dlv-list-0.5.2) to <temp>/ipfs-s3-client-smoke-20260813t004313386z-27684-43ff5656\vendor\dlv-list
   Vendoring dotenvy v0.15.7 (<cargo-registry>\index.crates.io-1949cf8c6b5b557f\dotenvy-0.15.7) to <temp>/ipfs-s3-client-smoke-20260813t004313386z-27684-43ff5656\vendor\dotenvy
   Vendoring dunce v1.0.5 (<cargo-registry>\index.crates.io-1949cf8c6b5b557f\dunce-1.0.5) to <temp>/ipfs-s3-client-smoke-20260813t004313386z-27684-43ff5656\vendor\dunce
   Vendoring either v1.16.0 (<cargo-registry>\index.crates.io-1949cf8c6b5b557f\either-1.16.0) to <temp>/ipfs-s3-client-smoke-20260813t004313386z-27684-43ff5656\vendor\either
   Vendoring encoding_rs v0.8.35 (<cargo-registry>\index.crates.io-1949cf8c6b5b557f\encoding_rs-0.8.35) to <temp>/ipfs-s3-client-smoke-20260813t004313386z-27684-43ff5656\vendor\encoding_rs
   Vendoring equivalent v1.0.2 (<cargo-registry>\index.crates.io-1949cf8c6b5b557f\equivalent-1.0.2) to <temp>/ipfs-s3-client-smoke-20260813t004313386z-27684-43ff5656\vendor\equivalent
   Vendoring errno v0.3.14 (<cargo-registry>\index.crates.io-1949cf8c6b5b557f\errno-0.3.14) to <temp>/ipfs-s3-client-smoke-20260813t004313386z-27684-43ff5656\vendor\errno
   Vendoring etcetera v0.8.0 (<cargo-registry>\index.crates.io-1949cf8c6b5b557f\etcetera-0.8.0) to <temp>/ipfs-s3-client-smoke-20260813t004313386z-27684-43ff5656\vendor\etcetera
   Vendoring event-listener v5.4.1 (<cargo-registry>\index.crates.io-1949cf8c6b5b557f\event-listener-5.4.1) to <temp>/ipfs-s3-client-smoke-20260813t004313386z-27684-43ff5656\vendor\event-listener
   Vendoring fastrand v2.4.1 (<cargo-registry>\index.crates.io-1949cf8c6b5b557f\fastrand-2.4.1) to <temp>/ipfs-s3-client-smoke-20260813t004313386z-27684-43ff5656\vendor\fastrand
   Vendoring find-msvc-tools v0.1.9 (<cargo-registry>\index.crates.io-1949cf8c6b5b557f\find-msvc-tools-0.1.9) to <temp>/ipfs-s3-client-smoke-20260813t004313386z-27684-43ff5656\vendor\find-msvc-tools
   Vendoring flate2 v1.1.9 (<cargo-registry>\index.crates.io-1949cf8c6b5b557f\flate2-1.1.9) to <temp>/ipfs-s3-client-smoke-20260813t004313386z-27684-43ff5656\vendor\flate2
   Vendoring flume v0.11.1 (<cargo-registry>\index.crates.io-1949cf8c6b5b557f\flume-0.11.1) to <temp>/ipfs-s3-client-smoke-20260813t004313386z-27684-43ff5656\vendor\flume
   Vendoring fnv v1.0.7 (<cargo-registry>\index.crates.io-1949cf8c6b5b557f\fnv-1.0.7) to <temp>/ipfs-s3-client-smoke-20260813t004313386z-27684-43ff5656\vendor\fnv
   Vendoring foldhash v0.1.5 (<cargo-registry>\index.crates.io-1949cf8c6b5b557f\foldhash-0.1.5) to <temp>/ipfs-s3-client-smoke-20260813t004313386z-27684-43ff5656\vendor\foldhash
   Vendoring form_urlencoded v1.2.2 (<cargo-registry>\index.crates.io-1949cf8c6b5b557f\form_urlencoded-1.2.2) to <temp>/ipfs-s3-client-smoke-20260813t004313386z-27684-43ff5656\vendor\form_urlencoded
   Vendoring fs_extra v1.3.0 (<cargo-registry>\index.crates.io-1949cf8c6b5b557f\fs_extra-1.3.0) to <temp>/ipfs-s3-client-smoke-20260813t004313386z-27684-43ff5656\vendor\fs_extra
   Vendoring funty v2.0.0 (<cargo-registry>\index.crates.io-1949cf8c6b5b557f\funty-2.0.0) to <temp>/ipfs-s3-client-smoke-20260813t004313386z-27684-43ff5656\vendor\funty
   Vendoring futures v0.3.32 (<cargo-registry>\index.crates.io-1949cf8c6b5b557f\futures-0.3.32) to <temp>/ipfs-s3-client-smoke-20260813t004313386z-27684-43ff5656\vendor\futures
   Vendoring futures-channel v0.3.32 (<cargo-registry>\index.crates.io-1949cf8c6b5b557f\futures-channel-0.3.32) to <temp>/ipfs-s3-client-smoke-20260813t004313386z-27684-43ff5656\vendor\futures-channel
   Vendoring futures-core v0.3.32 (<cargo-registry>\index.crates.io-1949cf8c6b5b557f\futures-core-0.3.32) to <temp>/ipfs-s3-client-smoke-20260813t004313386z-27684-43ff5656\vendor\futures-core
   Vendoring futures-executor v0.3.32 (<cargo-registry>\index.crates.io-1949cf8c6b5b557f\futures-executor-0.3.32) to <temp>/ipfs-s3-client-smoke-20260813t004313386z-27684-43ff5656\vendor\futures-executor
   Vendoring futures-intrusive v0.5.0 (<cargo-registry>\index.crates.io-1949cf8c6b5b557f\futures-intrusive-0.5.0) to <temp>/ipfs-s3-client-smoke-20260813t004313386z-27684-43ff5656\vendor\futures-intrusive
   Vendoring futures-io v0.3.32 (<cargo-registry>\index.crates.io-1949cf8c6b5b557f\futures-io-0.3.32) to <temp>/ipfs-s3-client-smoke-20260813t004313386z-27684-43ff5656\vendor\futures-io
   Vendoring futures-lite v2.6.1 (<cargo-registry>\index.crates.io-1949cf8c6b5b557f\futures-lite-2.6.1) to <temp>/ipfs-s3-client-smoke-20260813t004313386z-27684-43ff5656\vendor\futures-lite
   Vendoring futures-macro v0.3.32 (<cargo-registry>\index.crates.io-1949cf8c6b5b557f\futures-macro-0.3.32) to <temp>/ipfs-s3-client-smoke-20260813t004313386z-27684-43ff5656\vendor\futures-macro
   Vendoring futures-sink v0.3.32 (<cargo-registry>\index.crates.io-1949cf8c6b5b557f\futures-sink-0.3.32) to <temp>/ipfs-s3-client-smoke-20260813t004313386z-27684-43ff5656\vendor\futures-sink
   Vendoring futures-task v0.3.32 (<cargo-registry>\index.crates.io-1949cf8c6b5b557f\futures-task-0.3.32) to <temp>/ipfs-s3-client-smoke-20260813t004313386z-27684-43ff5656\vendor\futures-task
   Vendoring futures-util v0.3.32 (<cargo-registry>\index.crates.io-1949cf8c6b5b557f\futures-util-0.3.32) to <temp>/ipfs-s3-client-smoke-20260813t004313386z-27684-43ff5656\vendor\futures-util
   Vendoring generic-array v0.14.7 (<cargo-registry>\index.crates.io-1949cf8c6b5b557f\generic-array-0.14.7) to <temp>/ipfs-s3-client-smoke-20260813t004313386z-27684-43ff5656\vendor\generic-array
   Vendoring getrandom v0.2.17 (<cargo-registry>\index.crates.io-1949cf8c6b5b557f\getrandom-0.2.17) to <temp>/ipfs-s3-client-smoke-20260813t004313386z-27684-43ff5656\vendor\getrandom-0.2.17
   Vendoring getrandom v0.3.4 (<cargo-registry>\index.crates.io-1949cf8c6b5b557f\getrandom-0.3.4) to <temp>/ipfs-s3-client-smoke-20260813t004313386z-27684-43ff5656\vendor\getrandom-0.3.4
   Vendoring getrandom v0.4.3 (<cargo-registry>\index.crates.io-1949cf8c6b5b557f\getrandom-0.4.3) to <temp>/ipfs-s3-client-smoke-20260813t004313386z-27684-43ff5656\vendor\getrandom
   Vendoring ghash v0.6.0 (<cargo-registry>\index.crates.io-1949cf8c6b5b557f\ghash-0.6.0) to <temp>/ipfs-s3-client-smoke-20260813t004313386z-27684-43ff5656\vendor\ghash
   Vendoring glob v0.3.3 (<cargo-registry>\index.crates.io-1949cf8c6b5b557f\glob-0.3.3) to <temp>/ipfs-s3-client-smoke-20260813t004313386z-27684-43ff5656\vendor\glob
   Vendoring h2 v0.4.15 (<cargo-registry>\index.crates.io-1949cf8c6b5b557f\h2-0.4.15) to <temp>/ipfs-s3-client-smoke-20260813t004313386z-27684-43ff5656\vendor\h2
   Vendoring hashbrown v0.12.3 (<cargo-registry>\index.crates.io-1949cf8c6b5b557f\hashbrown-0.12.3) to <temp>/ipfs-s3-client-smoke-20260813t004313386z-27684-43ff5656\vendor\hashbrown-0.12.3
   Vendoring hashbrown v0.14.5 (<cargo-registry>\index.crates.io-1949cf8c6b5b557f\hashbrown-0.14.5) to <temp>/ipfs-s3-client-smoke-20260813t004313386z-27684-43ff5656\vendor\hashbrown-0.14.5
   Vendoring hashbrown v0.15.5 (<cargo-registry>\index.crates.io-1949cf8c6b5b557f\hashbrown-0.15.5) to <temp>/ipfs-s3-client-smoke-20260813t004313386z-27684-43ff5656\vendor\hashbrown-0.15.5
   Vendoring hashbrown v0.17.1 (<cargo-registry>\index.crates.io-1949cf8c6b5b557f\hashbrown-0.17.1) to <temp>/ipfs-s3-client-smoke-20260813t004313386z-27684-43ff5656\vendor\hashbrown
   Vendoring hashlink v0.10.0 (<cargo-registry>\index.crates.io-1949cf8c6b5b557f\hashlink-0.10.0) to <temp>/ipfs-s3-client-smoke-20260813t004313386z-27684-43ff5656\vendor\hashlink
   Vendoring heck v0.4.1 (<cargo-registry>\index.crates.io-1949cf8c6b5b557f\heck-0.4.1) to <temp>/ipfs-s3-client-smoke-20260813t004313386z-27684-43ff5656\vendor\heck-0.4.1
   Vendoring heck v0.5.0 (<cargo-registry>\index.crates.io-1949cf8c6b5b557f\heck-0.5.0) to <temp>/ipfs-s3-client-smoke-20260813t004313386z-27684-43ff5656\vendor\heck
   Vendoring hermit-abi v0.5.2 (<cargo-registry>\index.crates.io-1949cf8c6b5b557f\hermit-abi-0.5.2) to <temp>/ipfs-s3-client-smoke-20260813t004313386z-27684-43ff5656\vendor\hermit-abi
   Vendoring hex v0.4.3 (<cargo-registry>\index.crates.io-1949cf8c6b5b557f\hex-0.4.3) to <temp>/ipfs-s3-client-smoke-20260813t004313386z-27684-43ff5656\vendor\hex
   Vendoring hex-simd v0.8.0 (<cargo-registry>\index.crates.io-1949cf8c6b5b557f\hex-simd-0.8.0) to <temp>/ipfs-s3-client-smoke-20260813t004313386z-27684-43ff5656\vendor\hex-simd
   Vendoring hkdf v0.12.4 (<cargo-registry>\index.crates.io-1949cf8c6b5b557f\hkdf-0.12.4) to <temp>/ipfs-s3-client-smoke-20260813t004313386z-27684-43ff5656\vendor\hkdf
   Vendoring hmac v0.12.1 (<cargo-registry>\index.crates.io-1949cf8c6b5b557f\hmac-0.12.1) to <temp>/ipfs-s3-client-smoke-20260813t004313386z-27684-43ff5656\vendor\hmac-0.12.1
   Vendoring hmac v0.13.0 (<cargo-registry>\index.crates.io-1949cf8c6b5b557f\hmac-0.13.0) to <temp>/ipfs-s3-client-smoke-20260813t004313386z-27684-43ff5656\vendor\hmac
   Vendoring home v0.5.12 (<cargo-registry>\index.crates.io-1949cf8c6b5b557f\home-0.5.12) to <temp>/ipfs-s3-client-smoke-20260813t004313386z-27684-43ff5656\vendor\home
   Vendoring http v1.4.2 (<cargo-registry>\index.crates.io-1949cf8c6b5b557f\http-1.4.2) to <temp>/ipfs-s3-client-smoke-20260813t004313386z-27684-43ff5656\vendor\http
   Vendoring http-body v1.0.1 (<cargo-registry>\index.crates.io-1949cf8c6b5b557f\http-body-1.0.1) to <temp>/ipfs-s3-client-smoke-20260813t004313386z-27684-43ff5656\vendor\http-body
   Vendoring http-body-util v0.1.3 (<cargo-registry>\index.crates.io-1949cf8c6b5b557f\http-body-util-0.1.3) to <temp>/ipfs-s3-client-smoke-20260813t004313386z-27684-43ff5656\vendor\http-body-util
   Vendoring httparse v1.10.1 (<cargo-registry>\index.crates.io-1949cf8c6b5b557f\httparse-1.10.1) to <temp>/ipfs-s3-client-smoke-20260813t004313386z-27684-43ff5656\vendor\httparse
   Vendoring httpdate v1.0.3 (<cargo-registry>\index.crates.io-1949cf8c6b5b557f\httpdate-1.0.3) to <temp>/ipfs-s3-client-smoke-20260813t004313386z-27684-43ff5656\vendor\httpdate
   Vendoring hybrid-array v0.4.13 (<cargo-registry>\index.crates.io-1949cf8c6b5b557f\hybrid-array-0.4.13) to <temp>/ipfs-s3-client-smoke-20260813t004313386z-27684-43ff5656\vendor\hybrid-array
   Vendoring hyper v1.10.1 (<cargo-registry>\index.crates.io-1949cf8c6b5b557f\hyper-1.10.1) to <temp>/ipfs-s3-client-smoke-20260813t004313386z-27684-43ff5656\vendor\hyper
   Vendoring hyper-rustls v0.27.9 (<cargo-registry>\index.crates.io-1949cf8c6b5b557f\hyper-rustls-0.27.9) to <temp>/ipfs-s3-client-smoke-20260813t004313386z-27684-43ff5656\vendor\hyper-rustls
   Vendoring hyper-util v0.1.20 (<cargo-registry>\index.crates.io-1949cf8c6b5b557f\hyper-util-0.1.20) to <temp>/ipfs-s3-client-smoke-20260813t004313386z-27684-43ff5656\vendor\hyper-util
   Vendoring iana-time-zone v0.1.65 (<cargo-registry>\index.crates.io-1949cf8c6b5b557f\iana-time-zone-0.1.65) to <temp>/ipfs-s3-client-smoke-20260813t004313386z-27684-43ff5656\vendor\iana-time-zone
   Vendoring iana-time-zone-haiku v0.1.2 (<cargo-registry>\index.crates.io-1949cf8c6b5b557f\iana-time-zone-haiku-0.1.2) to <temp>/ipfs-s3-client-smoke-20260813t004313386z-27684-43ff5656\vendor\iana-time-zone-haiku
   Vendoring icu_collections v2.2.0 (<cargo-registry>\index.crates.io-1949cf8c6b5b557f\icu_collections-2.2.0) to <temp>/ipfs-s3-client-smoke-20260813t004313386z-27684-43ff5656\vendor\icu_collections
   Vendoring icu_locale_core v2.2.0 (<cargo-registry>\index.crates.io-1949cf8c6b5b557f\icu_locale_core-2.2.0) to <temp>/ipfs-s3-client-smoke-20260813t004313386z-27684-43ff5656\vendor\icu_locale_core
   Vendoring icu_normalizer v2.2.0 (<cargo-registry>\index.crates.io-1949cf8c6b5b557f\icu_normalizer-2.2.0) to <temp>/ipfs-s3-client-smoke-20260813t004313386z-27684-43ff5656\vendor\icu_normalizer
   Vendoring icu_normalizer_data v2.2.0 (<cargo-registry>\index.crates.io-1949cf8c6b5b557f\icu_normalizer_data-2.2.0) to <temp>/ipfs-s3-client-smoke-20260813t004313386z-27684-43ff5656\vendor\icu_normalizer_data
   Vendoring icu_properties v2.2.0 (<cargo-registry>\index.crates.io-1949cf8c6b5b557f\icu_properties-2.2.0) to <temp>/ipfs-s3-client-smoke-20260813t004313386z-27684-43ff5656\vendor\icu_properties
   Vendoring icu_properties_data v2.2.0 (<cargo-registry>\index.crates.io-1949cf8c6b5b557f\icu_properties_data-2.2.0) to <temp>/ipfs-s3-client-smoke-20260813t004313386z-27684-43ff5656\vendor\icu_properties_data
   Vendoring icu_provider v2.2.0 (<cargo-registry>\index.crates.io-1949cf8c6b5b557f\icu_provider-2.2.0) to <temp>/ipfs-s3-client-smoke-20260813t004313386z-27684-43ff5656\vendor\icu_provider
   Vendoring ident_case v1.0.1 (<cargo-registry>\index.crates.io-1949cf8c6b5b557f\ident_case-1.0.1) to <temp>/ipfs-s3-client-smoke-20260813t004313386z-27684-43ff5656\vendor\ident_case
   Vendoring idna v1.1.0 (<cargo-registry>\index.crates.io-1949cf8c6b5b557f\idna-1.1.0) to <temp>/ipfs-s3-client-smoke-20260813t004313386z-27684-43ff5656\vendor\idna
   Vendoring idna_adapter v1.2.2 (<cargo-registry>\index.crates.io-1949cf8c6b5b557f\idna_adapter-1.2.2) to <temp>/ipfs-s3-client-smoke-20260813t004313386z-27684-43ff5656\vendor\idna_adapter
   Vendoring indexmap v2.14.0 (<cargo-registry>\index.crates.io-1949cf8c6b5b557f\indexmap-2.14.0) to <temp>/ipfs-s3-client-smoke-20260813t004313386z-27684-43ff5656\vendor\indexmap
   Vendoring inherent v1.0.13 (<cargo-registry>\index.crates.io-1949cf8c6b5b557f\inherent-1.0.13) to <temp>/ipfs-s3-client-smoke-20260813t004313386z-27684-43ff5656\vendor\inherent
   Vendoring inout v0.2.2 (<cargo-registry>\index.crates.io-1949cf8c6b5b557f\inout-0.2.2) to <temp>/ipfs-s3-client-smoke-20260813t004313386z-27684-43ff5656\vendor\inout
   Vendoring ipnet v2.12.0 (<cargo-registry>\index.crates.io-1949cf8c6b5b557f\ipnet-2.12.0) to <temp>/ipfs-s3-client-smoke-20260813t004313386z-27684-43ff5656\vendor\ipnet
   Vendoring is_terminal_polyfill v1.70.2 (<cargo-registry>\index.crates.io-1949cf8c6b5b557f\is_terminal_polyfill-1.70.2) to <temp>/ipfs-s3-client-smoke-20260813t004313386z-27684-43ff5656\vendor\is_terminal_polyfill
   Vendoring itoa v1.0.18 (<cargo-registry>\index.crates.io-1949cf8c6b5b557f\itoa-1.0.18) to <temp>/ipfs-s3-client-smoke-20260813t004313386z-27684-43ff5656\vendor\itoa
   Vendoring jni v0.22.4 (<cargo-registry>\index.crates.io-1949cf8c6b5b557f\jni-0.22.4) to <temp>/ipfs-s3-client-smoke-20260813t004313386z-27684-43ff5656\vendor\jni
   Vendoring jni-macros v0.22.4 (<cargo-registry>\index.crates.io-1949cf8c6b5b557f\jni-macros-0.22.4) to <temp>/ipfs-s3-client-smoke-20260813t004313386z-27684-43ff5656\vendor\jni-macros
   Vendoring jni-sys v0.4.1 (<cargo-registry>\index.crates.io-1949cf8c6b5b557f\jni-sys-0.4.1) to <temp>/ipfs-s3-client-smoke-20260813t004313386z-27684-43ff5656\vendor\jni-sys
   Vendoring jni-sys-macros v0.4.1 (<cargo-registry>\index.crates.io-1949cf8c6b5b557f\jni-sys-macros-0.4.1) to <temp>/ipfs-s3-client-smoke-20260813t004313386z-27684-43ff5656\vendor\jni-sys-macros
   Vendoring jobserver v0.1.34 (<cargo-registry>\index.crates.io-1949cf8c6b5b557f\jobserver-0.1.34) to <temp>/ipfs-s3-client-smoke-20260813t004313386z-27684-43ff5656\vendor\jobserver
   Vendoring js-sys v0.3.103 (<cargo-registry>\index.crates.io-1949cf8c6b5b557f\js-sys-0.3.103) to <temp>/ipfs-s3-client-smoke-20260813t004313386z-27684-43ff5656\vendor\js-sys
   Vendoring lazy_static v1.5.0 (<cargo-registry>\index.crates.io-1949cf8c6b5b557f\lazy_static-1.5.0) to <temp>/ipfs-s3-client-smoke-20260813t004313386z-27684-43ff5656\vendor\lazy_static
   Vendoring libc v0.2.186 (<cargo-registry>\index.crates.io-1949cf8c6b5b557f\libc-0.2.186) to <temp>/ipfs-s3-client-smoke-20260813t004313386z-27684-43ff5656\vendor\libc
   Vendoring libm v0.2.16 (<cargo-registry>\index.crates.io-1949cf8c6b5b557f\libm-0.2.16) to <temp>/ipfs-s3-client-smoke-20260813t004313386z-27684-43ff5656\vendor\libm
   Vendoring libredox v0.1.18 (<cargo-registry>\index.crates.io-1949cf8c6b5b557f\libredox-0.1.18) to <temp>/ipfs-s3-client-smoke-20260813t004313386z-27684-43ff5656\vendor\libredox
   Vendoring libsqlite3-sys v0.30.1 (<cargo-registry>\index.crates.io-1949cf8c6b5b557f\libsqlite3-sys-0.30.1) to <temp>/ipfs-s3-client-smoke-20260813t004313386z-27684-43ff5656\vendor\libsqlite3-sys
   Vendoring linux-raw-sys v0.12.1 (<cargo-registry>\index.crates.io-1949cf8c6b5b557f\linux-raw-sys-0.12.1) to <temp>/ipfs-s3-client-smoke-20260813t004313386z-27684-43ff5656\vendor\linux-raw-sys
   Vendoring litemap v0.8.2 (<cargo-registry>\index.crates.io-1949cf8c6b5b557f\litemap-0.8.2) to <temp>/ipfs-s3-client-smoke-20260813t004313386z-27684-43ff5656\vendor\litemap
   Vendoring lock_api v0.4.14 (<cargo-registry>\index.crates.io-1949cf8c6b5b557f\lock_api-0.4.14) to <temp>/ipfs-s3-client-smoke-20260813t004313386z-27684-43ff5656\vendor\lock_api
   Vendoring log v0.4.33 (<cargo-registry>\index.crates.io-1949cf8c6b5b557f\log-0.4.33) to <temp>/ipfs-s3-client-smoke-20260813t004313386z-27684-43ff5656\vendor\log
   Vendoring lru-slab v0.1.2 (<cargo-registry>\index.crates.io-1949cf8c6b5b557f\lru-slab-0.1.2) to <temp>/ipfs-s3-client-smoke-20260813t004313386z-27684-43ff5656\vendor\lru-slab
   Vendoring mac_address v1.1.8 (<cargo-registry>\index.crates.io-1949cf8c6b5b557f\mac_address-1.1.8) to <temp>/ipfs-s3-client-smoke-20260813t004313386z-27684-43ff5656\vendor\mac_address
   Vendoring match-lookup v0.1.2 (<cargo-registry>\index.crates.io-1949cf8c6b5b557f\match-lookup-0.1.2) to <temp>/ipfs-s3-client-smoke-20260813t004313386z-27684-43ff5656\vendor\match-lookup
   Vendoring matchers v0.2.0 (<cargo-registry>\index.crates.io-1949cf8c6b5b557f\matchers-0.2.0) to <temp>/ipfs-s3-client-smoke-20260813t004313386z-27684-43ff5656\vendor\matchers
   Vendoring matchit v0.8.4 (<cargo-registry>\index.crates.io-1949cf8c6b5b557f\matchit-0.8.4) to <temp>/ipfs-s3-client-smoke-20260813t004313386z-27684-43ff5656\vendor\matchit
   Vendoring maybe-async v0.2.11 (<cargo-registry>\index.crates.io-1949cf8c6b5b557f\maybe-async-0.2.11) to <temp>/ipfs-s3-client-smoke-20260813t004313386z-27684-43ff5656\vendor\maybe-async
   Vendoring md-5 v0.10.6 (<cargo-registry>\index.crates.io-1949cf8c6b5b557f\md-5-0.10.6) to <temp>/ipfs-s3-client-smoke-20260813t004313386z-27684-43ff5656\vendor\md-5-0.10.6
   Vendoring md-5 v0.11.0 (<cargo-registry>\index.crates.io-1949cf8c6b5b557f\md-5-0.11.0) to <temp>/ipfs-s3-client-smoke-20260813t004313386z-27684-43ff5656\vendor\md-5
   Vendoring md5 v0.8.0 (<cargo-registry>\index.crates.io-1949cf8c6b5b557f\md5-0.8.0) to <temp>/ipfs-s3-client-smoke-20260813t004313386z-27684-43ff5656\vendor\md5
   Vendoring memchr v2.8.2 (<cargo-registry>\index.crates.io-1949cf8c6b5b557f\memchr-2.8.2) to <temp>/ipfs-s3-client-smoke-20260813t004313386z-27684-43ff5656\vendor\memchr
   Vendoring memoffset v0.9.1 (<cargo-registry>\index.crates.io-1949cf8c6b5b557f\memoffset-0.9.1) to <temp>/ipfs-s3-client-smoke-20260813t004313386z-27684-43ff5656\vendor\memoffset
   Vendoring mime v0.3.17 (<cargo-registry>\index.crates.io-1949cf8c6b5b557f\mime-0.3.17) to <temp>/ipfs-s3-client-smoke-20260813t004313386z-27684-43ff5656\vendor\mime
   Vendoring mime_guess v2.0.5 (<cargo-registry>\index.crates.io-1949cf8c6b5b557f\mime_guess-2.0.5) to <temp>/ipfs-s3-client-smoke-20260813t004313386z-27684-43ff5656\vendor\mime_guess
   Vendoring minimal-lexical v0.2.1 (<cargo-registry>\index.crates.io-1949cf8c6b5b557f\minimal-lexical-0.2.1) to <temp>/ipfs-s3-client-smoke-20260813t004313386z-27684-43ff5656\vendor\minimal-lexical
   Vendoring miniz_oxide v0.8.9 (<cargo-registry>\index.crates.io-1949cf8c6b5b557f\miniz_oxide-0.8.9) to <temp>/ipfs-s3-client-smoke-20260813t004313386z-27684-43ff5656\vendor\miniz_oxide
   Vendoring mio v1.2.1 (<cargo-registry>\index.crates.io-1949cf8c6b5b557f\mio-1.2.1) to <temp>/ipfs-s3-client-smoke-20260813t004313386z-27684-43ff5656\vendor\mio
   Vendoring multibase v0.9.3 (<cargo-registry>\index.crates.io-1949cf8c6b5b557f\multibase-0.9.3) to <temp>/ipfs-s3-client-smoke-20260813t004313386z-27684-43ff5656\vendor\multibase
   Vendoring multihash v0.19.5 (<cargo-registry>\index.crates.io-1949cf8c6b5b557f\multihash-0.19.5) to <temp>/ipfs-s3-client-smoke-20260813t004313386z-27684-43ff5656\vendor\multihash
   Vendoring nix v0.29.0 (<cargo-registry>\index.crates.io-1949cf8c6b5b557f\nix-0.29.0) to <temp>/ipfs-s3-client-smoke-20260813t004313386z-27684-43ff5656\vendor\nix
   Vendoring nom v7.1.3 (<cargo-registry>\index.crates.io-1949cf8c6b5b557f\nom-7.1.3) to <temp>/ipfs-s3-client-smoke-20260813t004313386z-27684-43ff5656\vendor\nom-7.1.3
   Vendoring nom v8.0.0 (<cargo-registry>\index.crates.io-1949cf8c6b5b557f\nom-8.0.0) to <temp>/ipfs-s3-client-smoke-20260813t004313386z-27684-43ff5656\vendor\nom
   Vendoring ntapi v0.4.3 (<cargo-registry>\index.crates.io-1949cf8c6b5b557f\ntapi-0.4.3) to <temp>/ipfs-s3-client-smoke-20260813t004313386z-27684-43ff5656\vendor\ntapi
   Vendoring nu-ansi-term v0.50.3 (<cargo-registry>\index.crates.io-1949cf8c6b5b557f\nu-ansi-term-0.50.3) to <temp>/ipfs-s3-client-smoke-20260813t004313386z-27684-43ff5656\vendor\nu-ansi-term
   Vendoring num-bigint v0.4.7 (<cargo-registry>\index.crates.io-1949cf8c6b5b557f\num-bigint-0.4.7) to <temp>/ipfs-s3-client-smoke-20260813t004313386z-27684-43ff5656\vendor\num-bigint
   Vendoring num-bigint-dig v0.8.6 (<cargo-registry>\index.crates.io-1949cf8c6b5b557f\num-bigint-dig-0.8.6) to <temp>/ipfs-s3-client-smoke-20260813t004313386z-27684-43ff5656\vendor\num-bigint-dig
   Vendoring num-conv v0.2.2 (<cargo-registry>\index.crates.io-1949cf8c6b5b557f\num-conv-0.2.2) to <temp>/ipfs-s3-client-smoke-20260813t004313386z-27684-43ff5656\vendor\num-conv
   Vendoring num-integer v0.1.46 (<cargo-registry>\index.crates.io-1949cf8c6b5b557f\num-integer-0.1.46) to <temp>/ipfs-s3-client-smoke-20260813t004313386z-27684-43ff5656\vendor\num-integer
   Vendoring num-iter v0.1.45 (<cargo-registry>\index.crates.io-1949cf8c6b5b557f\num-iter-0.1.45) to <temp>/ipfs-s3-client-smoke-20260813t004313386z-27684-43ff5656\vendor\num-iter
   Vendoring num-traits v0.2.19 (<cargo-registry>\index.crates.io-1949cf8c6b5b557f\num-traits-0.2.19) to <temp>/ipfs-s3-client-smoke-20260813t004313386z-27684-43ff5656\vendor\num-traits
   Vendoring num_cpus v1.17.0 (<cargo-registry>\index.crates.io-1949cf8c6b5b557f\num_cpus-1.17.0) to <temp>/ipfs-s3-client-smoke-20260813t004313386z-27684-43ff5656\vendor\num_cpus
   Vendoring numeric_cast v0.3.0 (<cargo-registry>\index.crates.io-1949cf8c6b5b557f\numeric_cast-0.3.0) to <temp>/ipfs-s3-client-smoke-20260813t004313386z-27684-43ff5656\vendor\numeric_cast
   Vendoring objc2-core-foundation v0.3.2 (<cargo-registry>\index.crates.io-1949cf8c6b5b557f\objc2-core-foundation-0.3.2) to <temp>/ipfs-s3-client-smoke-20260813t004313386z-27684-43ff5656\vendor\objc2-core-foundation
   Vendoring objc2-io-kit v0.3.2 (<cargo-registry>\index.crates.io-1949cf8c6b5b557f\objc2-io-kit-0.3.2) to <temp>/ipfs-s3-client-smoke-20260813t004313386z-27684-43ff5656\vendor\objc2-io-kit
   Vendoring oid-registry v0.8.1 (<cargo-registry>\index.crates.io-1949cf8c6b5b557f\oid-registry-0.8.1) to <temp>/ipfs-s3-client-smoke-20260813t004313386z-27684-43ff5656\vendor\oid-registry
   Vendoring once_cell v1.21.4 (<cargo-registry>\index.crates.io-1949cf8c6b5b557f\once_cell-1.21.4) to <temp>/ipfs-s3-client-smoke-20260813t004313386z-27684-43ff5656\vendor\once_cell
   Vendoring once_cell_polyfill v1.70.2 (<cargo-registry>\index.crates.io-1949cf8c6b5b557f\once_cell_polyfill-1.70.2) to <temp>/ipfs-s3-client-smoke-20260813t004313386z-27684-43ff5656\vendor\once_cell_polyfill
   Vendoring openssl-probe v0.2.1 (<cargo-registry>\index.crates.io-1949cf8c6b5b557f\openssl-probe-0.2.1) to <temp>/ipfs-s3-client-smoke-20260813t004313386z-27684-43ff5656\vendor\openssl-probe
   Vendoring ordered-float v4.6.0 (<cargo-registry>\index.crates.io-1949cf8c6b5b557f\ordered-float-4.6.0) to <temp>/ipfs-s3-client-smoke-20260813t004313386z-27684-43ff5656\vendor\ordered-float
   Vendoring ordered-multimap v0.7.3 (<cargo-registry>\index.crates.io-1949cf8c6b5b557f\ordered-multimap-0.7.3) to <temp>/ipfs-s3-client-smoke-20260813t004313386z-27684-43ff5656\vendor\ordered-multimap
   Vendoring ouroboros v0.18.5 (<cargo-registry>\index.crates.io-1949cf8c6b5b557f\ouroboros-0.18.5) to <temp>/ipfs-s3-client-smoke-20260813t004313386z-27684-43ff5656\vendor\ouroboros
   Vendoring ouroboros_macro v0.18.5 (<cargo-registry>\index.crates.io-1949cf8c6b5b557f\ouroboros_macro-0.18.5) to <temp>/ipfs-s3-client-smoke-20260813t004313386z-27684-43ff5656\vendor\ouroboros_macro
   Vendoring outref v0.5.2 (<cargo-registry>\index.crates.io-1949cf8c6b5b557f\outref-0.5.2) to <temp>/ipfs-s3-client-smoke-20260813t004313386z-27684-43ff5656\vendor\outref
   Vendoring parking v2.2.1 (<cargo-registry>\index.crates.io-1949cf8c6b5b557f\parking-2.2.1) to <temp>/ipfs-s3-client-smoke-20260813t004313386z-27684-43ff5656\vendor\parking
   Vendoring parking_lot v0.12.5 (<cargo-registry>\index.crates.io-1949cf8c6b5b557f\parking_lot-0.12.5) to <temp>/ipfs-s3-client-smoke-20260813t004313386z-27684-43ff5656\vendor\parking_lot
   Vendoring parking_lot_core v0.9.12 (<cargo-registry>\index.crates.io-1949cf8c6b5b557f\parking_lot_core-0.9.12) to <temp>/ipfs-s3-client-smoke-20260813t004313386z-27684-43ff5656\vendor\parking_lot_core
   Vendoring pem v3.0.6 (<cargo-registry>\index.crates.io-1949cf8c6b5b557f\pem-3.0.6) to <temp>/ipfs-s3-client-smoke-20260813t004313386z-27684-43ff5656\vendor\pem
   Vendoring pem-rfc7468 v0.7.0 (<cargo-registry>\index.crates.io-1949cf8c6b5b557f\pem-rfc7468-0.7.0) to <temp>/ipfs-s3-client-smoke-20260813t004313386z-27684-43ff5656\vendor\pem-rfc7468
   Vendoring percent-encoding v2.3.2 (<cargo-registry>\index.crates.io-1949cf8c6b5b557f\percent-encoding-2.3.2) to <temp>/ipfs-s3-client-smoke-20260813t004313386z-27684-43ff5656\vendor\percent-encoding
   Vendoring pgvector v0.4.2 (<cargo-registry>\index.crates.io-1949cf8c6b5b557f\pgvector-0.4.2) to <temp>/ipfs-s3-client-smoke-20260813t004313386z-27684-43ff5656\vendor\pgvector
   Vendoring pin-project v1.1.13 (<cargo-registry>\index.crates.io-1949cf8c6b5b557f\pin-project-1.1.13) to <temp>/ipfs-s3-client-smoke-20260813t004313386z-27684-43ff5656\vendor\pin-project
   Vendoring pin-project-internal v1.1.13 (<cargo-registry>\index.crates.io-1949cf8c6b5b557f\pin-project-internal-1.1.13) to <temp>/ipfs-s3-client-smoke-20260813t004313386z-27684-43ff5656\vendor\pin-project-internal
   Vendoring pin-project-lite v0.2.17 (<cargo-registry>\index.crates.io-1949cf8c6b5b557f\pin-project-lite-0.2.17) to <temp>/ipfs-s3-client-smoke-20260813t004313386z-27684-43ff5656\vendor\pin-project-lite
   Vendoring pkcs1 v0.7.5 (<cargo-registry>\index.crates.io-1949cf8c6b5b557f\pkcs1-0.7.5) to <temp>/ipfs-s3-client-smoke-20260813t004313386z-27684-43ff5656\vendor\pkcs1
   Vendoring pkcs8 v0.10.2 (<cargo-registry>\index.crates.io-1949cf8c6b5b557f\pkcs8-0.10.2) to <temp>/ipfs-s3-client-smoke-20260813t004313386z-27684-43ff5656\vendor\pkcs8
   Vendoring pkg-config v0.3.33 (<cargo-registry>\index.crates.io-1949cf8c6b5b557f\pkg-config-0.3.33) to <temp>/ipfs-s3-client-smoke-20260813t004313386z-27684-43ff5656\vendor\pkg-config
   Vendoring plain v0.2.3 (<cargo-registry>\index.crates.io-1949cf8c6b5b557f\plain-0.2.3) to <temp>/ipfs-s3-client-smoke-20260813t004313386z-27684-43ff5656\vendor\plain
   Vendoring polyval v0.7.1 (<cargo-registry>\index.crates.io-1949cf8c6b5b557f\polyval-0.7.1) to <temp>/ipfs-s3-client-smoke-20260813t004313386z-27684-43ff5656\vendor\polyval
   Vendoring potential_utf v0.1.5 (<cargo-registry>\index.crates.io-1949cf8c6b5b557f\potential_utf-0.1.5) to <temp>/ipfs-s3-client-smoke-20260813t004313386z-27684-43ff5656\vendor\potential_utf
   Vendoring powerfmt v0.2.0 (<cargo-registry>\index.crates.io-1949cf8c6b5b557f\powerfmt-0.2.0) to <temp>/ipfs-s3-client-smoke-20260813t004313386z-27684-43ff5656\vendor\powerfmt
   Vendoring ppv-lite86 v0.2.21 (<cargo-registry>\index.crates.io-1949cf8c6b5b557f\ppv-lite86-0.2.21) to <temp>/ipfs-s3-client-smoke-20260813t004313386z-27684-43ff5656\vendor\ppv-lite86
   Vendoring proc-macro-crate v3.5.0 (<cargo-registry>\index.crates.io-1949cf8c6b5b557f\proc-macro-crate-3.5.0) to <temp>/ipfs-s3-client-smoke-20260813t004313386z-27684-43ff5656\vendor\proc-macro-crate
   Vendoring proc-macro-error-attr2 v2.0.0 (<cargo-registry>\index.crates.io-1949cf8c6b5b557f\proc-macro-error-attr2-2.0.0) to <temp>/ipfs-s3-client-smoke-20260813t004313386z-27684-43ff5656\vendor\proc-macro-error-attr2
   Vendoring proc-macro-error2 v2.0.1 (<cargo-registry>\index.crates.io-1949cf8c6b5b557f\proc-macro-error2-2.0.1) to <temp>/ipfs-s3-client-smoke-20260813t004313386z-27684-43ff5656\vendor\proc-macro-error2
   Vendoring proc-macro2 v1.0.106 (<cargo-registry>\index.crates.io-1949cf8c6b5b557f\proc-macro2-1.0.106) to <temp>/ipfs-s3-client-smoke-20260813t004313386z-27684-43ff5656\vendor\proc-macro2
   Vendoring proc-macro2-diagnostics v0.10.1 (<cargo-registry>\index.crates.io-1949cf8c6b5b557f\proc-macro2-diagnostics-0.10.1) to <temp>/ipfs-s3-client-smoke-20260813t004313386z-27684-43ff5656\vendor\proc-macro2-diagnostics
   Vendoring ptr_meta v0.1.4 (<cargo-registry>\index.crates.io-1949cf8c6b5b557f\ptr_meta-0.1.4) to <temp>/ipfs-s3-client-smoke-20260813t004313386z-27684-43ff5656\vendor\ptr_meta
   Vendoring ptr_meta_derive v0.1.4 (<cargo-registry>\index.crates.io-1949cf8c6b5b557f\ptr_meta_derive-0.1.4) to <temp>/ipfs-s3-client-smoke-20260813t004313386z-27684-43ff5656\vendor\ptr_meta_derive
   Vendoring quick-xml v0.38.4 (<cargo-registry>\index.crates.io-1949cf8c6b5b557f\quick-xml-0.38.4) to <temp>/ipfs-s3-client-smoke-20260813t004313386z-27684-43ff5656\vendor\quick-xml-0.38.4
   Vendoring quick-xml v0.40.1 (<cargo-registry>\index.crates.io-1949cf8c6b5b557f\quick-xml-0.40.1) to <temp>/ipfs-s3-client-smoke-20260813t004313386z-27684-43ff5656\vendor\quick-xml-0.40.1
   Vendoring quick-xml v0.41.0 (<cargo-registry>\index.crates.io-1949cf8c6b5b557f\quick-xml-0.41.0) to <temp>/ipfs-s3-client-smoke-20260813t004313386z-27684-43ff5656\vendor\quick-xml
   Vendoring quinn v0.11.11 (<cargo-registry>\index.crates.io-1949cf8c6b5b557f\quinn-0.11.11) to <temp>/ipfs-s3-client-smoke-20260813t004313386z-27684-43ff5656\vendor\quinn
   Vendoring quinn-proto v0.11.15 (<cargo-registry>\index.crates.io-1949cf8c6b5b557f\quinn-proto-0.11.15) to <temp>/ipfs-s3-client-smoke-20260813t004313386z-27684-43ff5656\vendor\quinn-proto
   Vendoring quinn-udp v0.5.14 (<cargo-registry>\index.crates.io-1949cf8c6b5b557f\quinn-udp-0.5.14) to <temp>/ipfs-s3-client-smoke-20260813t004313386z-27684-43ff5656\vendor\quinn-udp
   Vendoring quote v1.0.46 (<cargo-registry>\index.crates.io-1949cf8c6b5b557f\quote-1.0.46) to <temp>/ipfs-s3-client-smoke-20260813t004313386z-27684-43ff5656\vendor\quote
   Vendoring r-efi v5.3.0 (<cargo-registry>\index.crates.io-1949cf8c6b5b557f\r-efi-5.3.0) to <temp>/ipfs-s3-client-smoke-20260813t004313386z-27684-43ff5656\vendor\r-efi-5.3.0
   Vendoring r-efi v6.0.0 (<cargo-registry>\index.crates.io-1949cf8c6b5b557f\r-efi-6.0.0) to <temp>/ipfs-s3-client-smoke-20260813t004313386z-27684-43ff5656\vendor\r-efi
   Vendoring radium v0.7.0 (<cargo-registry>\index.crates.io-1949cf8c6b5b557f\radium-0.7.0) to <temp>/ipfs-s3-client-smoke-20260813t004313386z-27684-43ff5656\vendor\radium
   Vendoring rand v0.8.6 (<cargo-registry>\index.crates.io-1949cf8c6b5b557f\rand-0.8.6) to <temp>/ipfs-s3-client-smoke-20260813t004313386z-27684-43ff5656\vendor\rand-0.8.6
   Vendoring rand v0.9.4 (<cargo-registry>\index.crates.io-1949cf8c6b5b557f\rand-0.9.4) to <temp>/ipfs-s3-client-smoke-20260813t004313386z-27684-43ff5656\vendor\rand-0.9.4
   Vendoring rand v0.10.2 (<cargo-registry>\index.crates.io-1949cf8c6b5b557f\rand-0.10.2) to <temp>/ipfs-s3-client-smoke-20260813t004313386z-27684-43ff5656\vendor\rand
   Vendoring rand_chacha v0.3.1 (<cargo-registry>\index.crates.io-1949cf8c6b5b557f\rand_chacha-0.3.1) to <temp>/ipfs-s3-client-smoke-20260813t004313386z-27684-43ff5656\vendor\rand_chacha-0.3.1
   Vendoring rand_chacha v0.9.0 (<cargo-registry>\index.crates.io-1949cf8c6b5b557f\rand_chacha-0.9.0) to <temp>/ipfs-s3-client-smoke-20260813t004313386z-27684-43ff5656\vendor\rand_chacha
   Vendoring rand_core v0.6.4 (<cargo-registry>\index.crates.io-1949cf8c6b5b557f\rand_core-0.6.4) to <temp>/ipfs-s3-client-smoke-20260813t004313386z-27684-43ff5656\vendor\rand_core-0.6.4
   Vendoring rand_core v0.9.5 (<cargo-registry>\index.crates.io-1949cf8c6b5b557f\rand_core-0.9.5) to <temp>/ipfs-s3-client-smoke-20260813t004313386z-27684-43ff5656\vendor\rand_core-0.9.5
   Vendoring rand_core v0.10.1 (<cargo-registry>\index.crates.io-1949cf8c6b5b557f\rand_core-0.10.1) to <temp>/ipfs-s3-client-smoke-20260813t004313386z-27684-43ff5656\vendor\rand_core
   Vendoring rcgen v0.14.8 (<cargo-registry>\index.crates.io-1949cf8c6b5b557f\rcgen-0.14.8) to <temp>/ipfs-s3-client-smoke-20260813t004313386z-27684-43ff5656\vendor\rcgen
   Vendoring redox_syscall v0.5.18 (<cargo-registry>\index.crates.io-1949cf8c6b5b557f\redox_syscall-0.5.18) to <temp>/ipfs-s3-client-smoke-20260813t004313386z-27684-43ff5656\vendor\redox_syscall-0.5.18
   Vendoring redox_syscall v0.9.0 (<cargo-registry>\index.crates.io-1949cf8c6b5b557f\redox_syscall-0.9.0) to <temp>/ipfs-s3-client-smoke-20260813t004313386z-27684-43ff5656\vendor\redox_syscall
   Vendoring regex v1.12.4 (<cargo-registry>\index.crates.io-1949cf8c6b5b557f\regex-1.12.4) to <temp>/ipfs-s3-client-smoke-20260813t004313386z-27684-43ff5656\vendor\regex
   Vendoring regex-automata v0.4.14 (<cargo-registry>\index.crates.io-1949cf8c6b5b557f\regex-automata-0.4.14) to <temp>/ipfs-s3-client-smoke-20260813t004313386z-27684-43ff5656\vendor\regex-automata
   Vendoring regex-syntax v0.8.11 (<cargo-registry>\index.crates.io-1949cf8c6b5b557f\regex-syntax-0.8.11) to <temp>/ipfs-s3-client-smoke-20260813t004313386z-27684-43ff5656\vendor\regex-syntax
   Vendoring rend v0.4.2 (<cargo-registry>\index.crates.io-1949cf8c6b5b557f\rend-0.4.2) to <temp>/ipfs-s3-client-smoke-20260813t004313386z-27684-43ff5656\vendor\rend
   Vendoring reqwest v0.12.28 (<cargo-registry>\index.crates.io-1949cf8c6b5b557f\reqwest-0.12.28) to <temp>/ipfs-s3-client-smoke-20260813t004313386z-27684-43ff5656\vendor\reqwest-0.12.28
   Vendoring reqwest v0.13.4 (<cargo-registry>\index.crates.io-1949cf8c6b5b557f\reqwest-0.13.4) to <temp>/ipfs-s3-client-smoke-20260813t004313386z-27684-43ff5656\vendor\reqwest
   Vendoring ring v0.17.14 (<cargo-registry>\index.crates.io-1949cf8c6b5b557f\ring-0.17.14) to <temp>/ipfs-s3-client-smoke-20260813t004313386z-27684-43ff5656\vendor\ring
   Vendoring rkyv v0.7.46 (<cargo-registry>\index.crates.io-1949cf8c6b5b557f\rkyv-0.7.46) to <temp>/ipfs-s3-client-smoke-20260813t004313386z-27684-43ff5656\vendor\rkyv
   Vendoring rkyv_derive v0.7.46 (<cargo-registry>\index.crates.io-1949cf8c6b5b557f\rkyv_derive-0.7.46) to <temp>/ipfs-s3-client-smoke-20260813t004313386z-27684-43ff5656\vendor\rkyv_derive
   Vendoring rsa v0.9.10 (<cargo-registry>\index.crates.io-1949cf8c6b5b557f\rsa-0.9.10) to <temp>/ipfs-s3-client-smoke-20260813t004313386z-27684-43ff5656\vendor\rsa
   Vendoring rust-ini v0.21.3 (<cargo-registry>\index.crates.io-1949cf8c6b5b557f\rust-ini-0.21.3) to <temp>/ipfs-s3-client-smoke-20260813t004313386z-27684-43ff5656\vendor\rust-ini
   Vendoring rust-s3 v0.37.2 (<cargo-registry>\index.crates.io-1949cf8c6b5b557f\rust-s3-0.37.2) to <temp>/ipfs-s3-client-smoke-20260813t004313386z-27684-43ff5656\vendor\rust-s3
   Vendoring rust_decimal v1.42.1 (<cargo-registry>\index.crates.io-1949cf8c6b5b557f\rust_decimal-1.42.1) to <temp>/ipfs-s3-client-smoke-20260813t004313386z-27684-43ff5656\vendor\rust_decimal
   Vendoring rustc-hash v2.1.3 (<cargo-registry>\index.crates.io-1949cf8c6b5b557f\rustc-hash-2.1.3) to <temp>/ipfs-s3-client-smoke-20260813t004313386z-27684-43ff5656\vendor\rustc-hash
   Vendoring rustc_version v0.4.1 (<cargo-registry>\index.crates.io-1949cf8c6b5b557f\rustc_version-0.4.1) to <temp>/ipfs-s3-client-smoke-20260813t004313386z-27684-43ff5656\vendor\rustc_version
   Vendoring rusticata-macros v4.1.0 (<cargo-registry>\index.crates.io-1949cf8c6b5b557f\rusticata-macros-4.1.0) to <temp>/ipfs-s3-client-smoke-20260813t004313386z-27684-43ff5656\vendor\rusticata-macros
   Vendoring rustix v1.1.4 (<cargo-registry>\index.crates.io-1949cf8c6b5b557f\rustix-1.1.4) to <temp>/ipfs-s3-client-smoke-20260813t004313386z-27684-43ff5656\vendor\rustix
   Vendoring rustls v0.23.41 (<cargo-registry>\index.crates.io-1949cf8c6b5b557f\rustls-0.23.41) to <temp>/ipfs-s3-client-smoke-20260813t004313386z-27684-43ff5656\vendor\rustls
   Vendoring rustls-native-certs v0.8.4 (<cargo-registry>\index.crates.io-1949cf8c6b5b557f\rustls-native-certs-0.8.4) to <temp>/ipfs-s3-client-smoke-20260813t004313386z-27684-43ff5656\vendor\rustls-native-certs
   Vendoring rustls-pki-types v1.15.0 (<cargo-registry>\index.crates.io-1949cf8c6b5b557f\rustls-pki-types-1.15.0) to <temp>/ipfs-s3-client-smoke-20260813t004313386z-27684-43ff5656\vendor\rustls-pki-types
   Vendoring rustls-platform-verifier v0.7.0 (<cargo-registry>\index.crates.io-1949cf8c6b5b557f\rustls-platform-verifier-0.7.0) to <temp>/ipfs-s3-client-smoke-20260813t004313386z-27684-43ff5656\vendor\rustls-platform-verifier
   Vendoring rustls-platform-verifier-android v0.1.1 (<cargo-registry>\index.crates.io-1949cf8c6b5b557f\rustls-platform-verifier-android-0.1.1) to <temp>/ipfs-s3-client-smoke-20260813t004313386z-27684-43ff5656\vendor\rustls-platform-verifier-android
   Vendoring rustls-webpki v0.103.13 (<cargo-registry>\index.crates.io-1949cf8c6b5b557f\rustls-webpki-0.103.13) to <temp>/ipfs-s3-client-smoke-20260813t004313386z-27684-43ff5656\vendor\rustls-webpki
   Vendoring rustversion v1.0.22 (<cargo-registry>\index.crates.io-1949cf8c6b5b557f\rustversion-1.0.22) to <temp>/ipfs-s3-client-smoke-20260813t004313386z-27684-43ff5656\vendor\rustversion
   Vendoring ryu v1.0.23 (<cargo-registry>\index.crates.io-1949cf8c6b5b557f\ryu-1.0.23) to <temp>/ipfs-s3-client-smoke-20260813t004313386z-27684-43ff5656\vendor\ryu
   Vendoring s3s v0.14.0 (<cargo-registry>\index.crates.io-1949cf8c6b5b557f\s3s-0.14.0) to <temp>/ipfs-s3-client-smoke-20260813t004313386z-27684-43ff5656\vendor\s3s
   Vendoring same-file v1.0.6 (<cargo-registry>\index.crates.io-1949cf8c6b5b557f\same-file-1.0.6) to <temp>/ipfs-s3-client-smoke-20260813t004313386z-27684-43ff5656\vendor\same-file
   Vendoring schannel v0.1.29 (<cargo-registry>\index.crates.io-1949cf8c6b5b557f\schannel-0.1.29) to <temp>/ipfs-s3-client-smoke-20260813t004313386z-27684-43ff5656\vendor\schannel
   Vendoring scopeguard v1.2.0 (<cargo-registry>\index.crates.io-1949cf8c6b5b557f\scopeguard-1.2.0) to <temp>/ipfs-s3-client-smoke-20260813t004313386z-27684-43ff5656\vendor\scopeguard
   Vendoring sea-bae v0.2.1 (<cargo-registry>\index.crates.io-1949cf8c6b5b557f\sea-bae-0.2.1) to <temp>/ipfs-s3-client-smoke-20260813t004313386z-27684-43ff5656\vendor\sea-bae
   Vendoring sea-orm v1.1.20 (<cargo-registry>\index.crates.io-1949cf8c6b5b557f\sea-orm-1.1.20) to <temp>/ipfs-s3-client-smoke-20260813t004313386z-27684-43ff5656\vendor\sea-orm
   Vendoring sea-orm-cli v1.1.20 (<cargo-registry>\index.crates.io-1949cf8c6b5b557f\sea-orm-cli-1.1.20) to <temp>/ipfs-s3-client-smoke-20260813t004313386z-27684-43ff5656\vendor\sea-orm-cli
   Vendoring sea-orm-macros v1.1.20 (<cargo-registry>\index.crates.io-1949cf8c6b5b557f\sea-orm-macros-1.1.20) to <temp>/ipfs-s3-client-smoke-20260813t004313386z-27684-43ff5656\vendor\sea-orm-macros
   Vendoring sea-orm-migration v1.1.20 (<cargo-registry>\index.crates.io-1949cf8c6b5b557f\sea-orm-migration-1.1.20) to <temp>/ipfs-s3-client-smoke-20260813t004313386z-27684-43ff5656\vendor\sea-orm-migration
   Vendoring sea-query v0.32.7 (<cargo-registry>\index.crates.io-1949cf8c6b5b557f\sea-query-0.32.7) to <temp>/ipfs-s3-client-smoke-20260813t004313386z-27684-43ff5656\vendor\sea-query
   Vendoring sea-query-binder v0.7.0 (<cargo-registry>\index.crates.io-1949cf8c6b5b557f\sea-query-binder-0.7.0) to <temp>/ipfs-s3-client-smoke-20260813t004313386z-27684-43ff5656\vendor\sea-query-binder
   Vendoring sea-query-derive v0.4.3 (<cargo-registry>\index.crates.io-1949cf8c6b5b557f\sea-query-derive-0.4.3) to <temp>/ipfs-s3-client-smoke-20260813t004313386z-27684-43ff5656\vendor\sea-query-derive
   Vendoring sea-schema v0.16.2 (<cargo-registry>\index.crates.io-1949cf8c6b5b557f\sea-schema-0.16.2) to <temp>/ipfs-s3-client-smoke-20260813t004313386z-27684-43ff5656\vendor\sea-schema
   Vendoring sea-schema-derive v0.3.0 (<cargo-registry>\index.crates.io-1949cf8c6b5b557f\sea-schema-derive-0.3.0) to <temp>/ipfs-s3-client-smoke-20260813t004313386z-27684-43ff5656\vendor\sea-schema-derive
   Vendoring seahash v4.1.0 (<cargo-registry>\index.crates.io-1949cf8c6b5b557f\seahash-4.1.0) to <temp>/ipfs-s3-client-smoke-20260813t004313386z-27684-43ff5656\vendor\seahash
   Vendoring security-framework v3.7.0 (<cargo-registry>\index.crates.io-1949cf8c6b5b557f\security-framework-3.7.0) to <temp>/ipfs-s3-client-smoke-20260813t004313386z-27684-43ff5656\vendor\security-framework
   Vendoring security-framework-sys v2.17.0 (<cargo-registry>\index.crates.io-1949cf8c6b5b557f\security-framework-sys-2.17.0) to <temp>/ipfs-s3-client-smoke-20260813t004313386z-27684-43ff5656\vendor\security-framework-sys
   Vendoring semver v1.0.28 (<cargo-registry>\index.crates.io-1949cf8c6b5b557f\semver-1.0.28) to <temp>/ipfs-s3-client-smoke-20260813t004313386z-27684-43ff5656\vendor\semver
   Vendoring serde v1.0.228 (<cargo-registry>\index.crates.io-1949cf8c6b5b557f\serde-1.0.228) to <temp>/ipfs-s3-client-smoke-20260813t004313386z-27684-43ff5656\vendor\serde
   Vendoring serde_core v1.0.228 (<cargo-registry>\index.crates.io-1949cf8c6b5b557f\serde_core-1.0.228) to <temp>/ipfs-s3-client-smoke-20260813t004313386z-27684-43ff5656\vendor\serde_core
   Vendoring serde_derive v1.0.228 (<cargo-registry>\index.crates.io-1949cf8c6b5b557f\serde_derive-1.0.228) to <temp>/ipfs-s3-client-smoke-20260813t004313386z-27684-43ff5656\vendor\serde_derive
   Vendoring serde_json v1.0.150 (<cargo-registry>\index.crates.io-1949cf8c6b5b557f\serde_json-1.0.150) to <temp>/ipfs-s3-client-smoke-20260813t004313386z-27684-43ff5656\vendor\serde_json
   Vendoring serde_path_to_error v0.1.20 (<cargo-registry>\index.crates.io-1949cf8c6b5b557f\serde_path_to_error-0.1.20) to <temp>/ipfs-s3-client-smoke-20260813t004313386z-27684-43ff5656\vendor\serde_path_to_error
   Vendoring serde_spanned v1.1.1 (<cargo-registry>\index.crates.io-1949cf8c6b5b557f\serde_spanned-1.1.1) to <temp>/ipfs-s3-client-smoke-20260813t004313386z-27684-43ff5656\vendor\serde_spanned
   Vendoring serde_urlencoded v0.7.1 (<cargo-registry>\index.crates.io-1949cf8c6b5b557f\serde_urlencoded-0.7.1) to <temp>/ipfs-s3-client-smoke-20260813t004313386z-27684-43ff5656\vendor\serde_urlencoded
   Vendoring sha1 v0.10.6 (<cargo-registry>\index.crates.io-1949cf8c6b5b557f\sha1-0.10.6) to <temp>/ipfs-s3-client-smoke-20260813t004313386z-27684-43ff5656\vendor\sha1-0.10.6
   Vendoring sha1 v0.11.0 (<cargo-registry>\index.crates.io-1949cf8c6b5b557f\sha1-0.11.0) to <temp>/ipfs-s3-client-smoke-20260813t004313386z-27684-43ff5656\vendor\sha1
   Vendoring sha2 v0.10.9 (<cargo-registry>\index.crates.io-1949cf8c6b5b557f\sha2-0.10.9) to <temp>/ipfs-s3-client-smoke-20260813t004313386z-27684-43ff5656\vendor\sha2-0.10.9
   Vendoring sha2 v0.11.0 (<cargo-registry>\index.crates.io-1949cf8c6b5b557f\sha2-0.11.0) to <temp>/ipfs-s3-client-smoke-20260813t004313386z-27684-43ff5656\vendor\sha2
   Vendoring sharded-slab v0.1.7 (<cargo-registry>\index.crates.io-1949cf8c6b5b557f\sharded-slab-0.1.7) to <temp>/ipfs-s3-client-smoke-20260813t004313386z-27684-43ff5656\vendor\sharded-slab
   Vendoring shlex v2.0.1 (<cargo-registry>\index.crates.io-1949cf8c6b5b557f\shlex-2.0.1) to <temp>/ipfs-s3-client-smoke-20260813t004313386z-27684-43ff5656\vendor\shlex
   Vendoring signal-hook-registry v1.4.8 (<cargo-registry>\index.crates.io-1949cf8c6b5b557f\signal-hook-registry-1.4.8) to <temp>/ipfs-s3-client-smoke-20260813t004313386z-27684-43ff5656\vendor\signal-hook-registry
   Vendoring signature v2.2.0 (<cargo-registry>\index.crates.io-1949cf8c6b5b557f\signature-2.2.0) to <temp>/ipfs-s3-client-smoke-20260813t004313386z-27684-43ff5656\vendor\signature
   Vendoring simd-adler32 v0.3.10 (<cargo-registry>\index.crates.io-1949cf8c6b5b557f\simd-adler32-0.3.10) to <temp>/ipfs-s3-client-smoke-20260813t004313386z-27684-43ff5656\vendor\simd-adler32
   Vendoring simd_cesu8 v1.1.1 (<cargo-registry>\index.crates.io-1949cf8c6b5b557f\simd_cesu8-1.1.1) to <temp>/ipfs-s3-client-smoke-20260813t004313386z-27684-43ff5656\vendor\simd_cesu8
   Vendoring simdutf8 v0.1.5 (<cargo-registry>\index.crates.io-1949cf8c6b5b557f\simdutf8-0.1.5) to <temp>/ipfs-s3-client-smoke-20260813t004313386z-27684-43ff5656\vendor\simdutf8
   Vendoring slab v0.4.12 (<cargo-registry>\index.crates.io-1949cf8c6b5b557f\slab-0.4.12) to <temp>/ipfs-s3-client-smoke-20260813t004313386z-27684-43ff5656\vendor\slab
   Vendoring smallvec v1.15.2 (<cargo-registry>\index.crates.io-1949cf8c6b5b557f\smallvec-1.15.2) to <temp>/ipfs-s3-client-smoke-20260813t004313386z-27684-43ff5656\vendor\smallvec
   Vendoring socket2 v0.6.4 (<cargo-registry>\index.crates.io-1949cf8c6b5b557f\socket2-0.6.4) to <temp>/ipfs-s3-client-smoke-20260813t004313386z-27684-43ff5656\vendor\socket2
   Vendoring spin v0.9.8 (<cargo-registry>\index.crates.io-1949cf8c6b5b557f\spin-0.9.8) to <temp>/ipfs-s3-client-smoke-20260813t004313386z-27684-43ff5656\vendor\spin-0.9.8
   Vendoring spin v0.10.0 (<cargo-registry>\index.crates.io-1949cf8c6b5b557f\spin-0.10.0) to <temp>/ipfs-s3-client-smoke-20260813t004313386z-27684-43ff5656\vendor\spin
   Vendoring spki v0.7.3 (<cargo-registry>\index.crates.io-1949cf8c6b5b557f\spki-0.7.3) to <temp>/ipfs-s3-client-smoke-20260813t004313386z-27684-43ff5656\vendor\spki
   Vendoring sqlx v0.8.6 (<cargo-registry>\index.crates.io-1949cf8c6b5b557f\sqlx-0.8.6) to <temp>/ipfs-s3-client-smoke-20260813t004313386z-27684-43ff5656\vendor\sqlx
   Vendoring sqlx-core v0.8.6 (<cargo-registry>\index.crates.io-1949cf8c6b5b557f\sqlx-core-0.8.6) to <temp>/ipfs-s3-client-smoke-20260813t004313386z-27684-43ff5656\vendor\sqlx-core
   Vendoring sqlx-macros v0.8.6 (<cargo-registry>\index.crates.io-1949cf8c6b5b557f\sqlx-macros-0.8.6) to <temp>/ipfs-s3-client-smoke-20260813t004313386z-27684-43ff5656\vendor\sqlx-macros
   Vendoring sqlx-macros-core v0.8.6 (<cargo-registry>\index.crates.io-1949cf8c6b5b557f\sqlx-macros-core-0.8.6) to <temp>/ipfs-s3-client-smoke-20260813t004313386z-27684-43ff5656\vendor\sqlx-macros-core
   Vendoring sqlx-mysql v0.8.6 (<cargo-registry>\index.crates.io-1949cf8c6b5b557f\sqlx-mysql-0.8.6) to <temp>/ipfs-s3-client-smoke-20260813t004313386z-27684-43ff5656\vendor\sqlx-mysql
   Vendoring sqlx-postgres v0.8.6 (<cargo-registry>\index.crates.io-1949cf8c6b5b557f\sqlx-postgres-0.8.6) to <temp>/ipfs-s3-client-smoke-20260813t004313386z-27684-43ff5656\vendor\sqlx-postgres
   Vendoring sqlx-sqlite v0.8.6 (<cargo-registry>\index.crates.io-1949cf8c6b5b557f\sqlx-sqlite-0.8.6) to <temp>/ipfs-s3-client-smoke-20260813t004313386z-27684-43ff5656\vendor\sqlx-sqlite
   Vendoring stable_deref_trait v1.2.1 (<cargo-registry>\index.crates.io-1949cf8c6b5b557f\stable_deref_trait-1.2.1) to <temp>/ipfs-s3-client-smoke-20260813t004313386z-27684-43ff5656\vendor\stable_deref_trait
   Vendoring static_assertions v1.1.0 (<cargo-registry>\index.crates.io-1949cf8c6b5b557f\static_assertions-1.1.0) to <temp>/ipfs-s3-client-smoke-20260813t004313386z-27684-43ff5656\vendor\static_assertions
   Vendoring std-next v0.1.9 (<cargo-registry>\index.crates.io-1949cf8c6b5b557f\std-next-0.1.9) to <temp>/ipfs-s3-client-smoke-20260813t004313386z-27684-43ff5656\vendor\std-next
   Vendoring stringprep v0.1.5 (<cargo-registry>\index.crates.io-1949cf8c6b5b557f\stringprep-0.1.5) to <temp>/ipfs-s3-client-smoke-20260813t004313386z-27684-43ff5656\vendor\stringprep
   Vendoring strsim v0.11.1 (<cargo-registry>\index.crates.io-1949cf8c6b5b557f\strsim-0.11.1) to <temp>/ipfs-s3-client-smoke-20260813t004313386z-27684-43ff5656\vendor\strsim
   Vendoring strum v0.26.3 (<cargo-registry>\index.crates.io-1949cf8c6b5b557f\strum-0.26.3) to <temp>/ipfs-s3-client-smoke-20260813t004313386z-27684-43ff5656\vendor\strum
   Vendoring subtle v2.6.1 (<cargo-registry>\index.crates.io-1949cf8c6b5b557f\subtle-2.6.1) to <temp>/ipfs-s3-client-smoke-20260813t004313386z-27684-43ff5656\vendor\subtle
   Vendoring syn v1.0.109 (<cargo-registry>\index.crates.io-1949cf8c6b5b557f\syn-1.0.109) to <temp>/ipfs-s3-client-smoke-20260813t004313386z-27684-43ff5656\vendor\syn-1.0.109
   Vendoring syn v2.0.118 (<cargo-registry>\index.crates.io-1949cf8c6b5b557f\syn-2.0.118) to <temp>/ipfs-s3-client-smoke-20260813t004313386z-27684-43ff5656\vendor\syn
   Vendoring sync_wrapper v1.0.2 (<cargo-registry>\index.crates.io-1949cf8c6b5b557f\sync_wrapper-1.0.2) to <temp>/ipfs-s3-client-smoke-20260813t004313386z-27684-43ff5656\vendor\sync_wrapper
   Vendoring synstructure v0.13.2 (<cargo-registry>\index.crates.io-1949cf8c6b5b557f\synstructure-0.13.2) to <temp>/ipfs-s3-client-smoke-20260813t004313386z-27684-43ff5656\vendor\synstructure
   Vendoring sysinfo v0.37.2 (<cargo-registry>\index.crates.io-1949cf8c6b5b557f\sysinfo-0.37.2) to <temp>/ipfs-s3-client-smoke-20260813t004313386z-27684-43ff5656\vendor\sysinfo
   Vendoring system-configuration v0.7.0 (<cargo-registry>\index.crates.io-1949cf8c6b5b557f\system-configuration-0.7.0) to <temp>/ipfs-s3-client-smoke-20260813t004313386z-27684-43ff5656\vendor\system-configuration
   Vendoring system-configuration-sys v0.6.0 (<cargo-registry>\index.crates.io-1949cf8c6b5b557f\system-configuration-sys-0.6.0) to <temp>/ipfs-s3-client-smoke-20260813t004313386z-27684-43ff5656\vendor\system-configuration-sys
   Vendoring tap v1.0.1 (<cargo-registry>\index.crates.io-1949cf8c6b5b557f\tap-1.0.1) to <temp>/ipfs-s3-client-smoke-20260813t004313386z-27684-43ff5656\vendor\tap
   Vendoring tempfile v3.27.0 (<cargo-registry>\index.crates.io-1949cf8c6b5b557f\tempfile-3.27.0) to <temp>/ipfs-s3-client-smoke-20260813t004313386z-27684-43ff5656\vendor\tempfile
   Vendoring thiserror v2.0.18 (<cargo-registry>\index.crates.io-1949cf8c6b5b557f\thiserror-2.0.18) to <temp>/ipfs-s3-client-smoke-20260813t004313386z-27684-43ff5656\vendor\thiserror
   Vendoring thiserror-impl v2.0.18 (<cargo-registry>\index.crates.io-1949cf8c6b5b557f\thiserror-impl-2.0.18) to <temp>/ipfs-s3-client-smoke-20260813t004313386z-27684-43ff5656\vendor\thiserror-impl
   Vendoring thread_local v1.1.9 (<cargo-registry>\index.crates.io-1949cf8c6b5b557f\thread_local-1.1.9) to <temp>/ipfs-s3-client-smoke-20260813t004313386z-27684-43ff5656\vendor\thread_local
   Vendoring time v0.3.53 (<cargo-registry>\index.crates.io-1949cf8c6b5b557f\time-0.3.53) to <temp>/ipfs-s3-client-smoke-20260813t004313386z-27684-43ff5656\vendor\time
   Vendoring time-core v0.1.9 (<cargo-registry>\index.crates.io-1949cf8c6b5b557f\time-core-0.1.9) to <temp>/ipfs-s3-client-smoke-20260813t004313386z-27684-43ff5656\vendor\time-core
   Vendoring time-macros v0.2.31 (<cargo-registry>\index.crates.io-1949cf8c6b5b557f\time-macros-0.2.31) to <temp>/ipfs-s3-client-smoke-20260813t004313386z-27684-43ff5656\vendor\time-macros
   Vendoring tiny-keccak v2.0.2 (<cargo-registry>\index.crates.io-1949cf8c6b5b557f\tiny-keccak-2.0.2) to <temp>/ipfs-s3-client-smoke-20260813t004313386z-27684-43ff5656\vendor\tiny-keccak
   Vendoring tinystr v0.8.3 (<cargo-registry>\index.crates.io-1949cf8c6b5b557f\tinystr-0.8.3) to <temp>/ipfs-s3-client-smoke-20260813t004313386z-27684-43ff5656\vendor\tinystr
   Vendoring tinyvec v1.11.0 (<cargo-registry>\index.crates.io-1949cf8c6b5b557f\tinyvec-1.11.0) to <temp>/ipfs-s3-client-smoke-20260813t004313386z-27684-43ff5656\vendor\tinyvec
   Vendoring tinyvec_macros v0.1.1 (<cargo-registry>\index.crates.io-1949cf8c6b5b557f\tinyvec_macros-0.1.1) to <temp>/ipfs-s3-client-smoke-20260813t004313386z-27684-43ff5656\vendor\tinyvec_macros
   Vendoring tokio v1.52.3 (<cargo-registry>\index.crates.io-1949cf8c6b5b557f\tokio-1.52.3) to <temp>/ipfs-s3-client-smoke-20260813t004313386z-27684-43ff5656\vendor\tokio
   Vendoring tokio-macros v2.7.0 (<cargo-registry>\index.crates.io-1949cf8c6b5b557f\tokio-macros-2.7.0) to <temp>/ipfs-s3-client-smoke-20260813t004313386z-27684-43ff5656\vendor\tokio-macros
   Vendoring tokio-rustls v0.26.4 (<cargo-registry>\index.crates.io-1949cf8c6b5b557f\tokio-rustls-0.26.4) to <temp>/ipfs-s3-client-smoke-20260813t004313386z-27684-43ff5656\vendor\tokio-rustls
   Vendoring tokio-stream v0.1.18 (<cargo-registry>\index.crates.io-1949cf8c6b5b557f\tokio-stream-0.1.18) to <temp>/ipfs-s3-client-smoke-20260813t004313386z-27684-43ff5656\vendor\tokio-stream
   Vendoring tokio-util v0.7.18 (<cargo-registry>\index.crates.io-1949cf8c6b5b557f\tokio-util-0.7.18) to <temp>/ipfs-s3-client-smoke-20260813t004313386z-27684-43ff5656\vendor\tokio-util
   Vendoring toml v1.1.2+spec-1.1.0 (<cargo-registry>\index.crates.io-1949cf8c6b5b557f\toml-1.1.2+spec-1.1.0) to <temp>/ipfs-s3-client-smoke-20260813t004313386z-27684-43ff5656\vendor\toml
   Vendoring toml_datetime v1.1.1+spec-1.1.0 (<cargo-registry>\index.crates.io-1949cf8c6b5b557f\toml_datetime-1.1.1+spec-1.1.0) to <temp>/ipfs-s3-client-smoke-20260813t004313386z-27684-43ff5656\vendor\toml_datetime
   Vendoring toml_edit v0.25.12+spec-1.1.0 (<cargo-registry>\index.crates.io-1949cf8c6b5b557f\toml_edit-0.25.12+spec-1.1.0) to <temp>/ipfs-s3-client-smoke-20260813t004313386z-27684-43ff5656\vendor\toml_edit
   Vendoring toml_parser v1.1.2+spec-1.1.0 (<cargo-registry>\index.crates.io-1949cf8c6b5b557f\toml_parser-1.1.2+spec-1.1.0) to <temp>/ipfs-s3-client-smoke-20260813t004313386z-27684-43ff5656\vendor\toml_parser
   Vendoring toml_writer v1.1.1+spec-1.1.0 (<cargo-registry>\index.crates.io-1949cf8c6b5b557f\toml_writer-1.1.1+spec-1.1.0) to <temp>/ipfs-s3-client-smoke-20260813t004313386z-27684-43ff5656\vendor\toml_writer
   Vendoring tower v0.5.3 (<cargo-registry>\index.crates.io-1949cf8c6b5b557f\tower-0.5.3) to <temp>/ipfs-s3-client-smoke-20260813t004313386z-27684-43ff5656\vendor\tower
   Vendoring tower-http v0.6.11 (<cargo-registry>\index.crates.io-1949cf8c6b5b557f\tower-http-0.6.11) to <temp>/ipfs-s3-client-smoke-20260813t004313386z-27684-43ff5656\vendor\tower-http
   Vendoring tower-layer v0.3.3 (<cargo-registry>\index.crates.io-1949cf8c6b5b557f\tower-layer-0.3.3) to <temp>/ipfs-s3-client-smoke-20260813t004313386z-27684-43ff5656\vendor\tower-layer
   Vendoring tower-service v0.3.3 (<cargo-registry>\index.crates.io-1949cf8c6b5b557f\tower-service-0.3.3) to <temp>/ipfs-s3-client-smoke-20260813t004313386z-27684-43ff5656\vendor\tower-service
   Vendoring tracing v0.1.44 (<cargo-registry>\index.crates.io-1949cf8c6b5b557f\tracing-0.1.44) to <temp>/ipfs-s3-client-smoke-20260813t004313386z-27684-43ff5656\vendor\tracing
   Vendoring tracing-attributes v0.1.31 (<cargo-registry>\index.crates.io-1949cf8c6b5b557f\tracing-attributes-0.1.31) to <temp>/ipfs-s3-client-smoke-20260813t004313386z-27684-43ff5656\vendor\tracing-attributes
   Vendoring tracing-core v0.1.36 (<cargo-registry>\index.crates.io-1949cf8c6b5b557f\tracing-core-0.1.36) to <temp>/ipfs-s3-client-smoke-20260813t004313386z-27684-43ff5656\vendor\tracing-core
   Vendoring tracing-log v0.2.0 (<cargo-registry>\index.crates.io-1949cf8c6b5b557f\tracing-log-0.2.0) to <temp>/ipfs-s3-client-smoke-20260813t004313386z-27684-43ff5656\vendor\tracing-log
   Vendoring tracing-subscriber v0.3.23 (<cargo-registry>\index.crates.io-1949cf8c6b5b557f\tracing-subscriber-0.3.23) to <temp>/ipfs-s3-client-smoke-20260813t004313386z-27684-43ff5656\vendor\tracing-subscriber
   Vendoring transform-stream v0.3.1 (<cargo-registry>\index.crates.io-1949cf8c6b5b557f\transform-stream-0.3.1) to <temp>/ipfs-s3-client-smoke-20260813t004313386z-27684-43ff5656\vendor\transform-stream
   Vendoring try-lock v0.2.5 (<cargo-registry>\index.crates.io-1949cf8c6b5b557f\try-lock-0.2.5) to <temp>/ipfs-s3-client-smoke-20260813t004313386z-27684-43ff5656\vendor\try-lock
   Vendoring typenum v1.20.1 (<cargo-registry>\index.crates.io-1949cf8c6b5b557f\typenum-1.20.1) to <temp>/ipfs-s3-client-smoke-20260813t004313386z-27684-43ff5656\vendor\typenum
   Vendoring unicase v2.9.0 (<cargo-registry>\index.crates.io-1949cf8c6b5b557f\unicase-2.9.0) to <temp>/ipfs-s3-client-smoke-20260813t004313386z-27684-43ff5656\vendor\unicase
   Vendoring unicode-bidi v0.3.18 (<cargo-registry>\index.crates.io-1949cf8c6b5b557f\unicode-bidi-0.3.18) to <temp>/ipfs-s3-client-smoke-20260813t004313386z-27684-43ff5656\vendor\unicode-bidi
   Vendoring unicode-ident v1.0.24 (<cargo-registry>\index.crates.io-1949cf8c6b5b557f\unicode-ident-1.0.24) to <temp>/ipfs-s3-client-smoke-20260813t004313386z-27684-43ff5656\vendor\unicode-ident
   Vendoring unicode-normalization v0.1.25 (<cargo-registry>\index.crates.io-1949cf8c6b5b557f\unicode-normalization-0.1.25) to <temp>/ipfs-s3-client-smoke-20260813t004313386z-27684-43ff5656\vendor\unicode-normalization
   Vendoring unicode-properties v0.1.4 (<cargo-registry>\index.crates.io-1949cf8c6b5b557f\unicode-properties-0.1.4) to <temp>/ipfs-s3-client-smoke-20260813t004313386z-27684-43ff5656\vendor\unicode-properties
   Vendoring unicode-xid v0.2.6 (<cargo-registry>\index.crates.io-1949cf8c6b5b557f\unicode-xid-0.2.6) to <temp>/ipfs-s3-client-smoke-20260813t004313386z-27684-43ff5656\vendor\unicode-xid
   Vendoring universal-hash v0.6.1 (<cargo-registry>\index.crates.io-1949cf8c6b5b557f\universal-hash-0.6.1) to <temp>/ipfs-s3-client-smoke-20260813t004313386z-27684-43ff5656\vendor\universal-hash
   Vendoring unsigned-varint v0.8.0 (<cargo-registry>\index.crates.io-1949cf8c6b5b557f\unsigned-varint-0.8.0) to <temp>/ipfs-s3-client-smoke-20260813t004313386z-27684-43ff5656\vendor\unsigned-varint
   Vendoring untrusted v0.9.0 (<cargo-registry>\index.crates.io-1949cf8c6b5b557f\untrusted-0.9.0) to <temp>/ipfs-s3-client-smoke-20260813t004313386z-27684-43ff5656\vendor\untrusted
   Vendoring url v2.5.8 (<cargo-registry>\index.crates.io-1949cf8c6b5b557f\url-2.5.8) to <temp>/ipfs-s3-client-smoke-20260813t004313386z-27684-43ff5656\vendor\url
   Vendoring urlencoding v2.1.3 (<cargo-registry>\index.crates.io-1949cf8c6b5b557f\urlencoding-2.1.3) to <temp>/ipfs-s3-client-smoke-20260813t004313386z-27684-43ff5656\vendor\urlencoding
   Vendoring utf8_iter v1.0.4 (<cargo-registry>\index.crates.io-1949cf8c6b5b557f\utf8_iter-1.0.4) to <temp>/ipfs-s3-client-smoke-20260813t004313386z-27684-43ff5656\vendor\utf8_iter
   Vendoring utf8parse v0.2.2 (<cargo-registry>\index.crates.io-1949cf8c6b5b557f\utf8parse-0.2.2) to <temp>/ipfs-s3-client-smoke-20260813t004313386z-27684-43ff5656\vendor\utf8parse
   Vendoring uuid v1.23.4 (<cargo-registry>\index.crates.io-1949cf8c6b5b557f\uuid-1.23.4) to <temp>/ipfs-s3-client-smoke-20260813t004313386z-27684-43ff5656\vendor\uuid
   Vendoring valuable v0.1.1 (<cargo-registry>\index.crates.io-1949cf8c6b5b557f\valuable-0.1.1) to <temp>/ipfs-s3-client-smoke-20260813t004313386z-27684-43ff5656\vendor\valuable
   Vendoring vcpkg v0.2.15 (<cargo-registry>\index.crates.io-1949cf8c6b5b557f\vcpkg-0.2.15) to <temp>/ipfs-s3-client-smoke-20260813t004313386z-27684-43ff5656\vendor\vcpkg
   Vendoring version_check v0.9.5 (<cargo-registry>\index.crates.io-1949cf8c6b5b557f\version_check-0.9.5) to <temp>/ipfs-s3-client-smoke-20260813t004313386z-27684-43ff5656\vendor\version_check
   Vendoring vsimd v0.8.0 (<cargo-registry>\index.crates.io-1949cf8c6b5b557f\vsimd-0.8.0) to <temp>/ipfs-s3-client-smoke-20260813t004313386z-27684-43ff5656\vendor\vsimd
   Vendoring walkdir v2.5.0 (<cargo-registry>\index.crates.io-1949cf8c6b5b557f\walkdir-2.5.0) to <temp>/ipfs-s3-client-smoke-20260813t004313386z-27684-43ff5656\vendor\walkdir
   Vendoring want v0.3.1 (<cargo-registry>\index.crates.io-1949cf8c6b5b557f\want-0.3.1) to <temp>/ipfs-s3-client-smoke-20260813t004313386z-27684-43ff5656\vendor\want
   Vendoring wasi v0.11.1+wasi-snapshot-preview1 (<cargo-registry>\index.crates.io-1949cf8c6b5b557f\wasi-0.11.1+wasi-snapshot-preview1) to <temp>/ipfs-s3-client-smoke-20260813t004313386z-27684-43ff5656\vendor\wasi
   Vendoring wasip2 v1.0.4+wasi-0.2.12 (<cargo-registry>\index.crates.io-1949cf8c6b5b557f\wasip2-1.0.4+wasi-0.2.12) to <temp>/ipfs-s3-client-smoke-20260813t004313386z-27684-43ff5656\vendor\wasip2
   Vendoring wasite v0.1.0 (<cargo-registry>\index.crates.io-1949cf8c6b5b557f\wasite-0.1.0) to <temp>/ipfs-s3-client-smoke-20260813t004313386z-27684-43ff5656\vendor\wasite
   Vendoring wasm-bindgen v0.2.126 (<cargo-registry>\index.crates.io-1949cf8c6b5b557f\wasm-bindgen-0.2.126) to <temp>/ipfs-s3-client-smoke-20260813t004313386z-27684-43ff5656\vendor\wasm-bindgen
   Vendoring wasm-bindgen-futures v0.4.76 (<cargo-registry>\index.crates.io-1949cf8c6b5b557f\wasm-bindgen-futures-0.4.76) to <temp>/ipfs-s3-client-smoke-20260813t004313386z-27684-43ff5656\vendor\wasm-bindgen-futures
   Vendoring wasm-bindgen-macro v0.2.126 (<cargo-registry>\index.crates.io-1949cf8c6b5b557f\wasm-bindgen-macro-0.2.126) to <temp>/ipfs-s3-client-smoke-20260813t004313386z-27684-43ff5656\vendor\wasm-bindgen-macro
   Vendoring wasm-bindgen-macro-support v0.2.126 (<cargo-registry>\index.crates.io-1949cf8c6b5b557f\wasm-bindgen-macro-support-0.2.126) to <temp>/ipfs-s3-client-smoke-20260813t004313386z-27684-43ff5656\vendor\wasm-bindgen-macro-support
   Vendoring wasm-bindgen-shared v0.2.126 (<cargo-registry>\index.crates.io-1949cf8c6b5b557f\wasm-bindgen-shared-0.2.126) to <temp>/ipfs-s3-client-smoke-20260813t004313386z-27684-43ff5656\vendor\wasm-bindgen-shared
   Vendoring wasm-streams v0.4.2 (<cargo-registry>\index.crates.io-1949cf8c6b5b557f\wasm-streams-0.4.2) to <temp>/ipfs-s3-client-smoke-20260813t004313386z-27684-43ff5656\vendor\wasm-streams-0.4.2
   Vendoring wasm-streams v0.5.0 (<cargo-registry>\index.crates.io-1949cf8c6b5b557f\wasm-streams-0.5.0) to <temp>/ipfs-s3-client-smoke-20260813t004313386z-27684-43ff5656\vendor\wasm-streams
   Vendoring web-sys v0.3.103 (<cargo-registry>\index.crates.io-1949cf8c6b5b557f\web-sys-0.3.103) to <temp>/ipfs-s3-client-smoke-20260813t004313386z-27684-43ff5656\vendor\web-sys
   Vendoring web-time v1.1.0 (<cargo-registry>\index.crates.io-1949cf8c6b5b557f\web-time-1.1.0) to <temp>/ipfs-s3-client-smoke-20260813t004313386z-27684-43ff5656\vendor\web-time
   Vendoring webpki-root-certs v1.0.8 (<cargo-registry>\index.crates.io-1949cf8c6b5b557f\webpki-root-certs-1.0.8) to <temp>/ipfs-s3-client-smoke-20260813t004313386z-27684-43ff5656\vendor\webpki-root-certs
   Vendoring webpki-roots v0.26.11 (<cargo-registry>\index.crates.io-1949cf8c6b5b557f\webpki-roots-0.26.11) to <temp>/ipfs-s3-client-smoke-20260813t004313386z-27684-43ff5656\vendor\webpki-roots-0.26.11
   Vendoring webpki-roots v1.0.8 (<cargo-registry>\index.crates.io-1949cf8c6b5b557f\webpki-roots-1.0.8) to <temp>/ipfs-s3-client-smoke-20260813t004313386z-27684-43ff5656\vendor\webpki-roots
   Vendoring whoami v1.6.1 (<cargo-registry>\index.crates.io-1949cf8c6b5b557f\whoami-1.6.1) to <temp>/ipfs-s3-client-smoke-20260813t004313386z-27684-43ff5656\vendor\whoami
   Vendoring winapi v0.3.9 (<cargo-registry>\index.crates.io-1949cf8c6b5b557f\winapi-0.3.9) to <temp>/ipfs-s3-client-smoke-20260813t004313386z-27684-43ff5656\vendor\winapi
   Vendoring winapi-i686-pc-windows-gnu v0.4.0 (<cargo-registry>\index.crates.io-1949cf8c6b5b557f\winapi-i686-pc-windows-gnu-0.4.0) to <temp>/ipfs-s3-client-smoke-20260813t004313386z-27684-43ff5656\vendor\winapi-i686-pc-windows-gnu
   Vendoring winapi-util v0.1.11 (<cargo-registry>\index.crates.io-1949cf8c6b5b557f\winapi-util-0.1.11) to <temp>/ipfs-s3-client-smoke-20260813t004313386z-27684-43ff5656\vendor\winapi-util
   Vendoring winapi-x86_64-pc-windows-gnu v0.4.0 (<cargo-registry>\index.crates.io-1949cf8c6b5b557f\winapi-x86_64-pc-windows-gnu-0.4.0) to <temp>/ipfs-s3-client-smoke-20260813t004313386z-27684-43ff5656\vendor\winapi-x86_64-pc-windows-gnu
   Vendoring windows v0.61.3 (<cargo-registry>\index.crates.io-1949cf8c6b5b557f\windows-0.61.3) to <temp>/ipfs-s3-client-smoke-20260813t004313386z-27684-43ff5656\vendor\windows
   Vendoring windows-collections v0.2.0 (<cargo-registry>\index.crates.io-1949cf8c6b5b557f\windows-collections-0.2.0) to <temp>/ipfs-s3-client-smoke-20260813t004313386z-27684-43ff5656\vendor\windows-collections
   Vendoring windows-core v0.61.2 (<cargo-registry>\index.crates.io-1949cf8c6b5b557f\windows-core-0.61.2) to <temp>/ipfs-s3-client-smoke-20260813t004313386z-27684-43ff5656\vendor\windows-core-0.61.2
   Vendoring windows-core v0.62.2 (<cargo-registry>\index.crates.io-1949cf8c6b5b557f\windows-core-0.62.2) to <temp>/ipfs-s3-client-smoke-20260813t004313386z-27684-43ff5656\vendor\windows-core
   Vendoring windows-future v0.2.1 (<cargo-registry>\index.crates.io-1949cf8c6b5b557f\windows-future-0.2.1) to <temp>/ipfs-s3-client-smoke-20260813t004313386z-27684-43ff5656\vendor\windows-future
   Vendoring windows-implement v0.60.2 (<cargo-registry>\index.crates.io-1949cf8c6b5b557f\windows-implement-0.60.2) to <temp>/ipfs-s3-client-smoke-20260813t004313386z-27684-43ff5656\vendor\windows-implement
   Vendoring windows-interface v0.59.3 (<cargo-registry>\index.crates.io-1949cf8c6b5b557f\windows-interface-0.59.3) to <temp>/ipfs-s3-client-smoke-20260813t004313386z-27684-43ff5656\vendor\windows-interface
   Vendoring windows-link v0.1.3 (<cargo-registry>\index.crates.io-1949cf8c6b5b557f\windows-link-0.1.3) to <temp>/ipfs-s3-client-smoke-20260813t004313386z-27684-43ff5656\vendor\windows-link-0.1.3
   Vendoring windows-link v0.2.1 (<cargo-registry>\index.crates.io-1949cf8c6b5b557f\windows-link-0.2.1) to <temp>/ipfs-s3-client-smoke-20260813t004313386z-27684-43ff5656\vendor\windows-link
   Vendoring windows-numerics v0.2.0 (<cargo-registry>\index.crates.io-1949cf8c6b5b557f\windows-numerics-0.2.0) to <temp>/ipfs-s3-client-smoke-20260813t004313386z-27684-43ff5656\vendor\windows-numerics
   Vendoring windows-registry v0.6.1 (<cargo-registry>\index.crates.io-1949cf8c6b5b557f\windows-registry-0.6.1) to <temp>/ipfs-s3-client-smoke-20260813t004313386z-27684-43ff5656\vendor\windows-registry
   Vendoring windows-result v0.3.4 (<cargo-registry>\index.crates.io-1949cf8c6b5b557f\windows-result-0.3.4) to <temp>/ipfs-s3-client-smoke-20260813t004313386z-27684-43ff5656\vendor\windows-result-0.3.4
   Vendoring windows-result v0.4.1 (<cargo-registry>\index.crates.io-1949cf8c6b5b557f\windows-result-0.4.1) to <temp>/ipfs-s3-client-smoke-20260813t004313386z-27684-43ff5656\vendor\windows-result
   Vendoring windows-strings v0.4.2 (<cargo-registry>\index.crates.io-1949cf8c6b5b557f\windows-strings-0.4.2) to <temp>/ipfs-s3-client-smoke-20260813t004313386z-27684-43ff5656\vendor\windows-strings-0.4.2
   Vendoring windows-strings v0.5.1 (<cargo-registry>\index.crates.io-1949cf8c6b5b557f\windows-strings-0.5.1) to <temp>/ipfs-s3-client-smoke-20260813t004313386z-27684-43ff5656\vendor\windows-strings
   Vendoring windows-sys v0.48.0 (<cargo-registry>\index.crates.io-1949cf8c6b5b557f\windows-sys-0.48.0) to <temp>/ipfs-s3-client-smoke-20260813t004313386z-27684-43ff5656\vendor\windows-sys-0.48.0
   Vendoring windows-sys v0.52.0 (<cargo-registry>\index.crates.io-1949cf8c6b5b557f\windows-sys-0.52.0) to <temp>/ipfs-s3-client-smoke-20260813t004313386z-27684-43ff5656\vendor\windows-sys-0.52.0
   Vendoring windows-sys v0.60.2 (<cargo-registry>\index.crates.io-1949cf8c6b5b557f\windows-sys-0.60.2) to <temp>/ipfs-s3-client-smoke-20260813t004313386z-27684-43ff5656\vendor\windows-sys-0.60.2
   Vendoring windows-sys v0.61.2 (<cargo-registry>\index.crates.io-1949cf8c6b5b557f\windows-sys-0.61.2) to <temp>/ipfs-s3-client-smoke-20260813t004313386z-27684-43ff5656\vendor\windows-sys
   Vendoring windows-targets v0.48.5 (<cargo-registry>\index.crates.io-1949cf8c6b5b557f\windows-targets-0.48.5) to <temp>/ipfs-s3-client-smoke-20260813t004313386z-27684-43ff5656\vendor\windows-targets-0.48.5
   Vendoring windows-targets v0.52.6 (<cargo-registry>\index.crates.io-1949cf8c6b5b557f\windows-targets-0.52.6) to <temp>/ipfs-s3-client-smoke-20260813t004313386z-27684-43ff5656\vendor\windows-targets-0.52.6
   Vendoring windows-targets v0.53.5 (<cargo-registry>\index.crates.io-1949cf8c6b5b557f\windows-targets-0.53.5) to <temp>/ipfs-s3-client-smoke-20260813t004313386z-27684-43ff5656\vendor\windows-targets
   Vendoring windows-threading v0.1.0 (<cargo-registry>\index.crates.io-1949cf8c6b5b557f\windows-threading-0.1.0) to <temp>/ipfs-s3-client-smoke-20260813t004313386z-27684-43ff5656\vendor\windows-threading
   Vendoring windows_aarch64_gnullvm v0.48.5 (<cargo-registry>\index.crates.io-1949cf8c6b5b557f\windows_aarch64_gnullvm-0.48.5) to <temp>/ipfs-s3-client-smoke-20260813t004313386z-27684-43ff5656\vendor\windows_aarch64_gnullvm-0.48.5
   Vendoring windows_aarch64_gnullvm v0.52.6 (<cargo-registry>\index.crates.io-1949cf8c6b5b557f\windows_aarch64_gnullvm-0.52.6) to <temp>/ipfs-s3-client-smoke-20260813t004313386z-27684-43ff5656\vendor\windows_aarch64_gnullvm-0.52.6
   Vendoring windows_aarch64_gnullvm v0.53.1 (<cargo-registry>\index.crates.io-1949cf8c6b5b557f\windows_aarch64_gnullvm-0.53.1) to <temp>/ipfs-s3-client-smoke-20260813t004313386z-27684-43ff5656\vendor\windows_aarch64_gnullvm
   Vendoring windows_aarch64_msvc v0.48.5 (<cargo-registry>\index.crates.io-1949cf8c6b5b557f\windows_aarch64_msvc-0.48.5) to <temp>/ipfs-s3-client-smoke-20260813t004313386z-27684-43ff5656\vendor\windows_aarch64_msvc-0.48.5
   Vendoring windows_aarch64_msvc v0.52.6 (<cargo-registry>\index.crates.io-1949cf8c6b5b557f\windows_aarch64_msvc-0.52.6) to <temp>/ipfs-s3-client-smoke-20260813t004313386z-27684-43ff5656\vendor\windows_aarch64_msvc-0.52.6
   Vendoring windows_aarch64_msvc v0.53.1 (<cargo-registry>\index.crates.io-1949cf8c6b5b557f\windows_aarch64_msvc-0.53.1) to <temp>/ipfs-s3-client-smoke-20260813t004313386z-27684-43ff5656\vendor\windows_aarch64_msvc
   Vendoring windows_i686_gnu v0.48.5 (<cargo-registry>\index.crates.io-1949cf8c6b5b557f\windows_i686_gnu-0.48.5) to <temp>/ipfs-s3-client-smoke-20260813t004313386z-27684-43ff5656\vendor\windows_i686_gnu-0.48.5
   Vendoring windows_i686_gnu v0.52.6 (<cargo-registry>\index.crates.io-1949cf8c6b5b557f\windows_i686_gnu-0.52.6) to <temp>/ipfs-s3-client-smoke-20260813t004313386z-27684-43ff5656\vendor\windows_i686_gnu-0.52.6
   Vendoring windows_i686_gnu v0.53.1 (<cargo-registry>\index.crates.io-1949cf8c6b5b557f\windows_i686_gnu-0.53.1) to <temp>/ipfs-s3-client-smoke-20260813t004313386z-27684-43ff5656\vendor\windows_i686_gnu
   Vendoring windows_i686_gnullvm v0.52.6 (<cargo-registry>\index.crates.io-1949cf8c6b5b557f\windows_i686_gnullvm-0.52.6) to <temp>/ipfs-s3-client-smoke-20260813t004313386z-27684-43ff5656\vendor\windows_i686_gnullvm-0.52.6
   Vendoring windows_i686_gnullvm v0.53.1 (<cargo-registry>\index.crates.io-1949cf8c6b5b557f\windows_i686_gnullvm-0.53.1) to <temp>/ipfs-s3-client-smoke-20260813t004313386z-27684-43ff5656\vendor\windows_i686_gnullvm
   Vendoring windows_i686_msvc v0.48.5 (<cargo-registry>\index.crates.io-1949cf8c6b5b557f\windows_i686_msvc-0.48.5) to <temp>/ipfs-s3-client-smoke-20260813t004313386z-27684-43ff5656\vendor\windows_i686_msvc-0.48.5
   Vendoring windows_i686_msvc v0.52.6 (<cargo-registry>\index.crates.io-1949cf8c6b5b557f\windows_i686_msvc-0.52.6) to <temp>/ipfs-s3-client-smoke-20260813t004313386z-27684-43ff5656\vendor\windows_i686_msvc-0.52.6
   Vendoring windows_i686_msvc v0.53.1 (<cargo-registry>\index.crates.io-1949cf8c6b5b557f\windows_i686_msvc-0.53.1) to <temp>/ipfs-s3-client-smoke-20260813t004313386z-27684-43ff5656\vendor\windows_i686_msvc
   Vendoring windows_x86_64_gnu v0.48.5 (<cargo-registry>\index.crates.io-1949cf8c6b5b557f\windows_x86_64_gnu-0.48.5) to <temp>/ipfs-s3-client-smoke-20260813t004313386z-27684-43ff5656\vendor\windows_x86_64_gnu-0.48.5
   Vendoring windows_x86_64_gnu v0.52.6 (<cargo-registry>\index.crates.io-1949cf8c6b5b557f\windows_x86_64_gnu-0.52.6) to <temp>/ipfs-s3-client-smoke-20260813t004313386z-27684-43ff5656\vendor\windows_x86_64_gnu-0.52.6
   Vendoring windows_x86_64_gnu v0.53.1 (<cargo-registry>\index.crates.io-1949cf8c6b5b557f\windows_x86_64_gnu-0.53.1) to <temp>/ipfs-s3-client-smoke-20260813t004313386z-27684-43ff5656\vendor\windows_x86_64_gnu
   Vendoring windows_x86_64_gnullvm v0.48.5 (<cargo-registry>\index.crates.io-1949cf8c6b5b557f\windows_x86_64_gnullvm-0.48.5) to <temp>/ipfs-s3-client-smoke-20260813t004313386z-27684-43ff5656\vendor\windows_x86_64_gnullvm-0.48.5
   Vendoring windows_x86_64_gnullvm v0.52.6 (<cargo-registry>\index.crates.io-1949cf8c6b5b557f\windows_x86_64_gnullvm-0.52.6) to <temp>/ipfs-s3-client-smoke-20260813t004313386z-27684-43ff5656\vendor\windows_x86_64_gnullvm-0.52.6
   Vendoring windows_x86_64_gnullvm v0.53.1 (<cargo-registry>\index.crates.io-1949cf8c6b5b557f\windows_x86_64_gnullvm-0.53.1) to <temp>/ipfs-s3-client-smoke-20260813t004313386z-27684-43ff5656\vendor\windows_x86_64_gnullvm
   Vendoring windows_x86_64_msvc v0.48.5 (<cargo-registry>\index.crates.io-1949cf8c6b5b557f\windows_x86_64_msvc-0.48.5) to <temp>/ipfs-s3-client-smoke-20260813t004313386z-27684-43ff5656\vendor\windows_x86_64_msvc-0.48.5
   Vendoring windows_x86_64_msvc v0.52.6 (<cargo-registry>\index.crates.io-1949cf8c6b5b557f\windows_x86_64_msvc-0.52.6) to <temp>/ipfs-s3-client-smoke-20260813t004313386z-27684-43ff5656\vendor\windows_x86_64_msvc-0.52.6
   Vendoring windows_x86_64_msvc v0.53.1 (<cargo-registry>\index.crates.io-1949cf8c6b5b557f\windows_x86_64_msvc-0.53.1) to <temp>/ipfs-s3-client-smoke-20260813t004313386z-27684-43ff5656\vendor\windows_x86_64_msvc
   Vendoring winnow v1.0.3 (<cargo-registry>\index.crates.io-1949cf8c6b5b557f\winnow-1.0.3) to <temp>/ipfs-s3-client-smoke-20260813t004313386z-27684-43ff5656\vendor\winnow
   Vendoring wiremock v0.6.5 (<cargo-registry>\index.crates.io-1949cf8c6b5b557f\wiremock-0.6.5) to <temp>/ipfs-s3-client-smoke-20260813t004313386z-27684-43ff5656\vendor\wiremock
   Vendoring wit-bindgen v0.57.1 (<cargo-registry>\index.crates.io-1949cf8c6b5b557f\wit-bindgen-0.57.1) to <temp>/ipfs-s3-client-smoke-20260813t004313386z-27684-43ff5656\vendor\wit-bindgen
   Vendoring writeable v0.6.3 (<cargo-registry>\index.crates.io-1949cf8c6b5b557f\writeable-0.6.3) to <temp>/ipfs-s3-client-smoke-20260813t004313386z-27684-43ff5656\vendor\writeable
   Vendoring wyz v0.5.1 (<cargo-registry>\index.crates.io-1949cf8c6b5b557f\wyz-0.5.1) to <temp>/ipfs-s3-client-smoke-20260813t004313386z-27684-43ff5656\vendor\wyz
   Vendoring x509-parser v0.18.1 (<cargo-registry>\index.crates.io-1949cf8c6b5b557f\x509-parser-0.18.1) to <temp>/ipfs-s3-client-smoke-20260813t004313386z-27684-43ff5656\vendor\x509-parser
   Vendoring yansi v1.0.1 (<cargo-registry>\index.crates.io-1949cf8c6b5b557f\yansi-1.0.1) to <temp>/ipfs-s3-client-smoke-20260813t004313386z-27684-43ff5656\vendor\yansi
   Vendoring yasna v0.6.0 (<cargo-registry>\index.crates.io-1949cf8c6b5b557f\yasna-0.6.0) to <temp>/ipfs-s3-client-smoke-20260813t004313386z-27684-43ff5656\vendor\yasna
   Vendoring yoke v0.8.3 (<cargo-registry>\index.crates.io-1949cf8c6b5b557f\yoke-0.8.3) to <temp>/ipfs-s3-client-smoke-20260813t004313386z-27684-43ff5656\vendor\yoke
   Vendoring yoke-derive v0.8.2 (<cargo-registry>\index.crates.io-1949cf8c6b5b557f\yoke-derive-0.8.2) to <temp>/ipfs-s3-client-smoke-20260813t004313386z-27684-43ff5656\vendor\yoke-derive
   Vendoring zerocopy v0.8.52 (<cargo-registry>\index.crates.io-1949cf8c6b5b557f\zerocopy-0.8.52) to <temp>/ipfs-s3-client-smoke-20260813t004313386z-27684-43ff5656\vendor\zerocopy
   Vendoring zerocopy-derive v0.8.52 (<cargo-registry>\index.crates.io-1949cf8c6b5b557f\zerocopy-derive-0.8.52) to <temp>/ipfs-s3-client-smoke-20260813t004313386z-27684-43ff5656\vendor\zerocopy-derive
   Vendoring zerofrom v0.1.8 (<cargo-registry>\index.crates.io-1949cf8c6b5b557f\zerofrom-0.1.8) to <temp>/ipfs-s3-client-smoke-20260813t004313386z-27684-43ff5656\vendor\zerofrom
   Vendoring zerofrom-derive v0.1.7 (<cargo-registry>\index.crates.io-1949cf8c6b5b557f\zerofrom-derive-0.1.7) to <temp>/ipfs-s3-client-smoke-20260813t004313386z-27684-43ff5656\vendor\zerofrom-derive
   Vendoring zeroize v1.9.0 (<cargo-registry>\index.crates.io-1949cf8c6b5b557f\zeroize-1.9.0) to <temp>/ipfs-s3-client-smoke-20260813t004313386z-27684-43ff5656\vendor\zeroize
   Vendoring zerotrie v0.2.4 (<cargo-registry>\index.crates.io-1949cf8c6b5b557f\zerotrie-0.2.4) to <temp>/ipfs-s3-client-smoke-20260813t004313386z-27684-43ff5656\vendor\zerotrie
   Vendoring zerovec v0.11.6 (<cargo-registry>\index.crates.io-1949cf8c6b5b557f\zerovec-0.11.6) to <temp>/ipfs-s3-client-smoke-20260813t004313386z-27684-43ff5656\vendor\zerovec
   Vendoring zerovec-derive v0.11.3 (<cargo-registry>\index.crates.io-1949cf8c6b5b557f\zerovec-derive-0.11.3) to <temp>/ipfs-s3-client-smoke-20260813t004313386z-27684-43ff5656\vendor\zerovec-derive
   Vendoring zmij v1.0.21 (<cargo-registry>\index.crates.io-1949cf8c6b5b557f\zmij-1.0.21) to <temp>/ipfs-s3-client-smoke-20260813t004313386z-27684-43ff5656\vendor\zmij
To use vendored sources, add this to your .cargo/config.toml for this project:
cargo vendor completed from the local cache
tar.exe -czf <temp>/ipfs-s3-client-smoke-20260813t004313386z-27684-43ff5656\vendor-archive-context\vendor.tar.gz -C <temp>/ipfs-s3-client-smoke-20260813t004313386z-27684-43ff5656\vendor .
vendor archive completed: <temp>/ipfs-s3-client-smoke-20260813t004313386z-27684-43ff5656\vendor-archive-context\vendor.tar.gz
docker build --pull=false --network none --quiet --build-context vendor-archive=<temp>/ipfs-s3-client-smoke-20260813t004313386z-27684-43ff5656\vendor-archive-context --tag ghcr.io/hugefiver/ipfs3:latest --file <temp>/ipfs-s3-client-smoke-20260813t004313386z-27684-43ff5656\Dockerfile.gateway-runtime <repo>
sha256:cf7f8f3fd9a0fad6805583e4e68fc6d1773c192a88792a1988c5b4df6d1872c4
docker compose -f <repo>\docker-compose.yml up -d --pull never --no-build kubo gateway
 Network ipfs3-client-smoke-20260813-2904-89cd5c39_default  Creating
 Network ipfs3-client-smoke-20260813-2904-89cd5c39_default  Created
 Volume "ipfs3-client-smoke-20260813-2904-89cd5c39_gateway_data"  Creating
 Volume "ipfs3-client-smoke-20260813-2904-89cd5c39_gateway_data"  Created
 Volume "ipfs3-client-smoke-20260813-2904-89cd5c39_ipfs_data"  Creating
 Volume "ipfs3-client-smoke-20260813-2904-89cd5c39_ipfs_data"  Created
 Container ipfs-s3-kubo  Creating
 Container ipfs-s3-kubo  Created
 Container ipfs-s3-gateway  Creating
 Container ipfs-s3-gateway  Created
 Container ipfs-s3-kubo  Starting
 Container ipfs-s3-kubo  Started
 Container ipfs-s3-kubo  Waiting
 Container ipfs-s3-kubo  Healthy
 Container ipfs-s3-gateway  Starting
 Container ipfs-s3-gateway  Started
docker compose -f <repo>\docker-compose.yml ps -q gateway
8f7e1a1589c3423435696de5b9a926c652ff342ba48e60357cfdf38a178ff4a7
docker inspect --format {{.State.Health.Status}} 8f7e1a1589c3423435696de5b9a926c652ff342ba48e60357cfdf38a178ff4a7
starting
docker inspect --format {{.State.Health.Status}} 8f7e1a1589c3423435696de5b9a926c652ff342ba48e60357cfdf38a178ff4a7
healthy
docker compose -f <repo>\docker-compose.yml ps
NAME              IMAGE                                 COMMAND                   SERVICE   CREATED          STATUS                    PORTS
ipfs-s3-gateway   ghcr.io/hugefiver/ipfs3:latest        "/app/ipfs-s3-gateway"    gateway   13 seconds ago   Up 6 seconds (healthy)    0.0.0.0:9000->9000/tcp, [::]:9000->9000/tcp
ipfs-s3-kubo      ghcr.io/hugefiver/ipfs3-kubo:latest   "/custom-entrypoint.鈥?   kubo      13 seconds ago   Up 12 seconds (healthy)   0.0.0.0:4001->4001/tcp, [::]:4001->4001/tcp, 0.0.0.0:5001->5001/tcp, [::]:5001->5001/tcp, 0.0.0.0:8080->8080/tcp, [::]:8080->8080/tcp
docker compose -f <repo>\docker-compose.yml ps -q gateway
8f7e1a1589c3423435696de5b9a926c652ff342ba48e60357cfdf38a178ff4a7
docker inspect --format {{json .NetworkSettings.Networks}} 8f7e1a1589c3423435696de5b9a926c652ff342ba48e60357cfdf38a178ff4a7
{"ipfs3-client-smoke-20260813-2904-89cd5c39_default":{"IPAMConfig":null,"Links":null,"Aliases":["ipfs-s3-gateway","gateway"],"MacAddress":"1a:05:19:47:52:08","DriverOpts":null,"GwPriority":0,"NetworkID":"3e427b25825af621f3ac71bef6f8cfc9db5381770fbd275700b6b4d978d5dcb8","EndpointID":"e1b197941cba536ac12b83aa88a59fa091fdd57dac8c6dabc63f8d9ee5d46cb2","Gateway":"172.18.0.1","IPAddress":"172.18.0.3","IPPrefixLen":16,"IPv6Gateway":"","GlobalIPv6Address":"","GlobalIPv6PrefixLen":0,"DNSNames":["ipfs-s3-gateway","gateway","8f7e1a1589c3"]}}
docker image inspect rclone/rclone:1.74.4 --format {{.Id}}
sha256:c61954aaa32328a5486715dd063a81c7879f5195ad3505cd362deddd509dc4a1
client=Rclone image=rclone/rclone:1.74.4 image_id=sha256:c61954aaa32328a5486715dd063a81c7879f5195ad3505cd362deddd509dc4a1
docker run --rm --pull=never rclone/rclone:1.74.4 version
rclone v1.74.4
- os/version: alpine 3.24.1 (64 bit)
- os/kernel: 6.6.87.2-microsoft-standard-WSL2 (x86_64)
- os/type: linux
- os/arch: amd64
- go/version: go1.26.5
- go/linking: static
- go/tags: none
rclone effective options: list_version=2 use_server_modtime=true
docker run --rm --pull=never --network ipfs3-client-smoke-20260813-2904-89cd5c39_default --mount type=bind,src=<temp>/ipfs-s3-client-smoke-20260813t004313386z-27684-43ff5656\rclone.conf,dst=/config/rclone.conf,readonly --mount type=bind,src=<temp>/ipfs-s3-client-smoke-20260813t004313386z-27684-43ff5656\file.txt,dst=/work/file.txt,readonly rclone/rclone:1.74.4 --config /config/rclone.conf mkdir ipfs-s3:ipfs-s3-rclone-20260813t004313386z-27684-43ff5656
docker run --rm --pull=never --network ipfs3-client-smoke-20260813-2904-89cd5c39_default --mount type=bind,src=<temp>/ipfs-s3-client-smoke-20260813t004313386z-27684-43ff5656\rclone.conf,dst=/config/rclone.conf,readonly --mount type=bind,src=<temp>/ipfs-s3-client-smoke-20260813t004313386z-27684-43ff5656\file.txt,dst=/work/file.txt,readonly rclone/rclone:1.74.4 --config /config/rclone.conf copy /work/file.txt ipfs-s3:ipfs-s3-rclone-20260813t004313386z-27684-43ff5656/nested/path
docker run --rm --pull=never --network ipfs3-client-smoke-20260813-2904-89cd5c39_default --mount type=bind,src=<temp>/ipfs-s3-client-smoke-20260813t004313386z-27684-43ff5656\rclone.conf,dst=/config/rclone.conf,readonly --mount type=bind,src=<temp>/ipfs-s3-client-smoke-20260813t004313386z-27684-43ff5656\file.txt,dst=/work/file.txt,readonly rclone/rclone:1.74.4 --config /config/rclone.conf ls ipfs-s3:ipfs-s3-rclone-20260813t004313386z-27684-43ff5656
       55 nested/path/file.txt
docker run --rm --pull=never --network ipfs3-client-smoke-20260813-2904-89cd5c39_default --mount type=bind,src=<temp>/ipfs-s3-client-smoke-20260813t004313386z-27684-43ff5656\rclone.conf,dst=/config/rclone.conf,readonly --mount type=bind,src=<temp>/ipfs-s3-client-smoke-20260813t004313386z-27684-43ff5656\file.txt,dst=/work/file.txt,readonly rclone/rclone:1.74.4 --config /config/rclone.conf cat ipfs-s3:ipfs-s3-rclone-20260813t004313386z-27684-43ff5656/nested/path/file.txt
ipfs-s3-client-smoke-20260813t004313386z-27684-43ff5656
docker run --rm --pull=never --network ipfs3-client-smoke-20260813-2904-89cd5c39_default --mount type=bind,src=<temp>/ipfs-s3-client-smoke-20260813t004313386z-27684-43ff5656\rclone.conf,dst=/config/rclone.conf,readonly --mount type=bind,src=<temp>/ipfs-s3-client-smoke-20260813t004313386z-27684-43ff5656\file.txt,dst=/work/file.txt,readonly rclone/rclone:1.74.4 --config /config/rclone.conf deletefile ipfs-s3:ipfs-s3-rclone-20260813t004313386z-27684-43ff5656/nested/path/file.txt
docker run --rm --pull=never --network ipfs3-client-smoke-20260813-2904-89cd5c39_default --mount type=bind,src=<temp>/ipfs-s3-client-smoke-20260813t004313386z-27684-43ff5656\rclone.conf,dst=/config/rclone.conf,readonly --mount type=bind,src=<temp>/ipfs-s3-client-smoke-20260813t004313386z-27684-43ff5656\file.txt,dst=/work/file.txt,readonly rclone/rclone:1.74.4 --config /config/rclone.conf rmdir ipfs-s3:ipfs-s3-rclone-20260813t004313386z-27684-43ff5656
[RESULT] client=Rclone status=PASSED dual_head=NOT_RUN detail=all commands and assertions completed evidence=client-smoke.log
docker image inspect minio/mc:latest --format {{.Id}}
sha256:a7fe349ef4bd8521fb8497f55c6042871b2ae640607cf99d9bede5e9bdf11727
client=Mc image=minio/mc:latest image_id=sha256:a7fe349ef4bd8521fb8497f55c6042871b2ae640607cf99d9bede5e9bdf11727
docker run --rm --pull=never minio/mc:latest --version
mc version RELEASE.2025-08-13T08-35-41Z (commit-id=7394ce0dd2a80935aded936b09fa12cbb3cb8096)
Runtime: go1.24.6 linux/amd64
Copyright (c) 2015-2025 MinIO, Inc.
License GNU AGPLv3 <https://www.gnu.org/licenses/agpl-3.0.html>
docker run --rm --pull=never --network ipfs3-client-smoke-20260813-2904-89cd5c39_default --mount type=bind,src=<temp>/ipfs-s3-client-smoke-20260813t004313386z-27684-43ff5656\mc,dst=/root/.mc --mount type=bind,src=<temp>/ipfs-s3-client-smoke-20260813t004313386z-27684-43ff5656\file.txt,dst=/work/file.txt,readonly minio/mc:latest alias list network
network
  URL       : http://gateway:9000
  AccessKey : test
  SecretKey : test
  API       : S3v4
  Path      : on
  Src       : /root/.mc/config.json
docker run --rm --pull=never --network host --mount type=bind,src=<temp>/ipfs-s3-client-smoke-20260813t004313386z-27684-43ff5656\mc,dst=/root/.mc --mount type=bind,src=<temp>/ipfs-s3-client-smoke-20260813t004313386z-27684-43ff5656\file.txt,dst=/work/file.txt,readonly minio/mc:latest alias list localhost
localhost
  URL       : http://127.0.0.1:9000
  AccessKey : test
  SecretKey : test
  API       : S3v4
  Path      : on
  Src       : /root/.mc/config.json
docker run --rm --pull=never --network ipfs3-client-smoke-20260813-2904-89cd5c39_default --mount type=bind,src=<temp>/ipfs-s3-client-smoke-20260813t004313386z-27684-43ff5656\mc,dst=/root/.mc --mount type=bind,src=<temp>/ipfs-s3-client-smoke-20260813t004313386z-27684-43ff5656\file.txt,dst=/work/file.txt,readonly minio/mc:latest mb network/ipfs-s3-mc-20260813t004313386z-27684-43ff5656
Bucket created successfully `network/ipfs-s3-mc-20260813t004313386z-27684-43ff5656`.
docker run --rm --pull=never --network ipfs3-client-smoke-20260813-2904-89cd5c39_default --mount type=bind,src=<temp>/ipfs-s3-client-smoke-20260813t004313386z-27684-43ff5656\mc,dst=/root/.mc --mount type=bind,src=<temp>/ipfs-s3-client-smoke-20260813t004313386z-27684-43ff5656\file.txt,dst=/work/file.txt,readonly minio/mc:latest cp /work/file.txt network/ipfs-s3-mc-20260813t004313386z-27684-43ff5656/nested/path/file.txt
`/work/file.txt` -> `network/ipfs-s3-mc-20260813t004313386z-27684-43ff5656/nested/path/file.txt`
鈹屸攢鈹€鈹€鈹€鈹€鈹€鈹€鈹攢鈹€鈹€鈹€鈹€鈹€鈹€鈹€鈹€鈹€鈹€鈹€鈹€鈹攢鈹€鈹€鈹€鈹€鈹€鈹€鈹€鈹€鈹€鈹攢鈹€鈹€鈹€鈹€鈹€鈹€鈹€鈹€鈹?鈹?Total 鈹?Transferred 鈹?Duration 鈹?Speed   鈹?鈹?55 B  鈹?55 B        鈹?00m00s   鈹?968 B/s 鈹?鈹斺攢鈹€鈹€鈹€鈹€鈹€鈹€鈹粹攢鈹€鈹€鈹€鈹€鈹€鈹€鈹€鈹€鈹€鈹€鈹€鈹€鈹粹攢鈹€鈹€鈹€鈹€鈹€鈹€鈹€鈹€鈹€鈹粹攢鈹€鈹€鈹€鈹€鈹€鈹€鈹€鈹€鈹?
docker run --rm --pull=never --network ipfs3-client-smoke-20260813-2904-89cd5c39_default --mount type=bind,src=<temp>/ipfs-s3-client-smoke-20260813t004313386z-27684-43ff5656\mc,dst=/root/.mc --mount type=bind,src=<temp>/ipfs-s3-client-smoke-20260813t004313386z-27684-43ff5656\file.txt,dst=/work/file.txt,readonly minio/mc:latest ls network/ipfs-s3-mc-20260813t004313386z-27684-43ff5656/nested/path/
[2026-08-13 00:48:24 UTC]    55B file.txt
docker run --rm --pull=never --network ipfs3-client-smoke-20260813-2904-89cd5c39_default --mount type=bind,src=<temp>/ipfs-s3-client-smoke-20260813t004313386z-27684-43ff5656\mc,dst=/root/.mc --mount type=bind,src=<temp>/ipfs-s3-client-smoke-20260813t004313386z-27684-43ff5656\file.txt,dst=/work/file.txt,readonly minio/mc:latest cat network/ipfs-s3-mc-20260813t004313386z-27684-43ff5656/nested/path/file.txt
ipfs-s3-client-smoke-20260813t004313386z-27684-43ff5656
docker run --rm --pull=never --network ipfs3-client-smoke-20260813-2904-89cd5c39_default --mount type=bind,src=<temp>/ipfs-s3-client-smoke-20260813t004313386z-27684-43ff5656\mc,dst=/root/.mc --mount type=bind,src=<temp>/ipfs-s3-client-smoke-20260813t004313386z-27684-43ff5656\file.txt,dst=/work/file.txt,readonly minio/mc:latest stat --json network/ipfs-s3-mc-20260813t004313386z-27684-43ff5656/nested/path/file.txt
{"status":"success","name":"file.txt","lastModified":"2026-08-13T00:48:24Z","size":55,"etag":"bafkreicfodt3gdlunhj7ojhh5roa2gm554sufkc7awvmi3d4jjkrium7zm","type":"file","metadata":{"Content-Type":"text/plain"}}
docker run --rm --pull=never --network host --mount type=bind,src=<temp>/ipfs-s3-client-smoke-20260813t004313386z-27684-43ff5656\mc,dst=/root/.mc --mount type=bind,src=<temp>/ipfs-s3-client-smoke-20260813t004313386z-27684-43ff5656\file.txt,dst=/work/file.txt,readonly minio/mc:latest stat --json localhost/ipfs-s3-mc-20260813t004313386z-27684-43ff5656/nested/path/file.txt
{"status":"success","name":"file.txt","lastModified":"2026-08-13T00:48:24Z","size":55,"etag":"bafkreicfodt3gdlunhj7ojhh5roa2gm554sufkc7awvmi3d4jjkrium7zm","type":"file","metadata":{"Content-Type":"text/plain"}}
[EVIDENCE] client=Mc verifier=Mc dual_head=PASSED key=nested/path/file.txt localhost=http://127.0.0.1:9000 network=http://gateway:9000 etag=bafkreicfodt3gdlunhj7ojhh5roa2gm554sufkc7awvmi3d4jjkrium7zm content_length=55
docker run --rm --pull=never --network ipfs3-client-smoke-20260813-2904-89cd5c39_default --mount type=bind,src=<temp>/ipfs-s3-client-smoke-20260813t004313386z-27684-43ff5656\mc,dst=/root/.mc --mount type=bind,src=<temp>/ipfs-s3-client-smoke-20260813t004313386z-27684-43ff5656\file.txt,dst=/work/file.txt,readonly minio/mc:latest rm network/ipfs-s3-mc-20260813t004313386z-27684-43ff5656/nested/path/file.txt
Removed `network/ipfs-s3-mc-20260813t004313386z-27684-43ff5656/nested/path/file.txt`.
docker run --rm --pull=never --network ipfs3-client-smoke-20260813-2904-89cd5c39_default --mount type=bind,src=<temp>/ipfs-s3-client-smoke-20260813t004313386z-27684-43ff5656\mc,dst=/root/.mc --mount type=bind,src=<temp>/ipfs-s3-client-smoke-20260813t004313386z-27684-43ff5656\file.txt,dst=/work/file.txt,readonly minio/mc:latest rb network/ipfs-s3-mc-20260813t004313386z-27684-43ff5656
Removed `network/ipfs-s3-mc-20260813t004313386z-27684-43ff5656` successfully.
[RESULT] client=Mc status=PASSED dual_head=PASSED detail=all commands and assertions completed evidence=client-smoke.log
docker image inspect amazon/aws-cli:latest --format {{.Id}}
sha256:00dee8ccaf669721f8163944ea9e6ac13183851b23d5b7a9868a608bc932cfdb
client=Aws image=amazon/aws-cli:latest image_id=sha256:00dee8ccaf669721f8163944ea9e6ac13183851b23d5b7a9868a608bc932cfdb
docker run --rm --pull=never amazon/aws-cli:latest --version
aws-cli/2.36.9 Python/3.14.6 Linux/6.6.87.2-microsoft-standard-WSL2 docker/x86_64.amzn.2023
docker run --rm --pull=never --network ipfs3-client-smoke-20260813-2904-89cd5c39_default -e AWS_ACCESS_KEY_ID=test -e AWS_SECRET_ACCESS_KEY=test -e AWS_DEFAULT_REGION=us-east-1 -e AWS_EC2_METADATA_DISABLED=true --mount type=bind,src=<temp>/ipfs-s3-client-smoke-20260813t004313386z-27684-43ff5656\file.txt,dst=/work/file.txt,readonly --mount type=bind,src=<temp>/ipfs-s3-client-smoke-20260813t004313386z-27684-43ff5656\delete.json,dst=/work/delete.json,readonly amazon/aws-cli:latest --endpoint-url http://gateway:9000 s3 mb s3://ipfs-s3-aws-20260813t004313386z-27684-43ff5656
make_bucket: ipfs-s3-aws-20260813t004313386z-27684-43ff5656
docker run --rm --pull=never --network ipfs3-client-smoke-20260813-2904-89cd5c39_default -e AWS_ACCESS_KEY_ID=test -e AWS_SECRET_ACCESS_KEY=test -e AWS_DEFAULT_REGION=us-east-1 -e AWS_EC2_METADATA_DISABLED=true --mount type=bind,src=<temp>/ipfs-s3-client-smoke-20260813t004313386z-27684-43ff5656\file.txt,dst=/work/file.txt,readonly --mount type=bind,src=<temp>/ipfs-s3-client-smoke-20260813t004313386z-27684-43ff5656\delete.json,dst=/work/delete.json,readonly amazon/aws-cli:latest --endpoint-url http://gateway:9000 s3 cp /work/file.txt s3://ipfs-s3-aws-20260813t004313386z-27684-43ff5656/a.txt
Completed 55 Bytes/55 Bytes (895 Bytes/s) with 1 file(s) remaining
upload: ../work/file.txt to s3://ipfs-s3-aws-20260813t004313386z-27684-43ff5656/a.txt
docker run --rm --pull=never --network ipfs3-client-smoke-20260813-2904-89cd5c39_default -e AWS_ACCESS_KEY_ID=test -e AWS_SECRET_ACCESS_KEY=test -e AWS_DEFAULT_REGION=us-east-1 -e AWS_EC2_METADATA_DISABLED=true --mount type=bind,src=<temp>/ipfs-s3-client-smoke-20260813t004313386z-27684-43ff5656\file.txt,dst=/work/file.txt,readonly --mount type=bind,src=<temp>/ipfs-s3-client-smoke-20260813t004313386z-27684-43ff5656\delete.json,dst=/work/delete.json,readonly amazon/aws-cli:latest --endpoint-url http://gateway:9000 s3 cp /work/file.txt s3://ipfs-s3-aws-20260813t004313386z-27684-43ff5656/nested/path/file.txt
Completed 55 Bytes/55 Bytes (1008 Bytes/s) with 1 file(s) remaining
upload: ../work/file.txt to s3://ipfs-s3-aws-20260813t004313386z-27684-43ff5656/nested/path/file.txt
docker run --rm --pull=never --network ipfs3-client-smoke-20260813-2904-89cd5c39_default -e AWS_ACCESS_KEY_ID=test -e AWS_SECRET_ACCESS_KEY=test -e AWS_DEFAULT_REGION=us-east-1 -e AWS_EC2_METADATA_DISABLED=true --mount type=bind,src=<temp>/ipfs-s3-client-smoke-20260813t004313386z-27684-43ff5656\file.txt,dst=/work/file.txt,readonly --mount type=bind,src=<temp>/ipfs-s3-client-smoke-20260813t004313386z-27684-43ff5656\delete.json,dst=/work/delete.json,readonly amazon/aws-cli:latest --endpoint-url http://gateway:9000 s3 cp /work/file.txt s3://ipfs-s3-aws-20260813t004313386z-27684-43ff5656/videos/file.txt
Completed 55 Bytes/55 Bytes (1.0 KiB/s) with 1 file(s) remaining
upload: ../work/file.txt to s3://ipfs-s3-aws-20260813t004313386z-27684-43ff5656/videos/file.txt
docker run --rm --pull=never --network ipfs3-client-smoke-20260813-2904-89cd5c39_default -e AWS_ACCESS_KEY_ID=test -e AWS_SECRET_ACCESS_KEY=test -e AWS_DEFAULT_REGION=us-east-1 -e AWS_EC2_METADATA_DISABLED=true --mount type=bind,src=<temp>/ipfs-s3-client-smoke-20260813t004313386z-27684-43ff5656\file.txt,dst=/work/file.txt,readonly --mount type=bind,src=<temp>/ipfs-s3-client-smoke-20260813t004313386z-27684-43ff5656\delete.json,dst=/work/delete.json,readonly amazon/aws-cli:latest --endpoint-url http://gateway:9000 s3 ls s3://ipfs-s3-aws-20260813t004313386z-27684-43ff5656 --recursive
2026-08-13 00:48:35         55 a.txt
2026-08-13 00:48:37         55 nested/path/file.txt
2026-08-13 00:48:39         55 videos/file.txt
docker run --rm --pull=never --network ipfs3-client-smoke-20260813-2904-89cd5c39_default -e AWS_ACCESS_KEY_ID=test -e AWS_SECRET_ACCESS_KEY=test -e AWS_DEFAULT_REGION=us-east-1 -e AWS_EC2_METADATA_DISABLED=true --mount type=bind,src=<temp>/ipfs-s3-client-smoke-20260813t004313386z-27684-43ff5656\file.txt,dst=/work/file.txt,readonly --mount type=bind,src=<temp>/ipfs-s3-client-smoke-20260813t004313386z-27684-43ff5656\delete.json,dst=/work/delete.json,readonly amazon/aws-cli:latest --endpoint-url http://gateway:9000 s3 cp s3://ipfs-s3-aws-20260813t004313386z-27684-43ff5656/nested/path/file.txt -
ipfs-s3-client-smoke-20260813t004313386z-27684-43ff5656
docker run --rm --pull=never --network ipfs3-client-smoke-20260813-2904-89cd5c39_default -e AWS_ACCESS_KEY_ID=test -e AWS_SECRET_ACCESS_KEY=test -e AWS_DEFAULT_REGION=us-east-1 -e AWS_EC2_METADATA_DISABLED=true --mount type=bind,src=<temp>/ipfs-s3-client-smoke-20260813t004313386z-27684-43ff5656\file.txt,dst=/work/file.txt,readonly --mount type=bind,src=<temp>/ipfs-s3-client-smoke-20260813t004313386z-27684-43ff5656\delete.json,dst=/work/delete.json,readonly amazon/aws-cli:latest --endpoint-url http://gateway:9000 s3api get-bucket-location --bucket ipfs-s3-aws-20260813t004313386z-27684-43ff5656 --output json
{
    "LocationConstraint": null
}
docker run --rm --pull=never --network ipfs3-client-smoke-20260813-2904-89cd5c39_default -e AWS_ACCESS_KEY_ID=test -e AWS_SECRET_ACCESS_KEY=test -e AWS_DEFAULT_REGION=us-east-1 -e AWS_EC2_METADATA_DISABLED=true --mount type=bind,src=<temp>/ipfs-s3-client-smoke-20260813t004313386z-27684-43ff5656\file.txt,dst=/work/file.txt,readonly --mount type=bind,src=<temp>/ipfs-s3-client-smoke-20260813t004313386z-27684-43ff5656\delete.json,dst=/work/delete.json,readonly amazon/aws-cli:latest --endpoint-url http://gateway:9000 s3api list-objects --bucket ipfs-s3-aws-20260813t004313386z-27684-43ff5656 --delimiter / --max-keys 2 --output json
{
    "IsTruncated": true,
    "NextMarker": "nested/path/file.txt",
    "Contents": [
        {
            "Key": "a.txt",
            "LastModified": "2026-08-13T00:48:35.830000+00:00",
            "ETag": "\"bafkreicfodt3gdlunhj7ojhh5roa2gm554sufkc7awvmi3d4jjkrium7zm\"",
            "Size": 55
        }
    ],
    "Name": "ipfs-s3-aws-20260813t004313386z-27684-43ff5656",
    "Prefix": "",
    "Delimiter": "/",
    "MaxKeys": 2,
    "CommonPrefixes": [
        {
            "Prefix": "nested/"
        }
    ],
    "EncodingType": "url"
}
docker run --rm --pull=never --network ipfs3-client-smoke-20260813-2904-89cd5c39_default -e AWS_ACCESS_KEY_ID=test -e AWS_SECRET_ACCESS_KEY=test -e AWS_DEFAULT_REGION=us-east-1 -e AWS_EC2_METADATA_DISABLED=true --mount type=bind,src=<temp>/ipfs-s3-client-smoke-20260813t004313386z-27684-43ff5656\file.txt,dst=/work/file.txt,readonly --mount type=bind,src=<temp>/ipfs-s3-client-smoke-20260813t004313386z-27684-43ff5656\delete.json,dst=/work/delete.json,readonly amazon/aws-cli:latest --endpoint-url http://gateway:9000 s3api head-object --bucket ipfs-s3-aws-20260813t004313386z-27684-43ff5656 --key nested/path/file.txt --output json
{
    "LastModified": "2026-08-13T00:48:37+00:00",
    "ContentLength": 55,
    "ETag": "\"bafkreicfodt3gdlunhj7ojhh5roa2gm554sufkc7awvmi3d4jjkrium7zm\"",
    "ContentType": "text/plain",
    "Metadata": {}
}
docker run --rm --pull=never --network host -e AWS_ACCESS_KEY_ID=test -e AWS_SECRET_ACCESS_KEY=test -e AWS_DEFAULT_REGION=us-east-1 -e AWS_EC2_METADATA_DISABLED=true --mount type=bind,src=<temp>/ipfs-s3-client-smoke-20260813t004313386z-27684-43ff5656\file.txt,dst=/work/file.txt,readonly --mount type=bind,src=<temp>/ipfs-s3-client-smoke-20260813t004313386z-27684-43ff5656\delete.json,dst=/work/delete.json,readonly amazon/aws-cli:latest --endpoint-url http://127.0.0.1:9000 s3api head-object --bucket ipfs-s3-aws-20260813t004313386z-27684-43ff5656 --key nested/path/file.txt --output json
{
    "LastModified": "2026-08-13T00:48:37+00:00",
    "ContentLength": 55,
    "ETag": "\"bafkreicfodt3gdlunhj7ojhh5roa2gm554sufkc7awvmi3d4jjkrium7zm\"",
    "ContentType": "text/plain",
    "Metadata": {}
}
[EVIDENCE] client=Aws verifier=Aws dual_head=PASSED key=nested/path/file.txt localhost=http://127.0.0.1:9000 network=http://gateway:9000 etag=bafkreicfodt3gdlunhj7ojhh5roa2gm554sufkc7awvmi3d4jjkrium7zm content_length=55
docker run --rm --pull=never --network ipfs3-client-smoke-20260813-2904-89cd5c39_default -e AWS_ACCESS_KEY_ID=test -e AWS_SECRET_ACCESS_KEY=test -e AWS_DEFAULT_REGION=us-east-1 -e AWS_EC2_METADATA_DISABLED=true --mount type=bind,src=<temp>/ipfs-s3-client-smoke-20260813t004313386z-27684-43ff5656\file.txt,dst=/work/file.txt,readonly --mount type=bind,src=<temp>/ipfs-s3-client-smoke-20260813t004313386z-27684-43ff5656\delete.json,dst=/work/delete.json,readonly amazon/aws-cli:latest --endpoint-url http://gateway:9000 s3api delete-objects --bucket ipfs-s3-aws-20260813t004313386z-27684-43ff5656 --delete file:///work/delete.json
{
    "Deleted": [
        {
            "Key": "a.txt"
        },
        {
            "Key": "nested/path/file.txt"
        },
        {
            "Key": "videos/file.txt"
        },
        {
            "Key": "missing"
        }
    ]
}
docker run --rm --pull=never --network ipfs3-client-smoke-20260813-2904-89cd5c39_default -e AWS_ACCESS_KEY_ID=test -e AWS_SECRET_ACCESS_KEY=test -e AWS_DEFAULT_REGION=us-east-1 -e AWS_EC2_METADATA_DISABLED=true --mount type=bind,src=<temp>/ipfs-s3-client-smoke-20260813t004313386z-27684-43ff5656\file.txt,dst=/work/file.txt,readonly --mount type=bind,src=<temp>/ipfs-s3-client-smoke-20260813t004313386z-27684-43ff5656\delete.json,dst=/work/delete.json,readonly amazon/aws-cli:latest --endpoint-url http://gateway:9000 s3 cp /work/file.txt s3://ipfs-s3-aws-20260813t004313386z-27684-43ff5656/cleanup.txt
Completed 55 Bytes/55 Bytes (1.1 KiB/s) with 1 file(s) remaining
upload: ../work/file.txt to s3://ipfs-s3-aws-20260813t004313386z-27684-43ff5656/cleanup.txt
docker run --rm --pull=never --network ipfs3-client-smoke-20260813-2904-89cd5c39_default -e AWS_ACCESS_KEY_ID=test -e AWS_SECRET_ACCESS_KEY=test -e AWS_DEFAULT_REGION=us-east-1 -e AWS_EC2_METADATA_DISABLED=true --mount type=bind,src=<temp>/ipfs-s3-client-smoke-20260813t004313386z-27684-43ff5656\file.txt,dst=/work/file.txt,readonly --mount type=bind,src=<temp>/ipfs-s3-client-smoke-20260813t004313386z-27684-43ff5656\delete.json,dst=/work/delete.json,readonly amazon/aws-cli:latest --endpoint-url http://gateway:9000 s3 rm s3://ipfs-s3-aws-20260813t004313386z-27684-43ff5656/cleanup.txt
delete: s3://ipfs-s3-aws-20260813t004313386z-27684-43ff5656/cleanup.txt
docker run --rm --pull=never --network ipfs3-client-smoke-20260813-2904-89cd5c39_default -e AWS_ACCESS_KEY_ID=test -e AWS_SECRET_ACCESS_KEY=test -e AWS_DEFAULT_REGION=us-east-1 -e AWS_EC2_METADATA_DISABLED=true --mount type=bind,src=<temp>/ipfs-s3-client-smoke-20260813t004313386z-27684-43ff5656\file.txt,dst=/work/file.txt,readonly --mount type=bind,src=<temp>/ipfs-s3-client-smoke-20260813t004313386z-27684-43ff5656\delete.json,dst=/work/delete.json,readonly amazon/aws-cli:latest --endpoint-url http://gateway:9000 s3 rb s3://ipfs-s3-aws-20260813t004313386z-27684-43ff5656
remove_bucket: ipfs-s3-aws-20260813t004313386z-27684-43ff5656
[RESULT] client=Aws status=PASSED dual_head=PASSED detail=all commands and assertions completed evidence=client-smoke.log
Compose services and volumes preserved.
Evidence log: client-smoke.log
[ENVELOPE] runner_exit=0
ipfs-s3-gateway
ipfs-s3-kubo
ipfs3-client-smoke-20260813-2904-89cd5c39_default
ipfs3-client-smoke-20260813-2904-89cd5c39_gateway_data
ipfs3-client-smoke-20260813-2904-89cd5c39_ipfs_data
[ENVELOPE] stack_attempted=TRUE owned_stack=TRUE owned_containers=2 owned_networks=1 owned_volumes=2
[ENVELOPE] diagnostics=BEGIN
ipfs-s3-gateway  | 2026-08-13T00:48:05.707230Z  INFO ipfs_s3_gateway: starting ipfs-s3-gateway bind=0.0.0.0:9000 kubo=http://kubo:5001
ipfs-s3-kubo     | [ipfs-init] initializing repo at /data/ipfs ...
ipfs-s3-gateway  | 2026-08-13T00:48:05.832263Z  INFO sqlx::query: summary="PRAGMA foreign_keys = ON; 鈥? db.statement="\n\nPRAGMA foreign_keys = ON; \n" rows_affected=0 rows_returned=0 elapsed=127.402碌s elapsed_secs=0.000127402
ipfs-s3-kubo     | [ipfs-init] applying optimized config ...
ipfs-s3-gateway  | 2026-08-13T00:48:05.840251Z  INFO sqlx::query: summary="CREATE TABLE IF NOT 鈥? db.statement="\n\nCREATE TABLE IF NOT EXISTS \"seaql_migrations\" ( \"version\" varchar NOT NULL PRIMARY KEY, \"applied_at\" bigint NOT NULL )\n" rows_affected=0 rows_returned=0 elapsed=7.496738ms elapsed_secs=0.007496738
ipfs-s3-kubo     | Error: failed to set config value: failure to decode config: json: cannot unmarshal string into Go struct field Gateway.Gateway.HTTPHeaders of type []string (maybe use --json?)
ipfs-s3-kubo     | Error: failed to set config value: failure to decode config: json: cannot unmarshal string into Go struct field Datastore.Datastore.BloomFilterSize of type int (maybe use --json?)
ipfs-s3-kubo     | [ipfs-init] config applied successfully.
ipfs-s3-gateway  | 2026-08-13T00:48:05.840419Z  INFO sea_orm_migration::migrator: Applying all pending migrations
ipfs-s3-kubo     | Initializing daemon...
ipfs-s3-kubo     | Kubo version: 0.43.0-e9914bb
ipfs-s3-kubo     | Repo version: 18
ipfs-s3-kubo     | System version: amd64/linux
ipfs-s3-kubo     | Golang version: go1.26.5
ipfs-s3-kubo     | PeerID: 12D3KooWPabb131diEpa9TFk9Xu79AdThBk59d5H3JwpoFapnzDR
ipfs-s3-gateway  | 2026-08-13T00:48:05.841216Z  INFO sqlx::query: summary="CREATE TABLE IF NOT 鈥? db.statement="\n\nCREATE TABLE IF NOT EXISTS \"seaql_migrations\" ( \"version\" varchar NOT NULL PRIMARY KEY, \"applied_at\" bigint NOT NULL )\n" rows_affected=0 rows_returned=0 elapsed=198.73碌s elapsed_secs=0.00019873
ipfs-s3-gateway  | 2026-08-13T00:48:05.841983Z  INFO sqlx::query: summary="CREATE TABLE IF NOT 鈥? db.statement="\n\nCREATE TABLE IF NOT EXISTS \"seaql_migrations\" ( \"version\" varchar NOT NULL PRIMARY KEY, \"applied_at\" bigint NOT NULL )\n" rows_affected=0 rows_returned=0 elapsed=61.273碌s elapsed_secs=6.1273e-5
ipfs-s3-gateway  | 2026-08-13T00:48:05.842345Z  INFO sqlx::query: summary="CREATE TABLE IF NOT 鈥? db.statement="\n\nCREATE TABLE IF NOT EXISTS \"seaql_migrations\" ( \"version\" varchar NOT NULL PRIMARY KEY, \"applied_at\" bigint NOT NULL )\n" rows_affected=0 rows_returned=0 elapsed=30.382碌s elapsed_secs=3.0382e-5
ipfs-s3-gateway  | 2026-08-13T00:48:05.843002Z  INFO sqlx::query: summary="SELECT \"version\", \"applied_at\" FROM 鈥? db.statement="\n\nSELECT \"version\", \"applied_at\" FROM \"seaql_migrations\" ORDER BY \"version\" ASC\n" rows_affected=0 rows_returned=0 elapsed=139.764碌s elapsed_secs=0.000139764
ipfs-s3-gateway  | 2026-08-13T00:48:05.843245Z  INFO sea_orm_migration::migrator: Applying migration 'm20250701_000001_init'
ipfs-s3-gateway  | 2026-08-13T00:48:05.866478Z  INFO sqlx::query: summary="CREATE TABLE IF NOT 鈥? db.statement="\n\nCREATE TABLE IF NOT EXISTS buckets (\n                name TEXT PRIMARY KEY NOT NULL,\n                created_at TIMESTAMP NOT NULL DEFAULT CURRENT_TIMESTAMP,\n                owner TEXT\n            )\n" rows_affected=0 rows_returned=0 elapsed=22.989726ms elapsed_secs=0.022989726
ipfs-s3-gateway  | 2026-08-13T00:48:05.879018Z  INFO sqlx::query: summary="CREATE TABLE IF NOT 鈥? db.statement="\n\nCREATE TABLE IF NOT EXISTS objects (\n                id TEXT PRIMARY KEY NOT NULL,\n                bucket TEXT NOT NULL REFERENCES buckets(name) ON DELETE CASCADE,\n                key TEXT NOT NULL,\n                cid TEXT NOT NULL,\n                size BIGINT NOT NULL,\n                content_type TEXT,\n                etag TEXT NOT NULL,\n                metadata TEXT,\n                encrypted BOOLEAN NOT NULL DEFAULT FALSE,\n                key_wrap TEXT,\n                multipart BOOLEAN NOT NULL DEFAULT FALSE,\n                is_latest BOOLEAN NOT NULL DEFAULT TRUE,\n                created_at TIMESTAMP NOT NULL DEFAULT CURRENT_TIMESTAMP,\n                UNIQUE(bucket, key, id)\n            )\n" rows_affected=0 rows_returned=0 elapsed=11.819303ms elapsed_secs=0.011819303
ipfs-s3-gateway  | 2026-08-13T00:48:05.886115Z  INFO sqlx::query: summary="CREATE UNIQUE INDEX IF 鈥? db.statement="\n\nCREATE UNIQUE INDEX IF NOT EXISTS idx_objects_latest\n               ON objects (bucket, key) WHERE is_latest = TRUE\n" rows_affected=0 rows_returned=0 elapsed=5.966769ms elapsed_secs=0.005966769
ipfs-s3-kubo     | Swarm listening on 127.0.0.1:4001 (TCP)
ipfs-s3-gateway  | 2026-08-13T00:48:05.895344Z  INFO sqlx::query: summary="CREATE TABLE IF NOT 鈥? db.statement="\n\nCREATE TABLE IF NOT EXISTS multipart_uploads (\n                upload_id TEXT PRIMARY KEY NOT NULL,\n                object_id TEXT NOT NULL,\n                bucket TEXT NOT NULL REFERENCES buckets(name) ON DELETE CASCADE,\n                key TEXT NOT NULL,\n                created_at TIMESTAMP NOT NULL DEFAULT CURRENT_TIMESTAMP,\n                encryption_mode TEXT NOT NULL DEFAULT 'none',\n                key_wrap TEXT,\n                content_type TEXT,\n                metadata TEXT\n            )\n" rows_affected=0 rows_returned=0 elapsed=8.477635ms elapsed_secs=0.008477635
ipfs-s3-gateway  | 2026-08-13T00:48:05.903146Z  INFO sqlx::query: summary="CREATE TABLE IF NOT 鈥? db.statement="\n\nCREATE TABLE IF NOT EXISTS multipart_parts (\n                upload_id TEXT NOT NULL REFERENCES multipart_uploads(upload_id) ON DELETE CASCADE,\n                part_number INTEGER NOT NULL,\n                cid TEXT NOT NULL,\n                size BIGINT NOT NULL,\n                etag TEXT NOT NULL,\n                uploaded_at TIMESTAMP NOT NULL DEFAULT CURRENT_TIMESTAMP,\n                PRIMARY KEY (upload_id, part_number)\n            )\n" rows_affected=0 rows_returned=0 elapsed=7.29705ms elapsed_secs=0.00729705
ipfs-s3-gateway  | 2026-08-13T00:48:05.903468Z  INFO sea_orm_migration::migrator: Migration 'm20250701_000001_init' has been applied
ipfs-s3-gateway  | 2026-08-13T00:48:05.911269Z  INFO sqlx::query: summary="INSERT INTO \"seaql_migrations\" (\"version\", 鈥? db.statement="\n\nINSERT INTO \"seaql_migrations\" (\"version\", \"applied_at\") VALUES (?, ?)\n" rows_affected=1 rows_returned=0 elapsed=7.252872ms elapsed_secs=0.007252872
ipfs-s3-gateway  | 2026-08-13T00:48:05.911502Z  INFO sea_orm_migration::migrator: Applying migration 'm20260707_000001_decompress_zip'
ipfs-s3-gateway  | 2026-08-13T00:48:05.920972Z  INFO sqlx::query: summary="ALTER TABLE \"multipart_uploads\" ADD 鈥? db.statement="\n\nALTER TABLE \"multipart_uploads\" ADD COLUMN \"decompress_zip_target\" text\n" rows_affected=1 rows_returned=0 elapsed=9.164202ms elapsed_secs=0.009164202
ipfs-s3-gateway  | 2026-08-13T00:48:05.931480Z  INFO sqlx::query: summary="ALTER TABLE \"multipart_uploads\" ADD 鈥? db.statement="\n\nALTER TABLE \"multipart_uploads\" ADD COLUMN \"decompress_zip_result\" BOOLEAN NOT NULL DEFAULT TRUE\n" rows_affected=1 rows_returned=0 elapsed=9.537956ms elapsed_secs=0.009537956
ipfs-s3-gateway  | 2026-08-13T00:48:05.931790Z  INFO sea_orm_migration::migrator: Migration 'm20260707_000001_decompress_zip' has been applied
ipfs-s3-gateway  | 2026-08-13T00:48:05.937431Z  INFO sqlx::query: summary="INSERT INTO \"seaql_migrations\" (\"version\", 鈥? db.statement="\n\nINSERT INTO \"seaql_migrations\" (\"version\", \"applied_at\") VALUES (?, ?)\n" rows_affected=1 rows_returned=0 elapsed=4.941757ms elapsed_secs=0.004941757
ipfs-s3-gateway  | 2026-08-13T00:48:05.937612Z  INFO sea_orm_migration::migrator: Applying migration 'm20260720_000001_sse_c_key_fingerprint'
ipfs-s3-gateway  | 2026-08-13T00:48:05.944158Z  INFO sqlx::query: summary="ALTER TABLE \"objects\" ADD 鈥? db.statement="\n\nALTER TABLE \"objects\" ADD COLUMN \"sse_c_key_fingerprint\" text\n" rows_affected=1 rows_returned=0 elapsed=6.111177ms elapsed_secs=0.006111177
ipfs-s3-kubo     | Swarm listening on 172.18.0.2:4001 (TCP)
ipfs-s3-gateway  | 2026-08-13T00:48:05.953562Z  INFO sqlx::query: summary="ALTER TABLE \"multipart_uploads\" ADD 鈥? db.statement="\n\nALTER TABLE \"multipart_uploads\" ADD COLUMN \"sse_c_key_fingerprint\" text\n" rows_affected=1 rows_returned=0 elapsed=8.902423ms elapsed_secs=0.008902423
ipfs-s3-kubo     | Swarm listening on [::1]:4001 (TCP)
ipfs-s3-gateway  | 2026-08-13T00:48:05.953737Z  INFO sea_orm_migration::migrator: Migration 'm20260720_000001_sse_c_key_fingerprint' has been applied
ipfs-s3-kubo     | Run 'ipfs id' to inspect announced and discovered multiaddrs of this node.
ipfs-s3-kubo     | RPC API server listening on /ip4/0.0.0.0/tcp/5001
ipfs-s3-gateway  | 2026-08-13T00:48:05.969535Z  INFO sqlx::query: summary="INSERT INTO \"seaql_migrations\" (\"version\", 鈥? db.statement="\n\nINSERT INTO \"seaql_migrations\" (\"version\", \"applied_at\") VALUES (?, ?)\n" rows_affected=1 rows_returned=0 elapsed=15.348711ms elapsed_secs=0.015348711
ipfs-s3-kubo     | WebUI: http://127.0.0.1:5001/webui
ipfs-s3-gateway  | 2026-08-13T00:48:05.969756Z  INFO sea_orm_migration::migrator: Applying migration 'm20260721_000001_multi_provider_pinning'
ipfs-s3-gateway  | 2026-08-13T00:48:05.978631Z  INFO sqlx::query: summary="CREATE TABLE IF NOT 鈥? db.statement="\n\nCREATE TABLE IF NOT EXISTS \"object_tags\" ( \"object_id\" text NOT NULL, \"key\" text NOT NULL, \"value\" text NOT NULL, CONSTRAINT \"pk_object_tags\" PRIMARY KEY (\"object_id\", \"key\"), FOREIGN KEY (\"object_id\") REFERENCES \"objects\" (\"id\") ON DELETE CASCADE )\n" rows_affected=1 rows_returned=0 elapsed=8.434233ms elapsed_secs=0.008434233
ipfs-s3-gateway  | 2026-08-13T00:48:05.986569Z  INFO sqlx::query: summary="CREATE TABLE IF NOT 鈥? db.statement="\n\nCREATE TABLE IF NOT EXISTS \"pin_leases\" ( \"id\" text NOT NULL PRIMARY KEY, \"owner_object_id\" text NOT NULL, \"source\" text NOT NULL, \"policy_id\" text NOT NULL, \"provider_mode\" text NOT NULL, \"content_mode\" text NOT NULL, \"created_at\" timestamp_with_timezone_text NOT NULL, \"last_touched_at\" timestamp_with_timezone_text NOT NULL, \"expires_at\" timestamp_with_timezone_text NOT NULL, \"generation\" bigint NOT NULL, \"state\" text NOT NULL, FOREIGN KEY (\"owner_object_id\") REFERENCES \"objects\" (\"id\") ON DELETE CASCADE, CHECK (\"state\" IN ('active', 'expired', 'cancelled', 'evicted')) )\n" rows_affected=1 rows_returned=0 elapsed=7.411082ms elapsed_secs=0.007411082
ipfs-s3-kubo     | Gateway server listening on /ip4/0.0.0.0/tcp/8080
ipfs-s3-gateway  | 2026-08-13T00:48:05.999297Z  INFO sqlx::query: summary="CREATE TABLE IF NOT 鈥? db.statement="\n\nCREATE TABLE IF NOT EXISTS \"pin_lease_targets\" ( \"id\" text NOT NULL PRIMARY KEY, \"lease_id\" text NOT NULL, \"cid\" text NOT NULL, \"logical_size\" bigint NOT NULL, \"provider\" text NOT NULL, \"state\" text NOT NULL, \"created_at\" timestamp_with_timezone_text NOT NULL, \"last_touched_at\" timestamp_with_timezone_text NOT NULL, FOREIGN KEY (\"lease_id\") REFERENCES \"pin_leases\" (\"id\") ON DELETE CASCADE, CHECK (\"state\" IN ('waiting', 'submitted', 'pinned', 'degraded', 'quota_waiting', 'quota_blocked', 'evicted', 'released')) )\n" rows_affected=1 rows_returned=0 elapsed=12.11353ms elapsed_secs=0.01211353
ipfs-s3-kubo     | Routing V1 API exposed at http://0.0.0.0:8080/routing/v1
ipfs-s3-kubo     | Daemon is ready
ipfs-s3-gateway  | 2026-08-13T00:48:06.011225Z  INFO sqlx::query: summary="CREATE TABLE IF NOT 鈥? db.statement="\n\nCREATE TABLE IF NOT EXISTS \"remote_pins\" ( \"provider\" text NOT NULL, \"cid\" text NOT NULL, \"request_id\" text, \"cid_size\" bigint NOT NULL, \"status\" text NOT NULL, \"epoch\" bigint NOT NULL, \"failure_attempts\" integer NOT NULL DEFAULT 0, \"next_retry_at\" timestamp_with_timezone_text, \"last_failed_request_id\" text, \"last_touched_at\" timestamp_with_timezone_text NOT NULL, \"last_error_class\" text, \"last_error_text\" text, CONSTRAINT \"pk_remote_pins\" PRIMARY KEY (\"provider\", \"cid\"), CHECK (\"status\" IN ('reserved', 'queued', 'pinning', 'pinned', 'failed', 'absent')), CHECK (\"epoch\" >= 1), CHECK (\"failure_attempts\" >= 0) )\n" rows_affected=1 rows_returned=0 elapsed=11.116386ms elapsed_secs=0.011116386
ipfs-s3-gateway  | 2026-08-13T00:48:06.019256Z  INFO sqlx::query: summary="CREATE TABLE IF NOT 鈥? db.statement="\n\nCREATE TABLE IF NOT EXISTS \"pin_jobs\" ( \"id\" text NOT NULL PRIMARY KEY, \"operation\" text NOT NULL, \"provider\" text NOT NULL, \"cid\" text NOT NULL, \"lease_id\" text, \"target_id\" text, \"expected_generation\" bigint, \"expected_remote_epoch\" bigint, \"state\" text NOT NULL DEFAULT 'pending', \"attempts\" integer NOT NULL DEFAULT 0, \"next_attempt_at\" timestamp_with_timezone_text NOT NULL, \"locked_until\" timestamp_with_timezone_text, \"submit_phase\" text DEFAULT 'ready', \"last_error\" text, \"created_at\" timestamp_with_timezone_text NOT NULL DEFAULT CURRENT_TIMESTAMP, \"updated_at\" timestamp_with_timezone_text NOT NULL DEFAULT CURRENT_TIMESTAMP, CHECK (\"state\" IN ('pending', 'running', 'done')), CHECK (((operation IN ('submit', 'poll') AND lease_id IS NOT NULL AND target_id IS NOT NULL AND expected_generation IS NOT NULL AND expected_remote_epoch IS NULL) OR (operation IN ('unpin', 'reconcile') AND lease_id IS NULL AND target_id IS NULL AND expected_generation IS NULL AND expected_remote_epoch IS NOT NULL))), CHECK (((operation = 'submit' AND submit_phase IS NOT NULL AND submit_phase IN ('ready', 'calling', 'recovering', 'recovery_backoff')) OR (operation <> 'submit' AND submit_phase IS NULL))) )\n" rows_affected=1 rows_returned=0 elapsed=7.401755ms elapsed_secs=0.007401755
ipfs-s3-gateway  | 2026-08-13T00:48:06.028661Z  INFO sqlx::query: summary="CREATE TABLE IF NOT 鈥? db.statement="\n\nCREATE TABLE IF NOT EXISTS \"pin_provider_usage\" ( \"provider\" text NOT NULL PRIMARY KEY, \"reserved_bytes\" bigint NOT NULL DEFAULT 0, \"reserved_pins\" bigint NOT NULL DEFAULT 0, \"observed_bytes\" bigint, \"observed_pins\" bigint, \"observed_at\" timestamp_with_timezone_text )\n" rows_affected=1 rows_returned=0 elapsed=8.713184ms elapsed_secs=0.008713184
ipfs-s3-gateway  | 2026-08-13T00:48:06.038652Z  INFO sqlx::query: summary="CREATE UNIQUE INDEX IF 鈥? db.statement="\n\nCREATE UNIQUE INDEX IF NOT EXISTS \"uq_pin_leases_owner_object_source\" ON \"pin_leases\" (\"owner_object_id\", \"source\")\n" rows_affected=1 rows_returned=0 elapsed=9.336966ms elapsed_secs=0.009336966
ipfs-s3-gateway  | 2026-08-13T00:48:06.057129Z  INFO sqlx::query: summary="CREATE UNIQUE INDEX IF 鈥? db.statement="\n\nCREATE UNIQUE INDEX IF NOT EXISTS \"uq_pin_lease_targets_lease_cid_provider\" ON \"pin_lease_targets\" (\"lease_id\", \"cid\", \"provider\")\n" rows_affected=1 rows_returned=0 elapsed=17.907843ms elapsed_secs=0.017907843
ipfs-s3-gateway  | 2026-08-13T00:48:06.065979Z  INFO sqlx::query: summary="CREATE INDEX IF NOT 鈥? db.statement="\n\nCREATE INDEX IF NOT EXISTS \"idx_pin_jobs_state_next_attempt_locked\" ON \"pin_jobs\" (\"state\", \"next_attempt_at\", \"locked_until\")\n" rows_affected=1 rows_returned=0 elapsed=8.247146ms elapsed_secs=0.008247146
ipfs-s3-gateway  | 2026-08-13T00:48:06.075440Z  INFO sqlx::query: summary="CREATE INDEX IF NOT 鈥? db.statement="\n\nCREATE INDEX IF NOT EXISTS \"idx_remote_pins_provider_last_touched\" ON \"remote_pins\" (\"provider\", \"last_touched_at\")\n" rows_affected=1 rows_returned=0 elapsed=8.756607ms elapsed_secs=0.008756607
ipfs-s3-gateway  | 2026-08-13T00:48:06.085629Z  INFO sqlx::query: summary="CREATE INDEX IF NOT 鈥? db.statement="\n\nCREATE INDEX IF NOT EXISTS \"idx_pin_lease_targets_provider_cid_state\" ON \"pin_lease_targets\" (\"provider\", \"cid\", \"state\")\n" rows_affected=1 rows_returned=0 elapsed=9.38436ms elapsed_secs=0.00938436
ipfs-s3-gateway  | 2026-08-13T00:48:06.094294Z  INFO sqlx::query: summary="CREATE INDEX IF NOT 鈥? db.statement="\n\nCREATE INDEX IF NOT EXISTS \"idx_pin_leases_state_expires\" ON \"pin_leases\" (\"state\", \"expires_at\")\n" rows_affected=1 rows_returned=0 elapsed=8.046698ms elapsed_secs=0.008046698
ipfs-s3-gateway  | 2026-08-13T00:48:06.095407Z  INFO sqlx::query: summary="SELECT COUNT(*) > 0 鈥? db.statement="\n\nSELECT COUNT(*) > 0 AS \"has_column\" FROM pragma_table_info(?) WHERE \"name\" = ?\n" rows_affected=0 rows_returned=1 elapsed=411.671碌s elapsed_secs=0.000411671
ipfs-s3-gateway  | 2026-08-13T00:48:06.103498Z  INFO sqlx::query: summary="ALTER TABLE \"multipart_uploads\" ADD 鈥? db.statement="\n\nALTER TABLE \"multipart_uploads\" ADD COLUMN \"tags_json\" text NOT NULL DEFAULT '[]'\n" rows_affected=1 rows_returned=0 elapsed=7.619761ms elapsed_secs=0.007619761
ipfs-s3-gateway  | 2026-08-13T00:48:06.103706Z  INFO sea_orm_migration::migrator: Migration 'm20260721_000001_multi_provider_pinning' has been applied
ipfs-s3-gateway  | 2026-08-13T00:48:06.112582Z  INFO sqlx::query: summary="INSERT INTO \"seaql_migrations\" (\"version\", 鈥? db.statement="\n\nINSERT INTO \"seaql_migrations\" (\"version\", \"applied_at\") VALUES (?, ?)\n" rows_affected=1 rows_returned=0 elapsed=8.593494ms elapsed_secs=0.008593494
ipfs-s3-gateway  | 2026-08-13T00:48:06.112749Z  INFO sea_orm_migration::migrator: Applying migration 'm20260729_000001_ipfs3_import'
ipfs-s3-gateway  | 2026-08-13T00:48:06.120113Z  INFO sqlx::query: summary="CREATE TABLE IF NOT 鈥? db.statement="\n\nCREATE TABLE IF NOT EXISTS \"import_jobs\" ( \"id\" text NOT NULL PRIMARY KEY, \"bucket\" text NOT NULL, \"key\" text NOT NULL, \"source_type\" text NOT NULL, \"source_value\" text NOT NULL, \"request_fingerprint\" text NOT NULL, \"client_token\" text, \"object_content_type\" text, \"metadata_json\" text NOT NULL, \"tags_json\" text NOT NULL, \"decompress_prefix\" text, \"state\" text NOT NULL, \"phase\" text NOT NULL, \"attempts\" integer NOT NULL, \"next_attempt_at\" timestamp_with_timezone_text NOT NULL, \"locked_by\" text, \"locked_until\" timestamp_with_timezone_text, \"claim_epoch\" bigint NOT NULL DEFAULT 0, \"providers_observed\" bigint NOT NULL, \"pin_nodes_processed\" bigint NOT NULL, \"pin_bytes_processed\" bigint NOT NULL, \"downloaded_bytes\" bigint NOT NULL, \"download_total\" bigint, \"ipfs_add_bytes\" bigint NOT NULL, \"logical_size\" bigint, \"entries_processed\" bigint NOT NULL, \"entries_succeeded\" bigint NOT NULL, \"entries_failed\" bigint NOT NULL, \"decompressed_bytes\" bigint NOT NULL, \"final_cid\" text, \"failure_code\" text, \"failure_message\" text, \"created_at\" timestamp_with_timezone_text NOT NULL, \"updated_at\" timestamp_with_timezone_text NOT NULL, \"completed_at\" timestamp_with_timezone_text, CHECK (\"source_type\" IN ('cid', 'url')), CHECK (\"state\" IN ('queued', 'running', 'completed', 'failed', 'superseded')), CHECK (\"phase\" IN ('queued', 'discovering_providers', 'pinning_local', 'downloading', 'adding_to_ipfs', 'inspecting', 'decompressing', 'publishing')), CHECK (\"attempts\" >= 0), CHECK (\"claim_epoch\" >= 0), CHECK (\"providers_observed\" >= 0), CHECK (\"pin_nodes_processed\" >= 0), CHECK (\"pin_bytes_processed\" >= 0), CHECK (\"downloaded_bytes\" >= 0), CHECK (\"download_total\" >= 0), CHECK (\"ipfs_add_bytes\" >= 0), CHECK (\"logical_size\" >= 0), CHECK (\"entries_processed\" >= 0), CHECK (\"entries_succeeded\" >= 0), CHECK (\"entries_failed\" >= 0), CHECK (\"decompressed_bytes\" >= 0) )\n" rows_affected=1 rows_returned=0 elapsed=6.946883ms elapsed_secs=0.006946883
ipfs-s3-gateway  | 2026-08-13T00:48:06.128390Z  INFO sqlx::query: summary="CREATE TABLE IF NOT 鈥? db.statement="\n\nCREATE TABLE IF NOT EXISTS \"import_destinations\" ( \"bucket\" text NOT NULL, \"key\" text NOT NULL, \"generation\" bigint NOT NULL, \"owner_job_id\" text, \"updated_at\" timestamp_with_timezone_text NOT NULL, CONSTRAINT \"pk_import_destinations\" PRIMARY KEY (\"bucket\", \"key\"), FOREIGN KEY (\"bucket\") REFERENCES \"buckets\" (\"name\") ON DELETE CASCADE, FOREIGN KEY (\"owner_job_id\") REFERENCES \"import_jobs\" (\"id\") ON DELETE SET NULL, CHECK (\"generation\" >= 1) )\n" rows_affected=1 rows_returned=0 elapsed=7.643868ms elapsed_secs=0.007643868
ipfs-s3-gateway  | 2026-08-13T00:48:06.138983Z  INFO sqlx::query: summary="CREATE TABLE IF NOT 鈥? db.statement="\n\nCREATE TABLE IF NOT EXISTS \"import_prefix_claims\" ( \"job_id\" text NOT NULL, \"bucket\" text NOT NULL, \"prefix\" text NOT NULL, \"claim_order\" bigint NOT NULL, CONSTRAINT \"pk_import_prefix_claims\" PRIMARY KEY (\"job_id\", \"bucket\", \"prefix\"), FOREIGN KEY (\"job_id\") REFERENCES \"import_jobs\" (\"id\") ON DELETE CASCADE, FOREIGN KEY (\"bucket\") REFERENCES \"buckets\" (\"name\") ON DELETE CASCADE, CHECK (\"claim_order\" >= 0) )\n" rows_affected=1 rows_returned=0 elapsed=9.662675ms elapsed_secs=0.009662675
ipfs-s3-gateway  | 2026-08-13T00:48:06.149192Z  INFO sqlx::query: summary="CREATE TABLE IF NOT 鈥? db.statement="\n\nCREATE TABLE IF NOT EXISTS \"import_job_targets\" ( \"job_id\" text NOT NULL, \"bucket\" text NOT NULL, \"key\" text NOT NULL, \"expected_generation\" bigint NOT NULL, \"kind\" text NOT NULL, CONSTRAINT \"pk_import_job_targets\" PRIMARY KEY (\"job_id\", \"bucket\", \"key\"), FOREIGN KEY (\"job_id\") REFERENCES \"import_jobs\" (\"id\") ON DELETE CASCADE, FOREIGN KEY (\"bucket\") REFERENCES \"buckets\" (\"name\") ON DELETE CASCADE, CHECK (\"expected_generation\" >= 1), CHECK (\"kind\" IN ('archive', 'extracted')) )\n" rows_affected=1 rows_returned=0 elapsed=9.55264ms elapsed_secs=0.00955264
ipfs-s3-gateway  | 2026-08-13T00:48:06.158670Z  INFO sqlx::query: summary="CREATE TABLE IF NOT 鈥? db.statement="\n\nCREATE TABLE IF NOT EXISTS \"import_job_results\" ( \"job_id\" text NOT NULL, \"sequence\" bigint NOT NULL, \"key\" text NOT NULL, \"cid\" text, \"size\" bigint, \"error_code\" text, \"error_message\" text, CONSTRAINT \"pk_import_job_results\" PRIMARY KEY (\"job_id\", \"sequence\"), FOREIGN KEY (\"job_id\") REFERENCES \"import_jobs\" (\"id\") ON DELETE CASCADE, CHECK (\"sequence\" >= 0), CHECK (\"size\" >= 0), CHECK (((cid IS NOT NULL AND size IS NOT NULL AND error_code IS NULL AND error_message IS NULL) OR (cid IS NULL AND size IS NULL AND error_code IS NOT NULL AND error_message IS NOT NULL))) )\n" rows_affected=1 rows_returned=0 elapsed=8.890103ms elapsed_secs=0.008890103
ipfs-s3-gateway  | 2026-08-13T00:48:06.167882Z  INFO sqlx::query: summary="CREATE UNIQUE INDEX IF 鈥? db.statement="\n\nCREATE UNIQUE INDEX IF NOT EXISTS \"uq_import_jobs_bucket_key_client_token\" ON \"import_jobs\" (\"bucket\", \"key\", \"client_token\")\n" rows_affected=1 rows_returned=0 elapsed=8.286937ms elapsed_secs=0.008286937
ipfs-s3-gateway  | 2026-08-13T00:48:06.180343Z  INFO sqlx::query: summary="CREATE INDEX IF NOT 鈥? db.statement="\n\nCREATE INDEX IF NOT EXISTS \"idx_import_jobs_state_next_attempt_locked\" ON \"import_jobs\" (\"state\", \"next_attempt_at\", \"locked_until\")\n" rows_affected=1 rows_returned=0 elapsed=12.025071ms elapsed_secs=0.012025071
ipfs-s3-gateway  | 2026-08-13T00:48:06.190931Z  INFO sqlx::query: summary="CREATE INDEX IF NOT 鈥? db.statement="\n\nCREATE INDEX IF NOT EXISTS \"idx_import_jobs_state_completed_at\" ON \"import_jobs\" (\"state\", \"completed_at\")\n" rows_affected=1 rows_returned=0 elapsed=9.976622ms elapsed_secs=0.009976622
ipfs-s3-gateway  | 2026-08-13T00:48:06.200878Z  INFO sqlx::query: summary="CREATE INDEX IF NOT 鈥? db.statement="\n\nCREATE INDEX IF NOT EXISTS \"idx_import_destinations_owner_job\" ON \"import_destinations\" (\"owner_job_id\")\n" rows_affected=1 rows_returned=0 elapsed=9.088558ms elapsed_secs=0.009088558
ipfs-s3-gateway  | 2026-08-13T00:48:06.207233Z  INFO sqlx::query: summary="CREATE INDEX IF NOT 鈥? db.statement="\n\nCREATE INDEX IF NOT EXISTS \"idx_import_prefix_claims_bucket_prefix\" ON \"import_prefix_claims\" (\"bucket\", \"prefix\")\n" rows_affected=1 rows_returned=0 elapsed=5.851092ms elapsed_secs=0.005851092
ipfs-s3-gateway  | 2026-08-13T00:48:06.218493Z  INFO sqlx::query: summary="CREATE INDEX IF NOT 鈥? db.statement="\n\nCREATE INDEX IF NOT EXISTS \"idx_import_job_targets_bucket_key\" ON \"import_job_targets\" (\"bucket\", \"key\")\n" rows_affected=1 rows_returned=0 elapsed=10.738172ms elapsed_secs=0.010738172
ipfs-s3-gateway  | 2026-08-13T00:48:06.228445Z  INFO sqlx::query: summary="CREATE INDEX IF NOT 鈥? db.statement="\n\nCREATE INDEX IF NOT EXISTS \"idx_import_job_results_job_sequence\" ON \"import_job_results\" (\"job_id\", \"sequence\")\n" rows_affected=1 rows_returned=0 elapsed=9.29741ms elapsed_secs=0.00929741
ipfs-s3-gateway  | 2026-08-13T00:48:06.228683Z  INFO sea_orm_migration::migrator: Migration 'm20260729_000001_ipfs3_import' has been applied
ipfs-s3-gateway  | 2026-08-13T00:48:06.236031Z  INFO sqlx::query: summary="INSERT INTO \"seaql_migrations\" (\"version\", 鈥? db.statement="\n\nINSERT INTO \"seaql_migrations\" (\"version\", \"applied_at\") VALUES (?, ?)\n" rows_affected=1 rows_returned=0 elapsed=6.916495ms elapsed_secs=0.006916495
ipfs-s3-gateway  | 2026-08-13T00:48:06.236216Z  INFO sea_orm_migration::migrator: Applying migration 'm20260729_000002_postgres_utc_timestamps'
ipfs-s3-gateway  | 2026-08-13T00:48:06.236258Z  INFO sea_orm_migration::migrator: Migration 'm20260729_000002_postgres_utc_timestamps' has been applied
ipfs-s3-gateway  | 2026-08-13T00:48:06.244501Z  INFO sqlx::query: summary="INSERT INTO \"seaql_migrations\" (\"version\", 鈥? db.statement="\n\nINSERT INTO \"seaql_migrations\" (\"version\", \"applied_at\") VALUES (?, ?)\n" rows_affected=1 rows_returned=0 elapsed=7.797276ms elapsed_secs=0.007797276
ipfs-s3-gateway  | 2026-08-13T00:48:06.244745Z  INFO sea_orm_migration::migrator: Applying migration 'm20260730_000001_standard_mutation_fence'
ipfs-s3-gateway  | 2026-08-13T00:48:06.255076Z  INFO sqlx::query: summary="ALTER TABLE \"import_destinations\" ADD 鈥? db.statement="\n\nALTER TABLE \"import_destinations\" ADD COLUMN \"mutation_id\" text\n" rows_affected=1 rows_returned=0 elapsed=9.852786ms elapsed_secs=0.009852786
ipfs-s3-gateway  | 2026-08-13T00:48:06.265010Z  INFO sqlx::query: summary="ALTER TABLE \"import_destinations\" ADD 鈥? db.statement="\n\nALTER TABLE \"import_destinations\" ADD COLUMN \"mutation_prefix\" text\n" rows_affected=1 rows_returned=0 elapsed=9.175354ms elapsed_secs=0.009175354
ipfs-s3-gateway  | 2026-08-13T00:48:06.273190Z  INFO sqlx::query: summary="CREATE INDEX IF NOT 鈥? db.statement="\n\nCREATE INDEX IF NOT EXISTS \"idx_import_destinations_active_mutation\" ON \"import_destinations\" (\"bucket\", \"mutation_id\", \"key\")\n" rows_affected=1 rows_returned=0 elapsed=7.347408ms elapsed_secs=0.007347408
ipfs-s3-gateway  | 2026-08-13T00:48:06.287557Z  INFO sqlx::query: summary="CREATE INDEX IF NOT 鈥? db.statement="\n\nCREATE INDEX IF NOT EXISTS \"idx_import_destinations_mutation_prefix\" ON \"import_destinations\" (\"bucket\", \"mutation_prefix\", \"key\")\n" rows_affected=1 rows_returned=0 elapsed=13.579011ms elapsed_secs=0.013579011
ipfs-s3-gateway  | 2026-08-13T00:48:06.287813Z  INFO sea_orm_migration::migrator: Migration 'm20260730_000001_standard_mutation_fence' has been applied
ipfs-s3-gateway  | 2026-08-13T00:48:06.297515Z  INFO sqlx::query: summary="INSERT INTO \"seaql_migrations\" (\"version\", 鈥? db.statement="\n\nINSERT INTO \"seaql_migrations\" (\"version\", \"applied_at\") VALUES (?, ?)\n" rows_affected=1 rows_returned=0 elapsed=9.105603ms elapsed_secs=0.009105603
ipfs-s3-gateway  | 2026-08-13T00:48:06.298143Z  INFO ipfs_s3_gateway: listening on 0.0.0.0:9000
ipfs-s3-gateway  | 2026-08-13T00:48:06.301328Z  INFO sqlx::query: summary="SELECT \"pin_leases\".\"id\", \"pin_leases\".\"owner_object_id\", \"pin_leases\".\"source\", 鈥? db.statement="\n\nSELECT \"pin_leases\".\"id\", \"pin_leases\".\"owner_object_id\", \"pin_leases\".\"source\", \"pin_leases\".\"policy_id\", \"pin_leases\".\"provider_mode\", \"pin_leases\".\"content_mode\", \"pin_leases\".\"created_at\", \"pin_leases\".\"last_touched_at\", \"pin_leases\".\"expires_at\", \"pin_leases\".\"generation\", \"pin_leases\".\"state\" FROM \"pin_leases\" WHERE \"pin_leases\".\"state\" = ? AND \"pin_leases\".\"expires_at\" <= ? ORDER BY \"pin_leases\".\"expires_at\" ASC, \"pin_leases\".\"id\" ASC\n" rows_affected=1 rows_returned=0 elapsed=453.26碌s elapsed_secs=0.00045326
ipfs-s3-gateway  | 2026-08-13T00:48:06.302761Z  INFO sqlx::query: summary="DELETE FROM \"import_jobs\" WHERE 鈥? db.statement="\n\nDELETE FROM \"import_jobs\" WHERE \"import_jobs\".\"state\" IN (?, ?, ?) AND \"import_jobs\".\"completed_at\" IS NOT NULL AND \"import_jobs\".\"completed_at\" < ?\n" rows_affected=0 rows_returned=0 elapsed=507.414碌s elapsed_secs=0.000507414
ipfs-s3-gateway  | 2026-08-13T00:48:06.303567Z  INFO sqlx::query: summary="SELECT \"pin_lease_targets\".\"id\", \"pin_lease_targets\".\"lease_id\", \"pin_lease_targets\".\"cid\", 鈥? db.statement="\n\nSELECT \"pin_lease_targets\".\"id\", \"pin_lease_targets\".\"lease_id\", \"pin_lease_targets\".\"cid\", \"pin_lease_targets\".\"logical_size\", \"pin_lease_targets\".\"provider\", \"pin_lease_targets\".\"state\", \"pin_lease_targets\".\"created_at\", \"pin_lease_targets\".\"last_touched_at\" FROM \"pin_lease_targets\" WHERE \"pin_lease_targets\".\"state\" = ? ORDER BY \"pin_lease_targets\".\"created_at\" ASC, \"pin_lease_targets\".\"id\" ASC\n" rows_affected=0 rows_returned=0 elapsed=215.454碌s elapsed_secs=0.000215454
ipfs-s3-gateway  | 2026-08-13T00:48:06.304965Z  INFO sqlx::query: summary="SELECT \"import_jobs\".\"id\", \"import_jobs\".\"bucket\", \"import_jobs\".\"key\", 鈥? db.statement="\n\nSELECT \"import_jobs\".\"id\", \"import_jobs\".\"bucket\", \"import_jobs\".\"key\", \"import_jobs\".\"source_type\", \"import_jobs\".\"source_value\", \"import_jobs\".\"request_fingerprint\", \"import_jobs\".\"client_token\", \"import_jobs\".\"object_content_type\", \"import_jobs\".\"metadata_json\", \"import_jobs\".\"tags_json\", \"import_jobs\".\"decompress_prefix\", \"import_jobs\".\"state\", \"import_jobs\".\"phase\", \"import_jobs\".\"attempts\", \"import_jobs\".\"next_attempt_at\", \"import_jobs\".\"locked_by\", \"import_jobs\".\"locked_until\", \"import_jobs\".\"claim_epoch\", \"import_jobs\".\"providers_observed\", \"import_jobs\".\"pin_nodes_processed\", \"import_jobs\".\"pin_bytes_processed\", \"import_jobs\".\"downloaded_bytes\", \"import_jobs\".\"download_total\", \"import_jobs\".\"ipfs_add_bytes\", \"import_jobs\".\"logical_size\", \"import_jobs\".\"entries_processed\", \"import_jobs\".\"entries_succeeded\", \"import_jobs\".\"entries_failed\", \"import_jobs\".\"decompressed_bytes\", \"import_jobs\".\"final_cid\", \"import_jobs\".\"failure_code\", \"import_jobs\".\"failure_message\", \"import_jobs\".\"created_at\", \"import_jobs\".\"updated_at\", \"import_jobs\".\"completed_at\" FROM \"import_jobs\" WHERE (\"import_jobs\".\"state\" = ? AND \"import_jobs\".\"next_attempt_at\" <= ? AND \"import_jobs\".\"locked_by\" IS NULL AND \"import_jobs\".\"locked_until\" IS NULL) OR (\"import_jobs\".\"state\" = ? AND \"import_jobs\".\"locked_until\" <= ?) ORDER BY \"import_jobs\".\"next_attempt_at\" ASC, \"import_jobs\".\"created_at\" ASC, \"import_jobs\".\"id\" ASC LIMIT ?\n" rows_affected=0 rows_returned=0 elapsed=495.429碌s elapsed_secs=0.000495429
ipfs-s3-gateway  | 2026-08-13T00:48:06.306224Z  INFO sqlx::query: summary="SELECT \"pin_jobs\".\"provider\" FROM \"pin_jobs\" 鈥? db.statement="\n\nSELECT \"pin_jobs\".\"provider\" FROM \"pin_jobs\" WHERE (\"pin_jobs\".\"state\" = ? AND \"pin_jobs\".\"next_attempt_at\" <= ? AND \"pin_jobs\".\"locked_until\" IS NULL) OR (\"pin_jobs\".\"state\" = ? AND \"pin_jobs\".\"locked_until\" < ?) GROUP BY \"pin_jobs\".\"provider\"\n" rows_affected=0 rows_returned=0 elapsed=202.382碌s elapsed_secs=0.000202382
ipfs-s3-gateway  | 2026-08-13T00:48:06.800426Z  INFO sqlx::query: summary="SELECT \"import_jobs\".\"id\", \"import_jobs\".\"bucket\", \"import_jobs\".\"key\", 鈥? db.statement="\n\nSELECT \"import_jobs\".\"id\", \"import_jobs\".\"bucket\", \"import_jobs\".\"key\", \"import_jobs\".\"source_type\", \"import_jobs\".\"source_value\", \"import_jobs\".\"request_fingerprint\", \"import_jobs\".\"client_token\", \"import_jobs\".\"object_content_type\", \"import_jobs\".\"metadata_json\", \"import_jobs\".\"tags_json\", \"import_jobs\".\"decompress_prefix\", \"import_jobs\".\"state\", \"import_jobs\".\"phase\", \"import_jobs\".\"attempts\", \"import_jobs\".\"next_attempt_at\", \"import_jobs\".\"locked_by\", \"import_jobs\".\"locked_until\", \"import_jobs\".\"claim_epoch\", \"import_jobs\".\"providers_observed\", \"import_jobs\".\"pin_nodes_processed\", \"import_jobs\".\"pin_bytes_processed\", \"import_jobs\".\"downloaded_bytes\", \"import_jobs\".\"download_total\", \"import_jobs\".\"ipfs_add_bytes\", \"import_jobs\".\"logical_size\", \"import_jobs\".\"entries_processed\", \"import_jobs\".\"entries_succeeded\", \"import_jobs\".\"entries_failed\", \"import_jobs\".\"decompressed_bytes\", \"import_jobs\".\"final_cid\", \"import_jobs\".\"failure_code\", \"import_jobs\".\"failure_message\", \"import_jobs\".\"created_at\", \"import_jobs\".\"updated_at\", \"import_jobs\".\"completed_at\" FROM \"import_jobs\" WHERE (\"import_jobs\".\"state\" = ? AND \"import_jobs\".\"next_attempt_at\" <= ? AND \"import_jobs\".\"locked_by\" IS NULL AND \"import_jobs\".\"locked_until\" IS NULL) OR (\"import_jobs\".\"state\" = ? AND \"import_jobs\".\"locked_until\" <= ?) ORDER BY \"import_jobs\".\"next_attempt_at\" ASC, \"import_jobs\".\"created_at\" ASC, \"import_jobs\".\"id\" ASC LIMIT ?\n" rows_affected=0 rows_returned=0 elapsed=114.896碌s elapsed_secs=0.000114896
ipfs-s3-gateway  | 2026-08-13T00:48:07.300384Z  INFO sqlx::query: summary="SELECT \"import_jobs\".\"id\", \"import_jobs\".\"bucket\", \"import_jobs\".\"key\", 鈥? db.statement="\n\nSELECT \"import_jobs\".\"id\", \"import_jobs\".\"bucket\", \"import_jobs\".\"key\", \"import_jobs\".\"source_type\", \"import_jobs\".\"source_value\", \"import_jobs\".\"request_fingerprint\", \"import_jobs\".\"client_token\", \"import_jobs\".\"object_content_type\", \"import_jobs\".\"metadata_json\", \"import_jobs\".\"tags_json\", \"import_jobs\".\"decompress_prefix\", \"import_jobs\".\"state\", \"import_jobs\".\"phase\", \"import_jobs\".\"attempts\", \"import_jobs\".\"next_attempt_at\", \"import_jobs\".\"locked_by\", \"import_jobs\".\"locked_until\", \"import_jobs\".\"claim_epoch\", \"import_jobs\".\"providers_observed\", \"import_jobs\".\"pin_nodes_processed\", \"import_jobs\".\"pin_bytes_processed\", \"import_jobs\".\"downloaded_bytes\", \"import_jobs\".\"download_total\", \"import_jobs\".\"ipfs_add_bytes\", \"import_jobs\".\"logical_size\", \"import_jobs\".\"entries_processed\", \"import_jobs\".\"entries_succeeded\", \"import_jobs\".\"entries_failed\", \"import_jobs\".\"decompressed_bytes\", \"import_jobs\".\"final_cid\", \"import_jobs\".\"failure_code\", \"import_jobs\".\"failure_message\", \"import_jobs\".\"created_at\", \"import_jobs\".\"updated_at\", \"import_jobs\".\"completed_at\" FROM \"import_jobs\" WHERE (\"import_jobs\".\"state\" = ? AND \"import_jobs\".\"next_attempt_at\" <= ? AND \"import_jobs\".\"locked_by\" IS NULL AND \"import_jobs\".\"locked_until\" IS NULL) OR (\"import_jobs\".\"state\" = ? AND \"import_jobs\".\"locked_until\" <= ?) ORDER BY \"import_jobs\".\"next_attempt_at\" ASC, \"import_jobs\".\"created_at\" ASC, \"import_jobs\".\"id\" ASC LIMIT ?\n" rows_affected=0 rows_returned=0 elapsed=103.434碌s elapsed_secs=0.000103434
ipfs-s3-gateway  | 2026-08-13T00:48:07.801212Z  INFO sqlx::query: summary="SELECT \"import_jobs\".\"id\", \"import_jobs\".\"bucket\", \"import_jobs\".\"key\", 鈥? db.statement="\n\nSELECT \"import_jobs\".\"id\", \"import_jobs\".\"bucket\", \"import_jobs\".\"key\", \"import_jobs\".\"source_type\", \"import_jobs\".\"source_value\", \"import_jobs\".\"request_fingerprint\", \"import_jobs\".\"client_token\", \"import_jobs\".\"object_content_type\", \"import_jobs\".\"metadata_json\", \"import_jobs\".\"tags_json\", \"import_jobs\".\"decompress_prefix\", \"import_jobs\".\"state\", \"import_jobs\".\"phase\", \"import_jobs\".\"attempts\", \"import_jobs\".\"next_attempt_at\", \"import_jobs\".\"locked_by\", \"import_jobs\".\"locked_until\", \"import_jobs\".\"claim_epoch\", \"import_jobs\".\"providers_observed\", \"import_jobs\".\"pin_nodes_processed\", \"import_jobs\".\"pin_bytes_processed\", \"import_jobs\".\"downloaded_bytes\", \"import_jobs\".\"download_total\", \"import_jobs\".\"ipfs_add_bytes\", \"import_jobs\".\"logical_size\", \"import_jobs\".\"entries_processed\", \"import_jobs\".\"entries_succeeded\", \"import_jobs\".\"entries_failed\", \"import_jobs\".\"decompressed_bytes\", \"import_jobs\".\"final_cid\", \"import_jobs\".\"failure_code\", \"import_jobs\".\"failure_message\", \"import_jobs\".\"created_at\", \"import_jobs\".\"updated_at\", \"import_jobs\".\"completed_at\" FROM \"import_jobs\" WHERE (\"import_jobs\".\"state\" = ? AND \"import_jobs\".\"next_attempt_at\" <= ? AND \"import_jobs\".\"locked_by\" IS NULL AND \"import_jobs\".\"locked_until\" IS NULL) OR (\"import_jobs\".\"state\" = ? AND \"import_jobs\".\"locked_until\" <= ?) ORDER BY \"import_jobs\".\"next_attempt_at\" ASC, \"import_jobs\".\"created_at\" ASC, \"import_jobs\".\"id\" ASC LIMIT ?\n" rows_affected=0 rows_returned=0 elapsed=187.23碌s elapsed_secs=0.00018723
ipfs-s3-gateway  | 2026-08-13T00:48:08.301144Z  INFO sqlx::query: summary="SELECT \"import_jobs\".\"id\", \"import_jobs\".\"bucket\", \"import_jobs\".\"key\", 鈥? db.statement="\n\nSELECT \"import_jobs\".\"id\", \"import_jobs\".\"bucket\", \"import_jobs\".\"key\", \"import_jobs\".\"source_type\", \"import_jobs\".\"source_value\", \"import_jobs\".\"request_fingerprint\", \"import_jobs\".\"client_token\", \"import_jobs\".\"object_content_type\", \"import_jobs\".\"metadata_json\", \"import_jobs\".\"tags_json\", \"import_jobs\".\"decompress_prefix\", \"import_jobs\".\"state\", \"import_jobs\".\"phase\", \"import_jobs\".\"attempts\", \"import_jobs\".\"next_attempt_at\", \"import_jobs\".\"locked_by\", \"import_jobs\".\"locked_until\", \"import_jobs\".\"claim_epoch\", \"import_jobs\".\"providers_observed\", \"import_jobs\".\"pin_nodes_processed\", \"import_jobs\".\"pin_bytes_processed\", \"import_jobs\".\"downloaded_bytes\", \"import_jobs\".\"download_total\", \"import_jobs\".\"ipfs_add_bytes\", \"import_jobs\".\"logical_size\", \"import_jobs\".\"entries_processed\", \"import_jobs\".\"entries_succeeded\", \"import_jobs\".\"entries_failed\", \"import_jobs\".\"decompressed_bytes\", \"import_jobs\".\"final_cid\", \"import_jobs\".\"failure_code\", \"import_jobs\".\"failure_message\", \"import_jobs\".\"created_at\", \"import_jobs\".\"updated_at\", \"import_jobs\".\"completed_at\" FROM \"import_jobs\" WHERE (\"import_jobs\".\"state\" = ? AND \"import_jobs\".\"next_attempt_at\" <= ? AND \"import_jobs\".\"locked_by\" IS NULL AND \"import_jobs\".\"locked_until\" IS NULL) OR (\"import_jobs\".\"state\" = ? AND \"import_jobs\".\"locked_until\" <= ?) ORDER BY \"import_jobs\".\"next_attempt_at\" ASC, \"import_jobs\".\"created_at\" ASC, \"import_jobs\".\"id\" ASC LIMIT ?\n" rows_affected=0 rows_returned=0 elapsed=162.496碌s elapsed_secs=0.000162496
ipfs-s3-gateway  | 2026-08-13T00:48:08.800871Z  INFO sqlx::query: summary="SELECT \"import_jobs\".\"id\", \"import_jobs\".\"bucket\", \"import_jobs\".\"key\", 鈥? db.statement="\n\nSELECT \"import_jobs\".\"id\", \"import_jobs\".\"bucket\", \"import_jobs\".\"key\", \"import_jobs\".\"source_type\", \"import_jobs\".\"source_value\", \"import_jobs\".\"request_fingerprint\", \"import_jobs\".\"client_token\", \"import_jobs\".\"object_content_type\", \"import_jobs\".\"metadata_json\", \"import_jobs\".\"tags_json\", \"import_jobs\".\"decompress_prefix\", \"import_jobs\".\"state\", \"import_jobs\".\"phase\", \"import_jobs\".\"attempts\", \"import_jobs\".\"next_attempt_at\", \"import_jobs\".\"locked_by\", \"import_jobs\".\"locked_until\", \"import_jobs\".\"claim_epoch\", \"import_jobs\".\"providers_observed\", \"import_jobs\".\"pin_nodes_processed\", \"import_jobs\".\"pin_bytes_processed\", \"import_jobs\".\"downloaded_bytes\", \"import_jobs\".\"download_total\", \"import_jobs\".\"ipfs_add_bytes\", \"import_jobs\".\"logical_size\", \"import_jobs\".\"entries_processed\", \"import_jobs\".\"entries_succeeded\", \"import_jobs\".\"entries_failed\", \"import_jobs\".\"decompressed_bytes\", \"import_jobs\".\"final_cid\", \"import_jobs\".\"failure_code\", \"import_jobs\".\"failure_message\", \"import_jobs\".\"created_at\", \"import_jobs\".\"updated_at\", \"import_jobs\".\"completed_at\" FROM \"import_jobs\" WHERE (\"import_jobs\".\"state\" = ? AND \"import_jobs\".\"next_attempt_at\" <= ? AND \"import_jobs\".\"locked_by\" IS NULL AND \"import_jobs\".\"locked_until\" IS NULL) OR (\"import_jobs\".\"state\" = ? AND \"import_jobs\".\"locked_until\" <= ?) ORDER BY \"import_jobs\".\"next_attempt_at\" ASC, \"import_jobs\".\"created_at\" ASC, \"import_jobs\".\"id\" ASC LIMIT ?\n" rows_affected=0 rows_returned=0 elapsed=94.962碌s elapsed_secs=9.4962e-5
ipfs-s3-gateway  | 2026-08-13T00:48:09.300990Z  INFO sqlx::query: summary="SELECT \"import_jobs\".\"id\", \"import_jobs\".\"bucket\", \"import_jobs\".\"key\", 鈥? db.statement="\n\nSELECT \"import_jobs\".\"id\", \"import_jobs\".\"bucket\", \"import_jobs\".\"key\", \"import_jobs\".\"source_type\", \"import_jobs\".\"source_value\", \"import_jobs\".\"request_fingerprint\", \"import_jobs\".\"client_token\", \"import_jobs\".\"object_content_type\", \"import_jobs\".\"metadata_json\", \"import_jobs\".\"tags_json\", \"import_jobs\".\"decompress_prefix\", \"import_jobs\".\"state\", \"import_jobs\".\"phase\", \"import_jobs\".\"attempts\", \"import_jobs\".\"next_attempt_at\", \"import_jobs\".\"locked_by\", \"import_jobs\".\"locked_until\", \"import_jobs\".\"claim_epoch\", \"import_jobs\".\"providers_observed\", \"import_jobs\".\"pin_nodes_processed\", \"import_jobs\".\"pin_bytes_processed\", \"import_jobs\".\"downloaded_bytes\", \"import_jobs\".\"download_total\", \"import_jobs\".\"ipfs_add_bytes\", \"import_jobs\".\"logical_size\", \"import_jobs\".\"entries_processed\", \"import_jobs\".\"entries_succeeded\", \"import_jobs\".\"entries_failed\", \"import_jobs\".\"decompressed_bytes\", \"import_jobs\".\"final_cid\", \"import_jobs\".\"failure_code\", \"import_jobs\".\"failure_message\", \"import_jobs\".\"created_at\", \"import_jobs\".\"updated_at\", \"import_jobs\".\"completed_at\" FROM \"import_jobs\" WHERE (\"import_jobs\".\"state\" = ? AND \"import_jobs\".\"next_attempt_at\" <= ? AND \"import_jobs\".\"locked_by\" IS NULL AND \"import_jobs\".\"locked_until\" IS NULL) OR (\"import_jobs\".\"state\" = ? AND \"import_jobs\".\"locked_until\" <= ?) ORDER BY \"import_jobs\".\"next_attempt_at\" ASC, \"import_jobs\".\"created_at\" ASC, \"import_jobs\".\"id\" ASC LIMIT ?\n" rows_affected=0 rows_returned=0 elapsed=234.796碌s elapsed_secs=0.000234796
ipfs-s3-gateway  | 2026-08-13T00:48:09.801043Z  INFO sqlx::query: summary="SELECT \"import_jobs\".\"id\", \"import_jobs\".\"bucket\", \"import_jobs\".\"key\", 鈥? db.statement="\n\nSELECT \"import_jobs\".\"id\", \"import_jobs\".\"bucket\", \"import_jobs\".\"key\", \"import_jobs\".\"source_type\", \"import_jobs\".\"source_value\", \"import_jobs\".\"request_fingerprint\", \"import_jobs\".\"client_token\", \"import_jobs\".\"object_content_type\", \"import_jobs\".\"metadata_json\", \"import_jobs\".\"tags_json\", \"import_jobs\".\"decompress_prefix\", \"import_jobs\".\"state\", \"import_jobs\".\"phase\", \"import_jobs\".\"attempts\", \"import_jobs\".\"next_attempt_at\", \"import_jobs\".\"locked_by\", \"import_jobs\".\"locked_until\", \"import_jobs\".\"claim_epoch\", \"import_jobs\".\"providers_observed\", \"import_jobs\".\"pin_nodes_processed\", \"import_jobs\".\"pin_bytes_processed\", \"import_jobs\".\"downloaded_bytes\", \"import_jobs\".\"download_total\", \"import_jobs\".\"ipfs_add_bytes\", \"import_jobs\".\"logical_size\", \"import_jobs\".\"entries_processed\", \"import_jobs\".\"entries_succeeded\", \"import_jobs\".\"entries_failed\", \"import_jobs\".\"decompressed_bytes\", \"import_jobs\".\"final_cid\", \"import_jobs\".\"failure_code\", \"import_jobs\".\"failure_message\", \"import_jobs\".\"created_at\", \"import_jobs\".\"updated_at\", \"import_jobs\".\"completed_at\" FROM \"import_jobs\" WHERE (\"import_jobs\".\"state\" = ? AND \"import_jobs\".\"next_attempt_at\" <= ? AND \"import_jobs\".\"locked_by\" IS NULL AND \"import_jobs\".\"locked_until\" IS NULL) OR (\"import_jobs\".\"state\" = ? AND \"import_jobs\".\"locked_until\" <= ?) ORDER BY \"import_jobs\".\"next_attempt_at\" ASC, \"import_jobs\".\"created_at\" ASC, \"import_jobs\".\"id\" ASC LIMIT ?\n" rows_affected=0 rows_returned=0 elapsed=96.734碌s elapsed_secs=9.6734e-5
ipfs-s3-gateway  | 2026-08-13T00:48:10.301647Z  INFO sqlx::query: summary="SELECT \"import_jobs\".\"id\", \"import_jobs\".\"bucket\", \"import_jobs\".\"key\", 鈥? db.statement="\n\nSELECT \"import_jobs\".\"id\", \"import_jobs\".\"bucket\", \"import_jobs\".\"key\", \"import_jobs\".\"source_type\", \"import_jobs\".\"source_value\", \"import_jobs\".\"request_fingerprint\", \"import_jobs\".\"client_token\", \"import_jobs\".\"object_content_type\", \"import_jobs\".\"metadata_json\", \"import_jobs\".\"tags_json\", \"import_jobs\".\"decompress_prefix\", \"import_jobs\".\"state\", \"import_jobs\".\"phase\", \"import_jobs\".\"attempts\", \"import_jobs\".\"next_attempt_at\", \"import_jobs\".\"locked_by\", \"import_jobs\".\"locked_until\", \"import_jobs\".\"claim_epoch\", \"import_jobs\".\"providers_observed\", \"import_jobs\".\"pin_nodes_processed\", \"import_jobs\".\"pin_bytes_processed\", \"import_jobs\".\"downloaded_bytes\", \"import_jobs\".\"download_total\", \"import_jobs\".\"ipfs_add_bytes\", \"import_jobs\".\"logical_size\", \"import_jobs\".\"entries_processed\", \"import_jobs\".\"entries_succeeded\", \"import_jobs\".\"entries_failed\", \"import_jobs\".\"decompressed_bytes\", \"import_jobs\".\"final_cid\", \"import_jobs\".\"failure_code\", \"import_jobs\".\"failure_message\", \"import_jobs\".\"created_at\", \"import_jobs\".\"updated_at\", \"import_jobs\".\"completed_at\" FROM \"import_jobs\" WHERE (\"import_jobs\".\"state\" = ? AND \"import_jobs\".\"next_attempt_at\" <= ? AND \"import_jobs\".\"locked_by\" IS NULL AND \"import_jobs\".\"locked_until\" IS NULL) OR (\"import_jobs\".\"state\" = ? AND \"import_jobs\".\"locked_until\" <= ?) ORDER BY \"import_jobs\".\"next_attempt_at\" ASC, \"import_jobs\".\"created_at\" ASC, \"import_jobs\".\"id\" ASC LIMIT ?\n" rows_affected=0 rows_returned=0 elapsed=218.616碌s elapsed_secs=0.000218616
ipfs-s3-gateway  | 2026-08-13T00:48:10.801105Z  INFO sqlx::query: summary="SELECT \"import_jobs\".\"id\", \"import_jobs\".\"bucket\", \"import_jobs\".\"key\", 鈥? db.statement="\n\nSELECT \"import_jobs\".\"id\", \"import_jobs\".\"bucket\", \"import_jobs\".\"key\", \"import_jobs\".\"source_type\", \"import_jobs\".\"source_value\", \"import_jobs\".\"request_fingerprint\", \"import_jobs\".\"client_token\", \"import_jobs\".\"object_content_type\", \"import_jobs\".\"metadata_json\", \"import_jobs\".\"tags_json\", \"import_jobs\".\"decompress_prefix\", \"import_jobs\".\"state\", \"import_jobs\".\"phase\", \"import_jobs\".\"attempts\", \"import_jobs\".\"next_attempt_at\", \"import_jobs\".\"locked_by\", \"import_jobs\".\"locked_until\", \"import_jobs\".\"claim_epoch\", \"import_jobs\".\"providers_observed\", \"import_jobs\".\"pin_nodes_processed\", \"import_jobs\".\"pin_bytes_processed\", \"import_jobs\".\"downloaded_bytes\", \"import_jobs\".\"download_total\", \"import_jobs\".\"ipfs_add_bytes\", \"import_jobs\".\"logical_size\", \"import_jobs\".\"entries_processed\", \"import_jobs\".\"entries_succeeded\", \"import_jobs\".\"entries_failed\", \"import_jobs\".\"decompressed_bytes\", \"import_jobs\".\"final_cid\", \"import_jobs\".\"failure_code\", \"import_jobs\".\"failure_message\", \"import_jobs\".\"created_at\", \"import_jobs\".\"updated_at\", \"import_jobs\".\"completed_at\" FROM \"import_jobs\" WHERE (\"import_jobs\".\"state\" = ? AND \"import_jobs\".\"next_attempt_at\" <= ? AND \"import_jobs\".\"locked_by\" IS NULL AND \"import_jobs\".\"locked_until\" IS NULL) OR (\"import_jobs\".\"state\" = ? AND \"import_jobs\".\"locked_until\" <= ?) ORDER BY \"import_jobs\".\"next_attempt_at\" ASC, \"import_jobs\".\"created_at\" ASC, \"import_jobs\".\"id\" ASC LIMIT ?\n" rows_affected=0 rows_returned=0 elapsed=152.901碌s elapsed_secs=0.000152901
ipfs-s3-gateway  | 2026-08-13T00:48:11.301820Z  INFO sqlx::query: summary="SELECT \"import_jobs\".\"id\", \"import_jobs\".\"bucket\", \"import_jobs\".\"key\", 鈥? db.statement="\n\nSELECT \"import_jobs\".\"id\", \"import_jobs\".\"bucket\", \"import_jobs\".\"key\", \"import_jobs\".\"source_type\", \"import_jobs\".\"source_value\", \"import_jobs\".\"request_fingerprint\", \"import_jobs\".\"client_token\", \"import_jobs\".\"object_content_type\", \"import_jobs\".\"metadata_json\", \"import_jobs\".\"tags_json\", \"import_jobs\".\"decompress_prefix\", \"import_jobs\".\"state\", \"import_jobs\".\"phase\", \"import_jobs\".\"attempts\", \"import_jobs\".\"next_attempt_at\", \"import_jobs\".\"locked_by\", \"import_jobs\".\"locked_until\", \"import_jobs\".\"claim_epoch\", \"import_jobs\".\"providers_observed\", \"import_jobs\".\"pin_nodes_processed\", \"import_jobs\".\"pin_bytes_processed\", \"import_jobs\".\"downloaded_bytes\", \"import_jobs\".\"download_total\", \"import_jobs\".\"ipfs_add_bytes\", \"import_jobs\".\"logical_size\", \"import_jobs\".\"entries_processed\", \"import_jobs\".\"entries_succeeded\", \"import_jobs\".\"entries_failed\", \"import_jobs\".\"decompressed_bytes\", \"import_jobs\".\"final_cid\", \"import_jobs\".\"failure_code\", \"import_jobs\".\"failure_message\", \"import_jobs\".\"created_at\", \"import_jobs\".\"updated_at\", \"import_jobs\".\"completed_at\" FROM \"import_jobs\" WHERE (\"import_jobs\".\"state\" = ? AND \"import_jobs\".\"next_attempt_at\" <= ? AND \"import_jobs\".\"locked_by\" IS NULL AND \"import_jobs\".\"locked_until\" IS NULL) OR (\"import_jobs\".\"state\" = ? AND \"import_jobs\".\"locked_until\" <= ?) ORDER BY \"import_jobs\".\"next_attempt_at\" ASC, \"import_jobs\".\"created_at\" ASC, \"import_jobs\".\"id\" ASC LIMIT ?\n" rows_affected=0 rows_returned=0 elapsed=105.506碌s elapsed_secs=0.000105506
ipfs-s3-gateway  | 2026-08-13T00:48:11.302897Z  INFO sqlx::query: summary="SELECT \"pin_leases\".\"id\", \"pin_leases\".\"owner_object_id\", \"pin_leases\".\"source\", 鈥? db.statement="\n\nSELECT \"pin_leases\".\"id\", \"pin_leases\".\"owner_object_id\", \"pin_leases\".\"source\", \"pin_leases\".\"policy_id\", \"pin_leases\".\"provider_mode\", \"pin_leases\".\"content_mode\", \"pin_leases\".\"created_at\", \"pin_leases\".\"last_touched_at\", \"pin_leases\".\"expires_at\", \"pin_leases\".\"generation\", \"pin_leases\".\"state\" FROM \"pin_leases\" WHERE \"pin_leases\".\"state\" = ? AND \"pin_leases\".\"expires_at\" <= ? ORDER BY \"pin_leases\".\"expires_at\" ASC, \"pin_leases\".\"id\" ASC\n" rows_affected=0 rows_returned=0 elapsed=101.411碌s elapsed_secs=0.000101411
ipfs-s3-gateway  | 2026-08-13T00:48:11.303788Z  INFO sqlx::query: summary="SELECT \"pin_lease_targets\".\"id\", \"pin_lease_targets\".\"lease_id\", \"pin_lease_targets\".\"cid\", 鈥? db.statement="\n\nSELECT \"pin_lease_targets\".\"id\", \"pin_lease_targets\".\"lease_id\", \"pin_lease_targets\".\"cid\", \"pin_lease_targets\".\"logical_size\", \"pin_lease_targets\".\"provider\", \"pin_lease_targets\".\"state\", \"pin_lease_targets\".\"created_at\", \"pin_lease_targets\".\"last_touched_at\" FROM \"pin_lease_targets\" WHERE \"pin_lease_targets\".\"state\" = ? ORDER BY \"pin_lease_targets\".\"created_at\" ASC, \"pin_lease_targets\".\"id\" ASC\n" rows_affected=0 rows_returned=0 elapsed=51.331碌s elapsed_secs=5.1331e-5
ipfs-s3-gateway  | 2026-08-13T00:48:11.304425Z  INFO sqlx::query: summary="SELECT \"pin_jobs\".\"provider\" FROM \"pin_jobs\" 鈥? db.statement="\n\nSELECT \"pin_jobs\".\"provider\" FROM \"pin_jobs\" WHERE (\"pin_jobs\".\"state\" = ? AND \"pin_jobs\".\"next_attempt_at\" <= ? AND \"pin_jobs\".\"locked_until\" IS NULL) OR (\"pin_jobs\".\"state\" = ? AND \"pin_jobs\".\"locked_until\" < ?) GROUP BY \"pin_jobs\".\"provider\"\n" rows_affected=0 rows_returned=0 elapsed=103.92碌s elapsed_secs=0.00010392
ipfs-s3-gateway  | 2026-08-13T00:48:11.801113Z  INFO sqlx::query: summary="SELECT \"import_jobs\".\"id\", \"import_jobs\".\"bucket\", \"import_jobs\".\"key\", 鈥? db.statement="\n\nSELECT \"import_jobs\".\"id\", \"import_jobs\".\"bucket\", \"import_jobs\".\"key\", \"import_jobs\".\"source_type\", \"import_jobs\".\"source_value\", \"import_jobs\".\"request_fingerprint\", \"import_jobs\".\"client_token\", \"import_jobs\".\"object_content_type\", \"import_jobs\".\"metadata_json\", \"import_jobs\".\"tags_json\", \"import_jobs\".\"decompress_prefix\", \"import_jobs\".\"state\", \"import_jobs\".\"phase\", \"import_jobs\".\"attempts\", \"import_jobs\".\"next_attempt_at\", \"import_jobs\".\"locked_by\", \"import_jobs\".\"locked_until\", \"import_jobs\".\"claim_epoch\", \"import_jobs\".\"providers_observed\", \"import_jobs\".\"pin_nodes_processed\", \"import_jobs\".\"pin_bytes_processed\", \"import_jobs\".\"downloaded_bytes\", \"import_jobs\".\"download_total\", \"import_jobs\".\"ipfs_add_bytes\", \"import_jobs\".\"logical_size\", \"import_jobs\".\"entries_processed\", \"import_jobs\".\"entries_succeeded\", \"import_jobs\".\"entries_failed\", \"import_jobs\".\"decompressed_bytes\", \"import_jobs\".\"final_cid\", \"import_jobs\".\"failure_code\", \"import_jobs\".\"failure_message\", \"import_jobs\".\"created_at\", \"import_jobs\".\"updated_at\", \"import_jobs\".\"completed_at\" FROM \"import_jobs\" WHERE (\"import_jobs\".\"state\" = ? AND \"import_jobs\".\"next_attempt_at\" <= ? AND \"import_jobs\".\"locked_by\" IS NULL AND \"import_jobs\".\"locked_until\" IS NULL) OR (\"import_jobs\".\"state\" = ? AND \"import_jobs\".\"locked_until\" <= ?) ORDER BY \"import_jobs\".\"next_attempt_at\" ASC, \"import_jobs\".\"created_at\" ASC, \"import_jobs\".\"id\" ASC LIMIT ?\n" rows_affected=0 rows_returned=0 elapsed=140.442碌s elapsed_secs=0.000140442
ipfs-s3-gateway  | 2026-08-13T00:48:12.301440Z  INFO sqlx::query: summary="SELECT \"import_jobs\".\"id\", \"import_jobs\".\"bucket\", \"import_jobs\".\"key\", 鈥? db.statement="\n\nSELECT \"import_jobs\".\"id\", \"import_jobs\".\"bucket\", \"import_jobs\".\"key\", \"import_jobs\".\"source_type\", \"import_jobs\".\"source_value\", \"import_jobs\".\"request_fingerprint\", \"import_jobs\".\"client_token\", \"import_jobs\".\"object_content_type\", \"import_jobs\".\"metadata_json\", \"import_jobs\".\"tags_json\", \"import_jobs\".\"decompress_prefix\", \"import_jobs\".\"state\", \"import_jobs\".\"phase\", \"import_jobs\".\"attempts\", \"import_jobs\".\"next_attempt_at\", \"import_jobs\".\"locked_by\", \"import_jobs\".\"locked_until\", \"import_jobs\".\"claim_epoch\", \"import_jobs\".\"providers_observed\", \"import_jobs\".\"pin_nodes_processed\", \"import_jobs\".\"pin_bytes_processed\", \"import_jobs\".\"downloaded_bytes\", \"import_jobs\".\"download_total\", \"import_jobs\".\"ipfs_add_bytes\", \"import_jobs\".\"logical_size\", \"import_jobs\".\"entries_processed\", \"import_jobs\".\"entries_succeeded\", \"import_jobs\".\"entries_failed\", \"import_jobs\".\"decompressed_bytes\", \"import_jobs\".\"final_cid\", \"import_jobs\".\"failure_code\", \"import_jobs\".\"failure_message\", \"import_jobs\".\"created_at\", \"import_jobs\".\"updated_at\", \"import_jobs\".\"completed_at\" FROM \"import_jobs\" WHERE (\"import_jobs\".\"state\" = ? AND \"import_jobs\".\"next_attempt_at\" <= ? AND \"import_jobs\".\"locked_by\" IS NULL AND \"import_jobs\".\"locked_until\" IS NULL) OR (\"import_jobs\".\"state\" = ? AND \"import_jobs\".\"locked_until\" <= ?) ORDER BY \"import_jobs\".\"next_attempt_at\" ASC, \"import_jobs\".\"created_at\" ASC, \"import_jobs\".\"id\" ASC LIMIT ?\n" rows_affected=0 rows_returned=0 elapsed=130.291碌s elapsed_secs=0.000130291
ipfs-s3-gateway  | 2026-08-13T00:48:12.800542Z  INFO sqlx::query: summary="SELECT \"import_jobs\".\"id\", \"import_jobs\".\"bucket\", \"import_jobs\".\"key\", 鈥? db.statement="\n\nSELECT \"import_jobs\".\"id\", \"import_jobs\".\"bucket\", \"import_jobs\".\"key\", \"import_jobs\".\"source_type\", \"import_jobs\".\"source_value\", \"import_jobs\".\"request_fingerprint\", \"import_jobs\".\"client_token\", \"import_jobs\".\"object_content_type\", \"import_jobs\".\"metadata_json\", \"import_jobs\".\"tags_json\", \"import_jobs\".\"decompress_prefix\", \"import_jobs\".\"state\", \"import_jobs\".\"phase\", \"import_jobs\".\"attempts\", \"import_jobs\".\"next_attempt_at\", \"import_jobs\".\"locked_by\", \"import_jobs\".\"locked_until\", \"import_jobs\".\"claim_epoch\", \"import_jobs\".\"providers_observed\", \"import_jobs\".\"pin_nodes_processed\", \"import_jobs\".\"pin_bytes_processed\", \"import_jobs\".\"downloaded_bytes\", \"import_jobs\".\"download_total\", \"import_jobs\".\"ipfs_add_bytes\", \"import_jobs\".\"logical_size\", \"import_jobs\".\"entries_processed\", \"import_jobs\".\"entries_succeeded\", \"import_jobs\".\"entries_failed\", \"import_jobs\".\"decompressed_bytes\", \"import_jobs\".\"final_cid\", \"import_jobs\".\"failure_code\", \"import_jobs\".\"failure_message\", \"import_jobs\".\"created_at\", \"import_jobs\".\"updated_at\", \"import_jobs\".\"completed_at\" FROM \"import_jobs\" WHERE (\"import_jobs\".\"state\" = ? AND \"import_jobs\".\"next_attempt_at\" <= ? AND \"import_jobs\".\"locked_by\" IS NULL AND \"import_jobs\".\"locked_until\" IS NULL) OR (\"import_jobs\".\"state\" = ? AND \"import_jobs\".\"locked_until\" <= ?) ORDER BY \"import_jobs\".\"next_attempt_at\" ASC, \"import_jobs\".\"created_at\" ASC, \"import_jobs\".\"id\" ASC LIMIT ?\n" rows_affected=0 rows_returned=0 elapsed=93.836碌s elapsed_secs=9.3836e-5
ipfs-s3-gateway  | 2026-08-13T00:48:13.301582Z  INFO sqlx::query: summary="SELECT \"import_jobs\".\"id\", \"import_jobs\".\"bucket\", \"import_jobs\".\"key\", 鈥? db.statement="\n\nSELECT \"import_jobs\".\"id\", \"import_jobs\".\"bucket\", \"import_jobs\".\"key\", \"import_jobs\".\"source_type\", \"import_jobs\".\"source_value\", \"import_jobs\".\"request_fingerprint\", \"import_jobs\".\"client_token\", \"import_jobs\".\"object_content_type\", \"import_jobs\".\"metadata_json\", \"import_jobs\".\"tags_json\", \"import_jobs\".\"decompress_prefix\", \"import_jobs\".\"state\", \"import_jobs\".\"phase\", \"import_jobs\".\"attempts\", \"import_jobs\".\"next_attempt_at\", \"import_jobs\".\"locked_by\", \"import_jobs\".\"locked_until\", \"import_jobs\".\"claim_epoch\", \"import_jobs\".\"providers_observed\", \"import_jobs\".\"pin_nodes_processed\", \"import_jobs\".\"pin_bytes_processed\", \"import_jobs\".\"downloaded_bytes\", \"import_jobs\".\"download_total\", \"import_jobs\".\"ipfs_add_bytes\", \"import_jobs\".\"logical_size\", \"import_jobs\".\"entries_processed\", \"import_jobs\".\"entries_succeeded\", \"import_jobs\".\"entries_failed\", \"import_jobs\".\"decompressed_bytes\", \"import_jobs\".\"final_cid\", \"import_jobs\".\"failure_code\", \"import_jobs\".\"failure_message\", \"import_jobs\".\"created_at\", \"import_jobs\".\"updated_at\", \"import_jobs\".\"completed_at\" FROM \"import_jobs\" WHERE (\"import_jobs\".\"state\" = ? AND \"import_jobs\".\"next_attempt_at\" <= ? AND \"import_jobs\".\"locked_by\" IS NULL AND \"import_jobs\".\"locked_until\" IS NULL) OR (\"import_jobs\".\"state\" = ? AND \"import_jobs\".\"locked_until\" <= ?) ORDER BY \"import_jobs\".\"next_attempt_at\" ASC, \"import_jobs\".\"created_at\" ASC, \"import_jobs\".\"id\" ASC LIMIT ?\n" rows_affected=0 rows_returned=0 elapsed=265.332碌s elapsed_secs=0.000265332
ipfs-s3-gateway  | 2026-08-13T00:48:13.801525Z  INFO sqlx::query: summary="SELECT \"import_jobs\".\"id\", \"import_jobs\".\"bucket\", \"import_jobs\".\"key\", 鈥? db.statement="\n\nSELECT \"import_jobs\".\"id\", \"import_jobs\".\"bucket\", \"import_jobs\".\"key\", \"import_jobs\".\"source_type\", \"import_jobs\".\"source_value\", \"import_jobs\".\"request_fingerprint\", \"import_jobs\".\"client_token\", \"import_jobs\".\"object_content_type\", \"import_jobs\".\"metadata_json\", \"import_jobs\".\"tags_json\", \"import_jobs\".\"decompress_prefix\", \"import_jobs\".\"state\", \"import_jobs\".\"phase\", \"import_jobs\".\"attempts\", \"import_jobs\".\"next_attempt_at\", \"import_jobs\".\"locked_by\", \"import_jobs\".\"locked_until\", \"import_jobs\".\"claim_epoch\", \"import_jobs\".\"providers_observed\", \"import_jobs\".\"pin_nodes_processed\", \"import_jobs\".\"pin_bytes_processed\", \"import_jobs\".\"downloaded_bytes\", \"import_jobs\".\"download_total\", \"import_jobs\".\"ipfs_add_bytes\", \"import_jobs\".\"logical_size\", \"import_jobs\".\"entries_processed\", \"import_jobs\".\"entries_succeeded\", \"import_jobs\".\"entries_failed\", \"import_jobs\".\"decompressed_bytes\", \"import_jobs\".\"final_cid\", \"import_jobs\".\"failure_code\", \"import_jobs\".\"failure_message\", \"import_jobs\".\"created_at\", \"import_jobs\".\"updated_at\", \"import_jobs\".\"completed_at\" FROM \"import_jobs\" WHERE (\"import_jobs\".\"state\" = ? AND \"import_jobs\".\"next_attempt_at\" <= ? AND \"import_jobs\".\"locked_by\" IS NULL AND \"import_jobs\".\"locked_until\" IS NULL) OR (\"import_jobs\".\"state\" = ? AND \"import_jobs\".\"locked_until\" <= ?) ORDER BY \"import_jobs\".\"next_attempt_at\" ASC, \"import_jobs\".\"created_at\" ASC, \"import_jobs\".\"id\" ASC LIMIT ?\n" rows_affected=0 rows_returned=0 elapsed=122.748碌s elapsed_secs=0.000122748
ipfs-s3-gateway  | 2026-08-13T00:48:14.300284Z  INFO sqlx::query: summary="SELECT \"import_jobs\".\"id\", \"import_jobs\".\"bucket\", \"import_jobs\".\"key\", 鈥? db.statement="\n\nSELECT \"import_jobs\".\"id\", \"import_jobs\".\"bucket\", \"import_jobs\".\"key\", \"import_jobs\".\"source_type\", \"import_jobs\".\"source_value\", \"import_jobs\".\"request_fingerprint\", \"import_jobs\".\"client_token\", \"import_jobs\".\"object_content_type\", \"import_jobs\".\"metadata_json\", \"import_jobs\".\"tags_json\", \"import_jobs\".\"decompress_prefix\", \"import_jobs\".\"state\", \"import_jobs\".\"phase\", \"import_jobs\".\"attempts\", \"import_jobs\".\"next_attempt_at\", \"import_jobs\".\"locked_by\", \"import_jobs\".\"locked_until\", \"import_jobs\".\"claim_epoch\", \"import_jobs\".\"providers_observed\", \"import_jobs\".\"pin_nodes_processed\", \"import_jobs\".\"pin_bytes_processed\", \"import_jobs\".\"downloaded_bytes\", \"import_jobs\".\"download_total\", \"import_jobs\".\"ipfs_add_bytes\", \"import_jobs\".\"logical_size\", \"import_jobs\".\"entries_processed\", \"import_jobs\".\"entries_succeeded\", \"import_jobs\".\"entries_failed\", \"import_jobs\".\"decompressed_bytes\", \"import_jobs\".\"final_cid\", \"import_jobs\".\"failure_code\", \"import_jobs\".\"failure_message\", \"import_jobs\".\"created_at\", \"import_jobs\".\"updated_at\", \"import_jobs\".\"completed_at\" FROM \"import_jobs\" WHERE (\"import_jobs\".\"state\" = ? AND \"import_jobs\".\"next_attempt_at\" <= ? AND \"import_jobs\".\"locked_by\" IS NULL AND \"import_jobs\".\"locked_until\" IS NULL) OR (\"import_jobs\".\"state\" = ? AND \"import_jobs\".\"locked_until\" <= ?) ORDER BY \"import_jobs\".\"next_attempt_at\" ASC, \"import_jobs\".\"created_at\" ASC, \"import_jobs\".\"id\" ASC LIMIT ?\n" rows_affected=0 rows_returned=0 elapsed=95.635碌s elapsed_secs=9.5635e-5
ipfs-s3-gateway  | 2026-08-13T00:48:14.623442Z  INFO sqlx::query: summary="SELECT COUNT(*) AS num_items 鈥? db.statement="\n\nSELECT COUNT(*) AS num_items FROM (SELECT \"buckets\".\"name\", \"buckets\".\"created_at\", \"buckets\".\"owner\" FROM \"buckets\" WHERE \"buckets\".\"name\" = ?) AS \"sub_query\"\n" rows_affected=0 rows_returned=1 elapsed=400.079碌s elapsed_secs=0.000400079
ipfs-s3-gateway  | 2026-08-13T00:48:14.630602Z  INFO sqlx::query: summary="INSERT INTO \"buckets\" (\"name\", 鈥? db.statement="\n\nINSERT INTO \"buckets\" (\"name\", \"created_at\", \"owner\") VALUES (?, ?, ?)\n" rows_affected=1 rows_returned=0 elapsed=6.414695ms elapsed_secs=0.006414695
ipfs-s3-gateway  | 2026-08-13T00:48:14.801630Z  INFO sqlx::query: summary="SELECT \"import_jobs\".\"id\", \"import_jobs\".\"bucket\", \"import_jobs\".\"key\", 鈥? db.statement="\n\nSELECT \"import_jobs\".\"id\", \"import_jobs\".\"bucket\", \"import_jobs\".\"key\", \"import_jobs\".\"source_type\", \"import_jobs\".\"source_value\", \"import_jobs\".\"request_fingerprint\", \"import_jobs\".\"client_token\", \"import_jobs\".\"object_content_type\", \"import_jobs\".\"metadata_json\", \"import_jobs\".\"tags_json\", \"import_jobs\".\"decompress_prefix\", \"import_jobs\".\"state\", \"import_jobs\".\"phase\", \"import_jobs\".\"attempts\", \"import_jobs\".\"next_attempt_at\", \"import_jobs\".\"locked_by\", \"import_jobs\".\"locked_until\", \"import_jobs\".\"claim_epoch\", \"import_jobs\".\"providers_observed\", \"import_jobs\".\"pin_nodes_processed\", \"import_jobs\".\"pin_bytes_processed\", \"import_jobs\".\"downloaded_bytes\", \"import_jobs\".\"download_total\", \"import_jobs\".\"ipfs_add_bytes\", \"import_jobs\".\"logical_size\", \"import_jobs\".\"entries_processed\", \"import_jobs\".\"entries_succeeded\", \"import_jobs\".\"entries_failed\", \"import_jobs\".\"decompressed_bytes\", \"import_jobs\".\"final_cid\", \"import_jobs\".\"failure_code\", \"import_jobs\".\"failure_message\", \"import_jobs\".\"created_at\", \"import_jobs\".\"updated_at\", \"import_jobs\".\"completed_at\" FROM \"import_jobs\" WHERE (\"import_jobs\".\"state\" = ? AND \"import_jobs\".\"next_attempt_at\" <= ? AND \"import_jobs\".\"locked_by\" IS NULL AND \"import_jobs\".\"locked_until\" IS NULL) OR (\"import_jobs\".\"state\" = ? AND \"import_jobs\".\"locked_until\" <= ?) ORDER BY \"import_jobs\".\"next_attempt_at\" ASC, \"import_jobs\".\"created_at\" ASC, \"import_jobs\".\"id\" ASC LIMIT ?\n" rows_affected=1 rows_returned=0 elapsed=330.182碌s elapsed_secs=0.000330182
ipfs-s3-gateway  | 2026-08-13T00:48:15.300664Z  INFO sqlx::query: summary="SELECT \"import_jobs\".\"id\", \"import_jobs\".\"bucket\", \"import_jobs\".\"key\", 鈥? db.statement="\n\nSELECT \"import_jobs\".\"id\", \"import_jobs\".\"bucket\", \"import_jobs\".\"key\", \"import_jobs\".\"source_type\", \"import_jobs\".\"source_value\", \"import_jobs\".\"request_fingerprint\", \"import_jobs\".\"client_token\", \"import_jobs\".\"object_content_type\", \"import_jobs\".\"metadata_json\", \"import_jobs\".\"tags_json\", \"import_jobs\".\"decompress_prefix\", \"import_jobs\".\"state\", \"import_jobs\".\"phase\", \"import_jobs\".\"attempts\", \"import_jobs\".\"next_attempt_at\", \"import_jobs\".\"locked_by\", \"import_jobs\".\"locked_until\", \"import_jobs\".\"claim_epoch\", \"import_jobs\".\"providers_observed\", \"import_jobs\".\"pin_nodes_processed\", \"import_jobs\".\"pin_bytes_processed\", \"import_jobs\".\"downloaded_bytes\", \"import_jobs\".\"download_total\", \"import_jobs\".\"ipfs_add_bytes\", \"import_jobs\".\"logical_size\", \"import_jobs\".\"entries_processed\", \"import_jobs\".\"entries_succeeded\", \"import_jobs\".\"entries_failed\", \"import_jobs\".\"decompressed_bytes\", \"import_jobs\".\"final_cid\", \"import_jobs\".\"failure_code\", \"import_jobs\".\"failure_message\", \"import_jobs\".\"created_at\", \"import_jobs\".\"updated_at\", \"import_jobs\".\"completed_at\" FROM \"import_jobs\" WHERE (\"import_jobs\".\"state\" = ? AND \"import_jobs\".\"next_attempt_at\" <= ? AND \"import_jobs\".\"locked_by\" IS NULL AND \"import_jobs\".\"locked_until\" IS NULL) OR (\"import_jobs\".\"state\" = ? AND \"import_jobs\".\"locked_until\" <= ?) ORDER BY \"import_jobs\".\"next_attempt_at\" ASC, \"import_jobs\".\"created_at\" ASC, \"import_jobs\".\"id\" ASC LIMIT ?\n" rows_affected=1 rows_returned=0 elapsed=151.745碌s elapsed_secs=0.000151745
ipfs-s3-gateway  | 2026-08-13T00:48:15.800311Z  INFO sqlx::query: summary="SELECT \"import_jobs\".\"id\", \"import_jobs\".\"bucket\", \"import_jobs\".\"key\", 鈥? db.statement="\n\nSELECT \"import_jobs\".\"id\", \"import_jobs\".\"bucket\", \"import_jobs\".\"key\", \"import_jobs\".\"source_type\", \"import_jobs\".\"source_value\", \"import_jobs\".\"request_fingerprint\", \"import_jobs\".\"client_token\", \"import_jobs\".\"object_content_type\", \"import_jobs\".\"metadata_json\", \"import_jobs\".\"tags_json\", \"import_jobs\".\"decompress_prefix\", \"import_jobs\".\"state\", \"import_jobs\".\"phase\", \"import_jobs\".\"attempts\", \"import_jobs\".\"next_attempt_at\", \"import_jobs\".\"locked_by\", \"import_jobs\".\"locked_until\", \"import_jobs\".\"claim_epoch\", \"import_jobs\".\"providers_observed\", \"import_jobs\".\"pin_nodes_processed\", \"import_jobs\".\"pin_bytes_processed\", \"import_jobs\".\"downloaded_bytes\", \"import_jobs\".\"download_total\", \"import_jobs\".\"ipfs_add_bytes\", \"import_jobs\".\"logical_size\", \"import_jobs\".\"entries_processed\", \"import_jobs\".\"entries_succeeded\", \"import_jobs\".\"entries_failed\", \"import_jobs\".\"decompressed_bytes\", \"import_jobs\".\"final_cid\", \"import_jobs\".\"failure_code\", \"import_jobs\".\"failure_message\", \"import_jobs\".\"created_at\", \"import_jobs\".\"updated_at\", \"import_jobs\".\"completed_at\" FROM \"import_jobs\" WHERE (\"import_jobs\".\"state\" = ? AND \"import_jobs\".\"next_attempt_at\" <= ? AND \"import_jobs\".\"locked_by\" IS NULL AND \"import_jobs\".\"locked_until\" IS NULL) OR (\"import_jobs\".\"state\" = ? AND \"import_jobs\".\"locked_until\" <= ?) ORDER BY \"import_jobs\".\"next_attempt_at\" ASC, \"import_jobs\".\"created_at\" ASC, \"import_jobs\".\"id\" ASC LIMIT ?\n" rows_affected=1 rows_returned=0 elapsed=136.366碌s elapsed_secs=0.000136366
ipfs-s3-gateway  | 2026-08-13T00:48:15.995131Z  INFO sqlx::query: summary="SELECT \"objects\".\"id\", \"objects\".\"bucket\", \"objects\".\"key\", 鈥? db.statement="\n\nSELECT \"objects\".\"id\", \"objects\".\"bucket\", \"objects\".\"key\", \"objects\".\"cid\", \"objects\".\"size\", \"objects\".\"content_type\", \"objects\".\"etag\", \"objects\".\"metadata\", \"objects\".\"encrypted\", \"objects\".\"key_wrap\", \"objects\".\"sse_c_key_fingerprint\", \"objects\".\"multipart\", \"objects\".\"is_latest\", \"objects\".\"created_at\" FROM \"objects\" WHERE \"objects\".\"bucket\" = ? AND \"objects\".\"key\" = ? AND \"objects\".\"is_latest\" = ? LIMIT ?\n" rows_affected=1 rows_returned=0 elapsed=306.501碌s elapsed_secs=0.000306501
ipfs-s3-gateway  | 2026-08-13T00:48:15.998187Z  INFO sqlx::query: summary="SELECT \"objects\".\"id\", \"objects\".\"bucket\", \"objects\".\"key\", 鈥? db.statement="\n\nSELECT \"objects\".\"id\", \"objects\".\"bucket\", \"objects\".\"key\", \"objects\".\"cid\", \"objects\".\"size\", \"objects\".\"content_type\", \"objects\".\"etag\", \"objects\".\"metadata\", \"objects\".\"encrypted\", \"objects\".\"key_wrap\", \"objects\".\"sse_c_key_fingerprint\", \"objects\".\"multipart\", \"objects\".\"is_latest\", \"objects\".\"created_at\" FROM \"objects\" WHERE \"objects\".\"bucket\" = ? AND \"objects\".\"key\" = ? AND \"objects\".\"is_latest\" = ? LIMIT ?\n" rows_affected=1 rows_returned=0 elapsed=219.802碌s elapsed_secs=0.000219802
ipfs-s3-gateway  | 2026-08-13T00:48:16.002238Z  INFO sqlx::query: summary="SELECT COUNT(*) AS num_items 鈥? db.statement="\n\nSELECT COUNT(*) AS num_items FROM (SELECT \"buckets\".\"name\", \"buckets\".\"created_at\", \"buckets\".\"owner\" FROM \"buckets\" WHERE \"buckets\".\"name\" = ?) AS \"sub_query\"\n" rows_affected=0 rows_returned=1 elapsed=73.708碌s elapsed_secs=7.3708e-5
ipfs-s3-gateway  | 2026-08-13T00:48:16.017641Z  INFO sqlx::query: summary="SELECT COUNT(*) AS num_items 鈥? db.statement="\n\nSELECT COUNT(*) AS num_items FROM (SELECT \"buckets\".\"name\", \"buckets\".\"created_at\", \"buckets\".\"owner\" FROM \"buckets\" WHERE \"buckets\".\"name\" = ?) AS \"sub_query\"\n" rows_affected=0 rows_returned=1 elapsed=239.212碌s elapsed_secs=0.000239212
ipfs-s3-gateway  | 2026-08-13T00:48:16.018931Z  INFO sqlx::query: summary="UPDATE \"buckets\" SET \"created_at\" 鈥? db.statement="\n\nUPDATE \"buckets\" SET \"created_at\" = \"created_at\" WHERE \"buckets\".\"name\" = ?\n" rows_affected=1 rows_returned=0 elapsed=238.508碌s elapsed_secs=0.000238508
ipfs-s3-gateway  | 2026-08-13T00:48:16.019374Z  INFO sqlx::query: summary="SELECT \"import_destinations\".\"bucket\", \"import_destinations\".\"key\", \"import_destinations\".\"generation\", 鈥? db.statement="\n\nSELECT \"import_destinations\".\"bucket\", \"import_destinations\".\"key\", \"import_destinations\".\"generation\", \"import_destinations\".\"owner_job_id\", \"import_destinations\".\"mutation_id\", \"import_destinations\".\"mutation_prefix\", \"import_destinations\".\"updated_at\" FROM \"import_destinations\" WHERE \"import_destinations\".\"bucket\" = ? AND \"import_destinations\".\"key\" = ? LIMIT ?\n" rows_affected=1 rows_returned=0 elapsed=125.872碌s elapsed_secs=0.000125872
ipfs-s3-gateway  | 2026-08-13T00:48:16.019794Z  INFO sqlx::query: summary="SELECT DISTINCT c.job_id AS 鈥? db.statement="\n\nSELECT DISTINCT c.job_id AS job_id FROM import_prefix_claims c JOIN import_jobs j ON j.id = c.job_id WHERE c.bucket = ?1 AND j.state IN ('queued', 'running') AND c.prefix = substr(?2, 1, length(c.prefix)) AND (?3 IS NULL OR c.job_id > ?3) AND (?4 IS NULL OR c.job_id <> ?4) ORDER BY c.job_id LIMIT ?5\n" rows_affected=1 rows_returned=0 elapsed=247.881碌s elapsed_secs=0.000247881
ipfs-s3-gateway  | 2026-08-13T00:48:16.020181Z  INFO sqlx::query: summary="SELECT \"import_destinations\".\"bucket\", \"import_destinations\".\"key\", \"import_destinations\".\"generation\", 鈥? db.statement="\n\nSELECT \"import_destinations\".\"bucket\", \"import_destinations\".\"key\", \"import_destinations\".\"generation\", \"import_destinations\".\"owner_job_id\", \"import_destinations\".\"mutation_id\", \"import_destinations\".\"mutation_prefix\", \"import_destinations\".\"updated_at\" FROM \"import_destinations\" WHERE \"import_destinations\".\"bucket\" = ? AND \"import_destinations\".\"mutation_id\" IS NOT NULL ORDER BY \"import_destinations\".\"key\" ASC LIMIT ?\n" rows_affected=1 rows_returned=0 elapsed=160.913碌s elapsed_secs=0.000160913
ipfs-s3-gateway  | 2026-08-13T00:48:16.020429Z  INFO sqlx::query: summary="SELECT \"import_destinations\".\"bucket\", \"import_destinations\".\"key\", \"import_destinations\".\"generation\", 鈥? db.statement="\n\nSELECT \"import_destinations\".\"bucket\", \"import_destinations\".\"key\", \"import_destinations\".\"generation\", \"import_destinations\".\"owner_job_id\", \"import_destinations\".\"mutation_id\", \"import_destinations\".\"mutation_prefix\", \"import_destinations\".\"updated_at\" FROM \"import_destinations\" WHERE \"import_destinations\".\"bucket\" = ? AND \"import_destinations\".\"key\" = ? LIMIT ?\n" rows_affected=1 rows_returned=0 elapsed=47.966碌s elapsed_secs=4.7966e-5
ipfs-s3-gateway  | 2026-08-13T00:48:16.021169Z  INFO sqlx::query: summary="INSERT INTO \"import_destinations\" (\"bucket\", 鈥? db.statement="\n\nINSERT INTO \"import_destinations\" (\"bucket\", \"key\", \"generation\", \"owner_job_id\", \"mutation_id\", \"mutation_prefix\", \"updated_at\") VALUES (?, ?, ?, ?, ?, ?, ?)\n" rows_affected=1 rows_returned=0 elapsed=574.185碌s elapsed_secs=0.000574185
ipfs-s3-gateway  | 2026-08-13T00:48:16.064918Z  INFO sqlx::query: summary="UPDATE \"buckets\" SET \"created_at\" 鈥? db.statement="\n\nUPDATE \"buckets\" SET \"created_at\" = \"created_at\" WHERE \"buckets\".\"name\" = ?\n" rows_affected=1 rows_returned=0 elapsed=162.779碌s elapsed_secs=0.000162779
ipfs-s3-gateway  | 2026-08-13T00:48:16.065376Z  INFO sqlx::query: summary="SELECT \"import_destinations\".\"bucket\", \"import_destinations\".\"key\", \"import_destinations\".\"generation\", 鈥? db.statement="\n\nSELECT \"import_destinations\".\"bucket\", \"import_destinations\".\"key\", \"import_destinations\".\"generation\", \"import_destinations\".\"owner_job_id\", \"import_destinations\".\"mutation_id\", \"import_destinations\".\"mutation_prefix\", \"import_destinations\".\"updated_at\" FROM \"import_destinations\" WHERE \"import_destinations\".\"bucket\" = ? AND \"import_destinations\".\"key\" = ? LIMIT ?\n" rows_affected=0 rows_returned=1 elapsed=51.36碌s elapsed_secs=5.136e-5
ipfs-s3-gateway  | 2026-08-13T00:48:16.066511Z  INFO sqlx::query: summary="SELECT \"objects\".\"id\", \"objects\".\"bucket\", \"objects\".\"key\", 鈥? db.statement="\n\nSELECT \"objects\".\"id\", \"objects\".\"bucket\", \"objects\".\"key\", \"objects\".\"cid\", \"objects\".\"size\", \"objects\".\"content_type\", \"objects\".\"etag\", \"objects\".\"metadata\", \"objects\".\"encrypted\", \"objects\".\"key_wrap\", \"objects\".\"sse_c_key_fingerprint\", \"objects\".\"multipart\", \"objects\".\"is_latest\", \"objects\".\"created_at\" FROM \"objects\" WHERE \"objects\".\"bucket\" = ? AND \"objects\".\"key\" = ? AND \"objects\".\"is_latest\" = ? LIMIT ?\n" rows_affected=1 rows_returned=0 elapsed=509.092碌s elapsed_secs=0.000509092
ipfs-s3-gateway  | 2026-08-13T00:48:16.067030Z  INFO sqlx::query: summary="SELECT \"objects\".\"id\", \"objects\".\"bucket\", \"objects\".\"key\", 鈥? db.statement="\n\nSELECT \"objects\".\"id\", \"objects\".\"bucket\", \"objects\".\"key\", \"objects\".\"cid\", \"objects\".\"size\", \"objects\".\"content_type\", \"objects\".\"etag\", \"objects\".\"metadata\", \"objects\".\"encrypted\", \"objects\".\"key_wrap\", \"objects\".\"sse_c_key_fingerprint\", \"objects\".\"multipart\", \"objects\".\"is_latest\", \"objects\".\"created_at\" FROM \"objects\" WHERE \"objects\".\"bucket\" = ? AND \"objects\".\"key\" = ? AND \"objects\".\"is_latest\" = ? LIMIT ?\n" rows_affected=1 rows_returned=0 elapsed=215.528碌s elapsed_secs=0.000215528
ipfs-s3-gateway  | 2026-08-13T00:48:16.067393Z  INFO sqlx::query: summary="UPDATE \"objects\" SET \"is_latest\" 鈥? db.statement="\n\nUPDATE \"objects\" SET \"is_latest\" = ? WHERE \"objects\".\"bucket\" = ? AND \"objects\".\"key\" = ? AND \"objects\".\"is_latest\" = ?\n" rows_affected=0 rows_returned=0 elapsed=172.888碌s elapsed_secs=0.000172888
ipfs-s3-gateway  | 2026-08-13T00:48:16.068343Z  INFO sqlx::query: summary="INSERT INTO \"objects\" (\"id\", 鈥? db.statement="\n\nINSERT INTO \"objects\" (\"id\", \"bucket\", \"key\", \"cid\", \"size\", \"content_type\", \"etag\", \"metadata\", \"encrypted\", \"key_wrap\", \"sse_c_key_fingerprint\", \"multipart\", \"is_latest\", \"created_at\") VALUES (?, ?, ?, ?, ?, ?, ?, ?, ?, ?, ?, ?, ?, ?)\n" rows_affected=1 rows_returned=0 elapsed=592.032碌s elapsed_secs=0.000592032
ipfs-s3-gateway  | 2026-08-13T00:48:16.068790Z  INFO sqlx::query: summary="SELECT \"objects\".\"id\", \"objects\".\"bucket\", \"objects\".\"key\", 鈥? db.statement="\n\nSELECT \"objects\".\"id\", \"objects\".\"bucket\", \"objects\".\"key\", \"objects\".\"cid\", \"objects\".\"size\", \"objects\".\"content_type\", \"objects\".\"etag\", \"objects\".\"metadata\", \"objects\".\"encrypted\", \"objects\".\"key_wrap\", \"objects\".\"sse_c_key_fingerprint\", \"objects\".\"multipart\", \"objects\".\"is_latest\", \"objects\".\"created_at\" FROM \"objects\" WHERE \"objects\".\"id\" = ? LIMIT ?\n" rows_affected=0 rows_returned=1 elapsed=136.232碌s elapsed_secs=0.000136232
ipfs-s3-gateway  | 2026-08-13T00:48:16.069254Z  INFO sqlx::query: summary="DELETE FROM \"object_tags\" WHERE 鈥? db.statement="\n\nDELETE FROM \"object_tags\" WHERE \"object_tags\".\"object_id\" = ?\n" rows_affected=0 rows_returned=0 elapsed=112.907碌s elapsed_secs=0.000112907
ipfs-s3-gateway  | 2026-08-13T00:48:16.069709Z  INFO sqlx::query: summary="UPDATE \"import_destinations\" SET \"mutation_id\" 鈥? db.statement="\n\nUPDATE \"import_destinations\" SET \"mutation_id\" = ?, \"mutation_prefix\" = ?, \"updated_at\" = ? WHERE \"import_destinations\".\"bucket\" = ? AND \"import_destinations\".\"key\" = ? AND \"import_destinations\".\"generation\" = ? AND \"import_destinations\".\"owner_job_id\" IS NULL AND \"import_destinations\".\"mutation_id\" = ?\n" rows_affected=1 rows_returned=0 elapsed=261.963碌s elapsed_secs=0.000261963
ipfs-s3-gateway  | 2026-08-13T00:48:16.082131Z  INFO sqlx::query: summary="SELECT \"objects\".\"id\", \"objects\".\"bucket\", \"objects\".\"key\", 鈥? db.statement="\n\nSELECT \"objects\".\"id\", \"objects\".\"bucket\", \"objects\".\"key\", \"objects\".\"cid\", \"objects\".\"size\", \"objects\".\"content_type\", \"objects\".\"etag\", \"objects\".\"metadata\", \"objects\".\"encrypted\", \"objects\".\"key_wrap\", \"objects\".\"sse_c_key_fingerprint\", \"objects\".\"multipart\", \"objects\".\"is_latest\", \"objects\".\"created_at\" FROM \"objects\" WHERE \"objects\".\"bucket\" = ? AND \"objects\".\"key\" = ? AND \"objects\".\"is_latest\" = ? LIMIT ?\n" rows_affected=0 rows_returned=1 elapsed=410.597碌s elapsed_secs=0.000410597
ipfs-s3-gateway  | 2026-08-13T00:48:16.301407Z  INFO sqlx::query: summary="SELECT \"import_jobs\".\"id\", \"import_jobs\".\"bucket\", \"import_jobs\".\"key\", 鈥? db.statement="\n\nSELECT \"import_jobs\".\"id\", \"import_jobs\".\"bucket\", \"import_jobs\".\"key\", \"import_jobs\".\"source_type\", \"import_jobs\".\"source_value\", \"import_jobs\".\"request_fingerprint\", \"import_jobs\".\"client_token\", \"import_jobs\".\"object_content_type\", \"import_jobs\".\"metadata_json\", \"import_jobs\".\"tags_json\", \"import_jobs\".\"decompress_prefix\", \"import_jobs\".\"state\", \"import_jobs\".\"phase\", \"import_jobs\".\"attempts\", \"import_jobs\".\"next_attempt_at\", \"import_jobs\".\"locked_by\", \"import_jobs\".\"locked_until\", \"import_jobs\".\"claim_epoch\", \"import_jobs\".\"providers_observed\", \"import_jobs\".\"pin_nodes_processed\", \"import_jobs\".\"pin_bytes_processed\", \"import_jobs\".\"downloaded_bytes\", \"import_jobs\".\"download_total\", \"import_jobs\".\"ipfs_add_bytes\", \"import_jobs\".\"logical_size\", \"import_jobs\".\"entries_processed\", \"import_jobs\".\"entries_succeeded\", \"import_jobs\".\"entries_failed\", \"import_jobs\".\"decompressed_bytes\", \"import_jobs\".\"final_cid\", \"import_jobs\".\"failure_code\", \"import_jobs\".\"failure_message\", \"import_jobs\".\"created_at\", \"import_jobs\".\"updated_at\", \"import_jobs\".\"completed_at\" FROM \"import_jobs\" WHERE (\"import_jobs\".\"state\" = ? AND \"import_jobs\".\"next_attempt_at\" <= ? AND \"import_jobs\".\"locked_by\" IS NULL AND \"import_jobs\".\"locked_until\" IS NULL) OR (\"import_jobs\".\"state\" = ? AND \"import_jobs\".\"locked_until\" <= ?) ORDER BY \"import_jobs\".\"next_attempt_at\" ASC, \"import_jobs\".\"created_at\" ASC, \"import_jobs\".\"id\" ASC LIMIT ?\n" rows_affected=1 rows_returned=0 elapsed=228.398碌s elapsed_secs=0.000228398
ipfs-s3-gateway  | 2026-08-13T00:48:16.302567Z  INFO sqlx::query: summary="SELECT \"pin_leases\".\"id\", \"pin_leases\".\"owner_object_id\", \"pin_leases\".\"source\", 鈥? db.statement="\n\nSELECT \"pin_leases\".\"id\", \"pin_leases\".\"owner_object_id\", \"pin_leases\".\"source\", \"pin_leases\".\"policy_id\", \"pin_leases\".\"provider_mode\", \"pin_leases\".\"content_mode\", \"pin_leases\".\"created_at\", \"pin_leases\".\"last_touched_at\", \"pin_leases\".\"expires_at\", \"pin_leases\".\"generation\", \"pin_leases\".\"state\" FROM \"pin_leases\" WHERE \"pin_leases\".\"state\" = ? AND \"pin_leases\".\"expires_at\" <= ? ORDER BY \"pin_leases\".\"expires_at\" ASC, \"pin_leases\".\"id\" ASC\n" rows_affected=1 rows_returned=0 elapsed=91.431碌s elapsed_secs=9.1431e-5
ipfs-s3-gateway  | 2026-08-13T00:48:16.303654Z  INFO sqlx::query: summary="SELECT \"pin_lease_targets\".\"id\", \"pin_lease_targets\".\"lease_id\", \"pin_lease_targets\".\"cid\", 鈥? db.statement="\n\nSELECT \"pin_lease_targets\".\"id\", \"pin_lease_targets\".\"lease_id\", \"pin_lease_targets\".\"cid\", \"pin_lease_targets\".\"logical_size\", \"pin_lease_targets\".\"provider\", \"pin_lease_targets\".\"state\", \"pin_lease_targets\".\"created_at\", \"pin_lease_targets\".\"last_touched_at\" FROM \"pin_lease_targets\" WHERE \"pin_lease_targets\".\"state\" = ? ORDER BY \"pin_lease_targets\".\"created_at\" ASC, \"pin_lease_targets\".\"id\" ASC\n" rows_affected=1 rows_returned=0 elapsed=140.253碌s elapsed_secs=0.000140253
ipfs-s3-gateway  | 2026-08-13T00:48:16.304713Z  INFO sqlx::query: summary="SELECT \"pin_jobs\".\"provider\" FROM \"pin_jobs\" 鈥? db.statement="\n\nSELECT \"pin_jobs\".\"provider\" FROM \"pin_jobs\" WHERE (\"pin_jobs\".\"state\" = ? AND \"pin_jobs\".\"next_attempt_at\" <= ? AND \"pin_jobs\".\"locked_until\" IS NULL) OR (\"pin_jobs\".\"state\" = ? AND \"pin_jobs\".\"locked_until\" < ?) GROUP BY \"pin_jobs\".\"provider\"\n" rows_affected=1 rows_returned=0 elapsed=76.091碌s elapsed_secs=7.6091e-5
ipfs-s3-gateway  | 2026-08-13T00:48:16.801229Z  INFO sqlx::query: summary="SELECT \"import_jobs\".\"id\", \"import_jobs\".\"bucket\", \"import_jobs\".\"key\", 鈥? db.statement="\n\nSELECT \"import_jobs\".\"id\", \"import_jobs\".\"bucket\", \"import_jobs\".\"key\", \"import_jobs\".\"source_type\", \"import_jobs\".\"source_value\", \"import_jobs\".\"request_fingerprint\", \"import_jobs\".\"client_token\", \"import_jobs\".\"object_content_type\", \"import_jobs\".\"metadata_json\", \"import_jobs\".\"tags_json\", \"import_jobs\".\"decompress_prefix\", \"import_jobs\".\"state\", \"import_jobs\".\"phase\", \"import_jobs\".\"attempts\", \"import_jobs\".\"next_attempt_at\", \"import_jobs\".\"locked_by\", \"import_jobs\".\"locked_until\", \"import_jobs\".\"claim_epoch\", \"import_jobs\".\"providers_observed\", \"import_jobs\".\"pin_nodes_processed\", \"import_jobs\".\"pin_bytes_processed\", \"import_jobs\".\"downloaded_bytes\", \"import_jobs\".\"download_total\", \"import_jobs\".\"ipfs_add_bytes\", \"import_jobs\".\"logical_size\", \"import_jobs\".\"entries_processed\", \"import_jobs\".\"entries_succeeded\", \"import_jobs\".\"entries_failed\", \"import_jobs\".\"decompressed_bytes\", \"import_jobs\".\"final_cid\", \"import_jobs\".\"failure_code\", \"import_jobs\".\"failure_message\", \"import_jobs\".\"created_at\", \"import_jobs\".\"updated_at\", \"import_jobs\".\"completed_at\" FROM \"import_jobs\" WHERE (\"import_jobs\".\"state\" = ? AND \"import_jobs\".\"next_attempt_at\" <= ? AND \"import_jobs\".\"locked_by\" IS NULL AND \"import_jobs\".\"locked_until\" IS NULL) OR (\"import_jobs\".\"state\" = ? AND \"import_jobs\".\"locked_until\" <= ?) ORDER BY \"import_jobs\".\"next_attempt_at\" ASC, \"import_jobs\".\"created_at\" ASC, \"import_jobs\".\"id\" ASC LIMIT ?\n" rows_affected=1 rows_returned=0 elapsed=133.177碌s elapsed_secs=0.000133177
ipfs-s3-gateway  | 2026-08-13T00:48:17.275401Z  INFO sqlx::query: summary="SELECT COUNT(*) AS num_items 鈥? db.statement="\n\nSELECT COUNT(*) AS num_items FROM (SELECT \"buckets\".\"name\", \"buckets\".\"created_at\", \"buckets\".\"owner\" FROM \"buckets\" WHERE \"buckets\".\"name\" = ?) AS \"sub_query\"\n" rows_affected=0 rows_returned=1 elapsed=55.515碌s elapsed_secs=5.5515e-5
ipfs-s3-gateway  | 2026-08-13T00:48:17.276314Z  INFO sqlx::query: summary="SELECT \"objects\".\"id\", \"objects\".\"bucket\", \"objects\".\"key\", 鈥? db.statement="\n\nSELECT \"objects\".\"id\", \"objects\".\"bucket\", \"objects\".\"key\", \"objects\".\"cid\", \"objects\".\"size\", \"objects\".\"content_type\", \"objects\".\"etag\", \"objects\".\"metadata\", \"objects\".\"encrypted\", \"objects\".\"key_wrap\", \"objects\".\"sse_c_key_fingerprint\", \"objects\".\"multipart\", \"objects\".\"is_latest\", \"objects\".\"created_at\" FROM \"objects\" WHERE \"objects\".\"bucket\" = ? AND \"objects\".\"is_latest\" = ? ORDER BY \"objects\".\"key\" ASC LIMIT ?\n" rows_affected=1 rows_returned=1 elapsed=230.53碌s elapsed_secs=0.00023053
ipfs-s3-gateway  | 2026-08-13T00:48:17.301207Z  INFO sqlx::query: summary="SELECT \"import_jobs\".\"id\", \"import_jobs\".\"bucket\", \"import_jobs\".\"key\", 鈥? db.statement="\n\nSELECT \"import_jobs\".\"id\", \"import_jobs\".\"bucket\", \"import_jobs\".\"key\", \"import_jobs\".\"source_type\", \"import_jobs\".\"source_value\", \"import_jobs\".\"request_fingerprint\", \"import_jobs\".\"client_token\", \"import_jobs\".\"object_content_type\", \"import_jobs\".\"metadata_json\", \"import_jobs\".\"tags_json\", \"import_jobs\".\"decompress_prefix\", \"import_jobs\".\"state\", \"import_jobs\".\"phase\", \"import_jobs\".\"attempts\", \"import_jobs\".\"next_attempt_at\", \"import_jobs\".\"locked_by\", \"import_jobs\".\"locked_until\", \"import_jobs\".\"claim_epoch\", \"import_jobs\".\"providers_observed\", \"import_jobs\".\"pin_nodes_processed\", \"import_jobs\".\"pin_bytes_processed\", \"import_jobs\".\"downloaded_bytes\", \"import_jobs\".\"download_total\", \"import_jobs\".\"ipfs_add_bytes\", \"import_jobs\".\"logical_size\", \"import_jobs\".\"entries_processed\", \"import_jobs\".\"entries_succeeded\", \"import_jobs\".\"entries_failed\", \"import_jobs\".\"decompressed_bytes\", \"import_jobs\".\"final_cid\", \"import_jobs\".\"failure_code\", \"import_jobs\".\"failure_message\", \"import_jobs\".\"created_at\", \"import_jobs\".\"updated_at\", \"import_jobs\".\"completed_at\" FROM \"import_jobs\" WHERE (\"import_jobs\".\"state\" = ? AND \"import_jobs\".\"next_attempt_at\" <= ? AND \"import_jobs\".\"locked_by\" IS NULL AND \"import_jobs\".\"locked_until\" IS NULL) OR (\"import_jobs\".\"state\" = ? AND \"import_jobs\".\"locked_until\" <= ?) ORDER BY \"import_jobs\".\"next_attempt_at\" ASC, \"import_jobs\".\"created_at\" ASC, \"import_jobs\".\"id\" ASC LIMIT ?\n" rows_affected=1 rows_returned=0 elapsed=199.687碌s elapsed_secs=0.000199687
ipfs-s3-gateway  | 2026-08-13T00:48:17.800104Z  INFO sqlx::query: summary="SELECT \"import_jobs\".\"id\", \"import_jobs\".\"bucket\", \"import_jobs\".\"key\", 鈥? db.statement="\n\nSELECT \"import_jobs\".\"id\", \"import_jobs\".\"bucket\", \"import_jobs\".\"key\", \"import_jobs\".\"source_type\", \"import_jobs\".\"source_value\", \"import_jobs\".\"request_fingerprint\", \"import_jobs\".\"client_token\", \"import_jobs\".\"object_content_type\", \"import_jobs\".\"metadata_json\", \"import_jobs\".\"tags_json\", \"import_jobs\".\"decompress_prefix\", \"import_jobs\".\"state\", \"import_jobs\".\"phase\", \"import_jobs\".\"attempts\", \"import_jobs\".\"next_attempt_at\", \"import_jobs\".\"locked_by\", \"import_jobs\".\"locked_until\", \"import_jobs\".\"claim_epoch\", \"import_jobs\".\"providers_observed\", \"import_jobs\".\"pin_nodes_processed\", \"import_jobs\".\"pin_bytes_processed\", \"import_jobs\".\"downloaded_bytes\", \"import_jobs\".\"download_total\", \"import_jobs\".\"ipfs_add_bytes\", \"import_jobs\".\"logical_size\", \"import_jobs\".\"entries_processed\", \"import_jobs\".\"entries_succeeded\", \"import_jobs\".\"entries_failed\", \"import_jobs\".\"decompressed_bytes\", \"import_jobs\".\"final_cid\", \"import_jobs\".\"failure_code\", \"import_jobs\".\"failure_message\", \"import_jobs\".\"created_at\", \"import_jobs\".\"updated_at\", \"import_jobs\".\"completed_at\" FROM \"import_jobs\" WHERE (\"import_jobs\".\"state\" = ? AND \"import_jobs\".\"next_attempt_at\" <= ? AND \"import_jobs\".\"locked_by\" IS NULL AND \"import_jobs\".\"locked_until\" IS NULL) OR (\"import_jobs\".\"state\" = ? AND \"import_jobs\".\"locked_until\" <= ?) ORDER BY \"import_jobs\".\"next_attempt_at\" ASC, \"import_jobs\".\"created_at\" ASC, \"import_jobs\".\"id\" ASC LIMIT ?\n" rows_affected=1 rows_returned=0 elapsed=101.664碌s elapsed_secs=0.000101664
ipfs-s3-gateway  | 2026-08-13T00:48:18.244017Z  INFO sqlx::query: summary="SELECT \"objects\".\"id\", \"objects\".\"bucket\", \"objects\".\"key\", 鈥? db.statement="\n\nSELECT \"objects\".\"id\", \"objects\".\"bucket\", \"objects\".\"key\", \"objects\".\"cid\", \"objects\".\"size\", \"objects\".\"content_type\", \"objects\".\"etag\", \"objects\".\"metadata\", \"objects\".\"encrypted\", \"objects\".\"key_wrap\", \"objects\".\"sse_c_key_fingerprint\", \"objects\".\"multipart\", \"objects\".\"is_latest\", \"objects\".\"created_at\" FROM \"objects\" WHERE \"objects\".\"bucket\" = ? AND \"objects\".\"key\" = ? AND \"objects\".\"is_latest\" = ? LIMIT ?\n" rows_affected=0 rows_returned=1 elapsed=234.218碌s elapsed_secs=0.000234218
ipfs-s3-gateway  | 2026-08-13T00:48:18.246792Z  INFO sqlx::query: summary="SELECT COUNT(*) AS num_items 鈥? db.statement="\n\nSELECT COUNT(*) AS num_items FROM (SELECT \"buckets\".\"name\", \"buckets\".\"created_at\", \"buckets\".\"owner\" FROM \"buckets\" WHERE \"buckets\".\"name\" = ?) AS \"sub_query\"\n" rows_affected=0 rows_returned=1 elapsed=66.768碌s elapsed_secs=6.6768e-5
ipfs-s3-gateway  | 2026-08-13T00:48:18.247599Z  INFO sqlx::query: summary="SELECT \"objects\".\"id\", \"objects\".\"bucket\", \"objects\".\"key\", 鈥? db.statement="\n\nSELECT \"objects\".\"id\", \"objects\".\"bucket\", \"objects\".\"key\", \"objects\".\"cid\", \"objects\".\"size\", \"objects\".\"content_type\", \"objects\".\"etag\", \"objects\".\"metadata\", \"objects\".\"encrypted\", \"objects\".\"key_wrap\", \"objects\".\"sse_c_key_fingerprint\", \"objects\".\"multipart\", \"objects\".\"is_latest\", \"objects\".\"created_at\" FROM \"objects\" WHERE \"objects\".\"bucket\" = ? AND \"objects\".\"is_latest\" = ? AND \"objects\".\"key\" LIKE ? ORDER BY \"objects\".\"key\" ASC LIMIT ?\n" rows_affected=1 rows_returned=1 elapsed=245.069碌s elapsed_secs=0.000245069
ipfs-s3-gateway  | 2026-08-13T00:48:18.250878Z  INFO sqlx::query: summary="SELECT \"objects\".\"id\", \"objects\".\"bucket\", \"objects\".\"key\", 鈥? db.statement="\n\nSELECT \"objects\".\"id\", \"objects\".\"bucket\", \"objects\".\"key\", \"objects\".\"cid\", \"objects\".\"size\", \"objects\".\"content_type\", \"objects\".\"etag\", \"objects\".\"metadata\", \"objects\".\"encrypted\", \"objects\".\"key_wrap\", \"objects\".\"sse_c_key_fingerprint\", \"objects\".\"multipart\", \"objects\".\"is_latest\", \"objects\".\"created_at\" FROM \"objects\" WHERE \"objects\".\"bucket\" = ? AND \"objects\".\"key\" = ? AND \"objects\".\"is_latest\" = ? LIMIT ?\n" rows_affected=0 rows_returned=1 elapsed=173.349碌s elapsed_secs=0.000173349
ipfs-s3-gateway  | 2026-08-13T00:48:18.300048Z  INFO sqlx::query: summary="SELECT \"import_jobs\".\"id\", \"import_jobs\".\"bucket\", \"import_jobs\".\"key\", 鈥? db.statement="\n\nSELECT \"import_jobs\".\"id\", \"import_jobs\".\"bucket\", \"import_jobs\".\"key\", \"import_jobs\".\"source_type\", \"import_jobs\".\"source_value\", \"import_jobs\".\"request_fingerprint\", \"import_jobs\".\"client_token\", \"import_jobs\".\"object_content_type\", \"import_jobs\".\"metadata_json\", \"import_jobs\".\"tags_json\", \"import_jobs\".\"decompress_prefix\", \"import_jobs\".\"state\", \"import_jobs\".\"phase\", \"import_jobs\".\"attempts\", \"import_jobs\".\"next_attempt_at\", \"import_jobs\".\"locked_by\", \"import_jobs\".\"locked_until\", \"import_jobs\".\"claim_epoch\", \"import_jobs\".\"providers_observed\", \"import_jobs\".\"pin_nodes_processed\", \"import_jobs\".\"pin_bytes_processed\", \"import_jobs\".\"downloaded_bytes\", \"import_jobs\".\"download_total\", \"import_jobs\".\"ipfs_add_bytes\", \"import_jobs\".\"logical_size\", \"import_jobs\".\"entries_processed\", \"import_jobs\".\"entries_succeeded\", \"import_jobs\".\"entries_failed\", \"import_jobs\".\"decompressed_bytes\", \"import_jobs\".\"final_cid\", \"import_jobs\".\"failure_code\", \"import_jobs\".\"failure_message\", \"import_jobs\".\"created_at\", \"import_jobs\".\"updated_at\", \"import_jobs\".\"completed_at\" FROM \"import_jobs\" WHERE (\"import_jobs\".\"state\" = ? AND \"import_jobs\".\"next_attempt_at\" <= ? AND \"import_jobs\".\"locked_by\" IS NULL AND \"import_jobs\".\"locked_until\" IS NULL) OR (\"import_jobs\".\"state\" = ? AND \"import_jobs\".\"locked_until\" <= ?) ORDER BY \"import_jobs\".\"next_attempt_at\" ASC, \"import_jobs\".\"created_at\" ASC, \"import_jobs\".\"id\" ASC LIMIT ?\n" rows_affected=1 rows_returned=0 elapsed=323.06碌s elapsed_secs=0.00032306
ipfs-s3-gateway  | 2026-08-13T00:48:18.800151Z  INFO sqlx::query: summary="SELECT \"import_jobs\".\"id\", \"import_jobs\".\"bucket\", \"import_jobs\".\"key\", 鈥? db.statement="\n\nSELECT \"import_jobs\".\"id\", \"import_jobs\".\"bucket\", \"import_jobs\".\"key\", \"import_jobs\".\"source_type\", \"import_jobs\".\"source_value\", \"import_jobs\".\"request_fingerprint\", \"import_jobs\".\"client_token\", \"import_jobs\".\"object_content_type\", \"import_jobs\".\"metadata_json\", \"import_jobs\".\"tags_json\", \"import_jobs\".\"decompress_prefix\", \"import_jobs\".\"state\", \"import_jobs\".\"phase\", \"import_jobs\".\"attempts\", \"import_jobs\".\"next_attempt_at\", \"import_jobs\".\"locked_by\", \"import_jobs\".\"locked_until\", \"import_jobs\".\"claim_epoch\", \"import_jobs\".\"providers_observed\", \"import_jobs\".\"pin_nodes_processed\", \"import_jobs\".\"pin_bytes_processed\", \"import_jobs\".\"downloaded_bytes\", \"import_jobs\".\"download_total\", \"import_jobs\".\"ipfs_add_bytes\", \"import_jobs\".\"logical_size\", \"import_jobs\".\"entries_processed\", \"import_jobs\".\"entries_succeeded\", \"import_jobs\".\"entries_failed\", \"import_jobs\".\"decompressed_bytes\", \"import_jobs\".\"final_cid\", \"import_jobs\".\"failure_code\", \"import_jobs\".\"failure_message\", \"import_jobs\".\"created_at\", \"import_jobs\".\"updated_at\", \"import_jobs\".\"completed_at\" FROM \"import_jobs\" WHERE (\"import_jobs\".\"state\" = ? AND \"import_jobs\".\"next_attempt_at\" <= ? AND \"import_jobs\".\"locked_by\" IS NULL AND \"import_jobs\".\"locked_until\" IS NULL) OR (\"import_jobs\".\"state\" = ? AND \"import_jobs\".\"locked_until\" <= ?) ORDER BY \"import_jobs\".\"next_attempt_at\" ASC, \"import_jobs\".\"created_at\" ASC, \"import_jobs\".\"id\" ASC LIMIT ?\n" rows_affected=1 rows_returned=0 elapsed=134.285碌s elapsed_secs=0.000134285
ipfs-s3-gateway  | 2026-08-13T00:48:19.299341Z  INFO sqlx::query: summary="SELECT \"import_jobs\".\"id\", \"import_jobs\".\"bucket\", \"import_jobs\".\"key\", 鈥? db.statement="\n\nSELECT \"import_jobs\".\"id\", \"import_jobs\".\"bucket\", \"import_jobs\".\"key\", \"import_jobs\".\"source_type\", \"import_jobs\".\"source_value\", \"import_jobs\".\"request_fingerprint\", \"import_jobs\".\"client_token\", \"import_jobs\".\"object_content_type\", \"import_jobs\".\"metadata_json\", \"import_jobs\".\"tags_json\", \"import_jobs\".\"decompress_prefix\", \"import_jobs\".\"state\", \"import_jobs\".\"phase\", \"import_jobs\".\"attempts\", \"import_jobs\".\"next_attempt_at\", \"import_jobs\".\"locked_by\", \"import_jobs\".\"locked_until\", \"import_jobs\".\"claim_epoch\", \"import_jobs\".\"providers_observed\", \"import_jobs\".\"pin_nodes_processed\", \"import_jobs\".\"pin_bytes_processed\", \"import_jobs\".\"downloaded_bytes\", \"import_jobs\".\"download_total\", \"import_jobs\".\"ipfs_add_bytes\", \"import_jobs\".\"logical_size\", \"import_jobs\".\"entries_processed\", \"import_jobs\".\"entries_succeeded\", \"import_jobs\".\"entries_failed\", \"import_jobs\".\"decompressed_bytes\", \"import_jobs\".\"final_cid\", \"import_jobs\".\"failure_code\", \"import_jobs\".\"failure_message\", \"import_jobs\".\"created_at\", \"import_jobs\".\"updated_at\", \"import_jobs\".\"completed_at\" FROM \"import_jobs\" WHERE (\"import_jobs\".\"state\" = ? AND \"import_jobs\".\"next_attempt_at\" <= ? AND \"import_jobs\".\"locked_by\" IS NULL AND \"import_jobs\".\"locked_until\" IS NULL) OR (\"import_jobs\".\"state\" = ? AND \"import_jobs\".\"locked_until\" <= ?) ORDER BY \"import_jobs\".\"next_attempt_at\" ASC, \"import_jobs\".\"created_at\" ASC, \"import_jobs\".\"id\" ASC LIMIT ?\n" rows_affected=1 rows_returned=0 elapsed=137.189碌s elapsed_secs=0.000137189
ipfs-s3-gateway  | 2026-08-13T00:48:19.331714Z  INFO sqlx::query: summary="SELECT \"objects\".\"id\", \"objects\".\"bucket\", \"objects\".\"key\", 鈥? db.statement="\n\nSELECT \"objects\".\"id\", \"objects\".\"bucket\", \"objects\".\"key\", \"objects\".\"cid\", \"objects\".\"size\", \"objects\".\"content_type\", \"objects\".\"etag\", \"objects\".\"metadata\", \"objects\".\"encrypted\", \"objects\".\"key_wrap\", \"objects\".\"sse_c_key_fingerprint\", \"objects\".\"multipart\", \"objects\".\"is_latest\", \"objects\".\"created_at\" FROM \"objects\" WHERE \"objects\".\"bucket\" = ? AND \"objects\".\"key\" = ? AND \"objects\".\"is_latest\" = ? LIMIT ?\n" rows_affected=0 rows_returned=1 elapsed=232.903碌s elapsed_secs=0.000232903
ipfs-s3-gateway  | 2026-08-13T00:48:19.333645Z  INFO sqlx::query: summary="SELECT \"objects\".\"id\", \"objects\".\"bucket\", \"objects\".\"key\", 鈥? db.statement="\n\nSELECT \"objects\".\"id\", \"objects\".\"bucket\", \"objects\".\"key\", \"objects\".\"cid\", \"objects\".\"size\", \"objects\".\"content_type\", \"objects\".\"etag\", \"objects\".\"metadata\", \"objects\".\"encrypted\", \"objects\".\"key_wrap\", \"objects\".\"sse_c_key_fingerprint\", \"objects\".\"multipart\", \"objects\".\"is_latest\", \"objects\".\"created_at\" FROM \"objects\" WHERE \"objects\".\"bucket\" = ? AND \"objects\".\"key\" = ? AND \"objects\".\"is_latest\" = ? LIMIT ?\n" rows_affected=0 rows_returned=1 elapsed=238.09碌s elapsed_secs=0.00023809
ipfs-s3-gateway  | 2026-08-13T00:48:19.337757Z  INFO sqlx::query: summary="UPDATE \"buckets\" SET \"created_at\" 鈥? db.statement="\n\nUPDATE \"buckets\" SET \"created_at\" = \"created_at\" WHERE \"buckets\".\"name\" = ?\n" rows_affected=1 rows_returned=0 elapsed=178.732碌s elapsed_secs=0.000178732
ipfs-s3-gateway  | 2026-08-13T00:48:19.338242Z  INFO sqlx::query: summary="SELECT \"import_destinations\".\"bucket\", \"import_destinations\".\"key\", \"import_destinations\".\"generation\", 鈥? db.statement="\n\nSELECT \"import_destinations\".\"bucket\", \"import_destinations\".\"key\", \"import_destinations\".\"generation\", \"import_destinations\".\"owner_job_id\", \"import_destinations\".\"mutation_id\", \"import_destinations\".\"mutation_prefix\", \"import_destinations\".\"updated_at\" FROM \"import_destinations\" WHERE \"import_destinations\".\"bucket\" = ? AND \"import_destinations\".\"key\" = ? LIMIT ?\n" rows_affected=0 rows_returned=1 elapsed=31.525碌s elapsed_secs=3.1525e-5
ipfs-s3-gateway  | 2026-08-13T00:48:19.338614Z  INFO sqlx::query: summary="SELECT DISTINCT c.job_id AS 鈥? db.statement="\n\nSELECT DISTINCT c.job_id AS job_id FROM import_prefix_claims c JOIN import_jobs j ON j.id = c.job_id WHERE c.bucket = ?1 AND j.state IN ('queued', 'running') AND c.prefix = substr(?2, 1, length(c.prefix)) AND (?3 IS NULL OR c.job_id > ?3) AND (?4 IS NULL OR c.job_id <> ?4) ORDER BY c.job_id LIMIT ?5\n" rows_affected=1 rows_returned=0 elapsed=60.41碌s elapsed_secs=6.041e-5
ipfs-s3-gateway  | 2026-08-13T00:48:19.338826Z  INFO sqlx::query: summary="SELECT \"import_destinations\".\"bucket\", \"import_destinations\".\"key\", \"import_destinations\".\"generation\", 鈥? db.statement="\n\nSELECT \"import_destinations\".\"bucket\", \"import_destinations\".\"key\", \"import_destinations\".\"generation\", \"import_destinations\".\"owner_job_id\", \"import_destinations\".\"mutation_id\", \"import_destinations\".\"mutation_prefix\", \"import_destinations\".\"updated_at\" FROM \"import_destinations\" WHERE \"import_destinations\".\"bucket\" = ? AND \"import_destinations\".\"mutation_id\" IS NOT NULL ORDER BY \"import_destinations\".\"key\" ASC LIMIT ?\n" rows_affected=1 rows_returned=0 elapsed=31.346碌s elapsed_secs=3.1346e-5
ipfs-s3-gateway  | 2026-08-13T00:48:19.339126Z  INFO sqlx::query: summary="SELECT \"import_destinations\".\"bucket\", \"import_destinations\".\"key\", \"import_destinations\".\"generation\", 鈥? db.statement="\n\nSELECT \"import_destinations\".\"bucket\", \"import_destinations\".\"key\", \"import_destinations\".\"generation\", \"import_destinations\".\"owner_job_id\", \"import_destinations\".\"mutation_id\", \"import_destinations\".\"mutation_prefix\", \"import_destinations\".\"updated_at\" FROM \"import_destinations\" WHERE \"import_destinations\".\"bucket\" = ? AND \"import_destinations\".\"key\" = ? LIMIT ?\n" rows_affected=0 rows_returned=1 elapsed=21.923碌s elapsed_secs=2.1923e-5
ipfs-s3-gateway  | 2026-08-13T00:48:19.339949Z  INFO sqlx::query: summary="UPDATE \"import_destinations\" SET \"generation\" 鈥? db.statement="\n\nUPDATE \"import_destinations\" SET \"generation\" = ?, \"owner_job_id\" = ?, \"mutation_id\" = ?, \"mutation_prefix\" = ?, \"updated_at\" = ? WHERE \"import_destinations\".\"bucket\" = ? AND \"import_destinations\".\"key\" = ? AND \"import_destinations\".\"generation\" = ?\n" rows_affected=1 rows_returned=0 elapsed=495.339碌s elapsed_secs=0.000495339
ipfs-s3-gateway  | 2026-08-13T00:48:19.347146Z  INFO sqlx::query: summary="UPDATE \"buckets\" SET \"created_at\" 鈥? db.statement="\n\nUPDATE \"buckets\" SET \"created_at\" = \"created_at\" WHERE \"buckets\".\"name\" = ?\n" rows_affected=1 rows_returned=0 elapsed=163.142碌s elapsed_secs=0.000163142
ipfs-s3-gateway  | 2026-08-13T00:48:19.347551Z  INFO sqlx::query: summary="SELECT \"import_destinations\".\"bucket\", \"import_destinations\".\"key\", \"import_destinations\".\"generation\", 鈥? db.statement="\n\nSELECT \"import_destinations\".\"bucket\", \"import_destinations\".\"key\", \"import_destinations\".\"generation\", \"import_destinations\".\"owner_job_id\", \"import_destinations\".\"mutation_id\", \"import_destinations\".\"mutation_prefix\", \"import_destinations\".\"updated_at\" FROM \"import_destinations\" WHERE \"import_destinations\".\"bucket\" = ? AND \"import_destinations\".\"key\" = ? LIMIT ?\n" rows_affected=0 rows_returned=1 elapsed=31.532碌s elapsed_secs=3.1532e-5
ipfs-s3-gateway  | 2026-08-13T00:48:19.348165Z  INFO sqlx::query: summary="SELECT \"objects\".\"id\", \"objects\".\"bucket\", \"objects\".\"key\", 鈥? db.statement="\n\nSELECT \"objects\".\"id\", \"objects\".\"bucket\", \"objects\".\"key\", \"objects\".\"cid\", \"objects\".\"size\", \"objects\".\"content_type\", \"objects\".\"etag\", \"objects\".\"metadata\", \"objects\".\"encrypted\", \"objects\".\"key_wrap\", \"objects\".\"sse_c_key_fingerprint\", \"objects\".\"multipart\", \"objects\".\"is_latest\", \"objects\".\"created_at\" FROM \"objects\" WHERE \"objects\".\"bucket\" = ? AND \"objects\".\"key\" = ? AND \"objects\".\"is_latest\" = ? LIMIT ?\n" rows_affected=0 rows_returned=1 elapsed=178.666碌s elapsed_secs=0.000178666
ipfs-s3-gateway  | 2026-08-13T00:48:19.348968Z  INFO sqlx::query: summary="UPDATE \"objects\" SET \"is_latest\" 鈥? db.statement="\n\nUPDATE \"objects\" SET \"is_latest\" = ? WHERE \"objects\".\"id\" = ? AND \"objects\".\"is_latest\" = ?\n" rows_affected=1 rows_returned=0 elapsed=453.92碌s elapsed_secs=0.00045392
ipfs-s3-gateway  | 2026-08-13T00:48:19.349528Z  INFO sqlx::query: summary="SELECT \"pin_leases\".\"id\", \"pin_leases\".\"owner_object_id\", \"pin_leases\".\"source\", 鈥? db.statement="\n\nSELECT \"pin_leases\".\"id\", \"pin_leases\".\"owner_object_id\", \"pin_leases\".\"source\", \"pin_leases\".\"policy_id\", \"pin_leases\".\"provider_mode\", \"pin_leases\".\"content_mode\", \"pin_leases\".\"created_at\", \"pin_leases\".\"last_touched_at\", \"pin_leases\".\"expires_at\", \"pin_leases\".\"generation\", \"pin_leases\".\"state\" FROM \"pin_leases\" WHERE \"pin_leases\".\"owner_object_id\" = ? AND \"pin_leases\".\"state\" = ? ORDER BY \"pin_leases\".\"id\" ASC\n" rows_affected=1 rows_returned=0 elapsed=257.145碌s elapsed_secs=0.000257145
ipfs-s3-gateway  | 2026-08-13T00:48:19.349883Z  INFO sqlx::query: summary="UPDATE \"import_destinations\" SET \"mutation_id\" 鈥? db.statement="\n\nUPDATE \"import_destinations\" SET \"mutation_id\" = ?, \"mutation_prefix\" = ?, \"updated_at\" = ? WHERE \"import_destinations\".\"bucket\" = ? AND \"import_destinations\".\"key\" = ? AND \"import_destinations\".\"generation\" = ? AND \"import_destinations\".\"owner_job_id\" IS NULL AND \"import_destinations\".\"mutation_id\" = ?\n" rows_affected=1 rows_returned=0 elapsed=119.175碌s elapsed_secs=0.000119175
ipfs-s3-gateway  | 2026-08-13T00:48:19.799532Z  INFO sqlx::query: summary="SELECT \"import_jobs\".\"id\", \"import_jobs\".\"bucket\", \"import_jobs\".\"key\", 鈥? db.statement="\n\nSELECT \"import_jobs\".\"id\", \"import_jobs\".\"bucket\", \"import_jobs\".\"key\", \"import_jobs\".\"source_type\", \"import_jobs\".\"source_value\", \"import_jobs\".\"request_fingerprint\", \"import_jobs\".\"client_token\", \"import_jobs\".\"object_content_type\", \"import_jobs\".\"metadata_json\", \"import_jobs\".\"tags_json\", \"import_jobs\".\"decompress_prefix\", \"import_jobs\".\"state\", \"import_jobs\".\"phase\", \"import_jobs\".\"attempts\", \"import_jobs\".\"next_attempt_at\", \"import_jobs\".\"locked_by\", \"import_jobs\".\"locked_until\", \"import_jobs\".\"claim_epoch\", \"import_jobs\".\"providers_observed\", \"import_jobs\".\"pin_nodes_processed\", \"import_jobs\".\"pin_bytes_processed\", \"import_jobs\".\"downloaded_bytes\", \"import_jobs\".\"download_total\", \"import_jobs\".\"ipfs_add_bytes\", \"import_jobs\".\"logical_size\", \"import_jobs\".\"entries_processed\", \"import_jobs\".\"entries_succeeded\", \"import_jobs\".\"entries_failed\", \"import_jobs\".\"decompressed_bytes\", \"import_jobs\".\"final_cid\", \"import_jobs\".\"failure_code\", \"import_jobs\".\"failure_message\", \"import_jobs\".\"created_at\", \"import_jobs\".\"updated_at\", \"import_jobs\".\"completed_at\" FROM \"import_jobs\" WHERE (\"import_jobs\".\"state\" = ? AND \"import_jobs\".\"next_attempt_at\" <= ? AND \"import_jobs\".\"locked_by\" IS NULL AND \"import_jobs\".\"locked_until\" IS NULL) OR (\"import_jobs\".\"state\" = ? AND \"import_jobs\".\"locked_until\" <= ?) ORDER BY \"import_jobs\".\"next_attempt_at\" ASC, \"import_jobs\".\"created_at\" ASC, \"import_jobs\".\"id\" ASC LIMIT ?\n" rows_affected=1 rows_returned=0 elapsed=242.699碌s elapsed_secs=0.000242699
ipfs-s3-gateway  | 2026-08-13T00:48:20.299344Z  INFO sqlx::query: summary="SELECT \"import_jobs\".\"id\", \"import_jobs\".\"bucket\", \"import_jobs\".\"key\", 鈥? db.statement="\n\nSELECT \"import_jobs\".\"id\", \"import_jobs\".\"bucket\", \"import_jobs\".\"key\", \"import_jobs\".\"source_type\", \"import_jobs\".\"source_value\", \"import_jobs\".\"request_fingerprint\", \"import_jobs\".\"client_token\", \"import_jobs\".\"object_content_type\", \"import_jobs\".\"metadata_json\", \"import_jobs\".\"tags_json\", \"import_jobs\".\"decompress_prefix\", \"import_jobs\".\"state\", \"import_jobs\".\"phase\", \"import_jobs\".\"attempts\", \"import_jobs\".\"next_attempt_at\", \"import_jobs\".\"locked_by\", \"import_jobs\".\"locked_until\", \"import_jobs\".\"claim_epoch\", \"import_jobs\".\"providers_observed\", \"import_jobs\".\"pin_nodes_processed\", \"import_jobs\".\"pin_bytes_processed\", \"import_jobs\".\"downloaded_bytes\", \"import_jobs\".\"download_total\", \"import_jobs\".\"ipfs_add_bytes\", \"import_jobs\".\"logical_size\", \"import_jobs\".\"entries_processed\", \"import_jobs\".\"entries_succeeded\", \"import_jobs\".\"entries_failed\", \"import_jobs\".\"decompressed_bytes\", \"import_jobs\".\"final_cid\", \"import_jobs\".\"failure_code\", \"import_jobs\".\"failure_message\", \"import_jobs\".\"created_at\", \"import_jobs\".\"updated_at\", \"import_jobs\".\"completed_at\" FROM \"import_jobs\" WHERE (\"import_jobs\".\"state\" = ? AND \"import_jobs\".\"next_attempt_at\" <= ? AND \"import_jobs\".\"locked_by\" IS NULL AND \"import_jobs\".\"locked_until\" IS NULL) OR (\"import_jobs\".\"state\" = ? AND \"import_jobs\".\"locked_until\" <= ?) ORDER BY \"import_jobs\".\"next_attempt_at\" ASC, \"import_jobs\".\"created_at\" ASC, \"import_jobs\".\"id\" ASC LIMIT ?\n" rows_affected=1 rows_returned=0 elapsed=149.966碌s elapsed_secs=0.000149966
ipfs-s3-gateway  | 2026-08-13T00:48:20.349948Z  INFO sqlx::query: summary="UPDATE \"buckets\" SET \"created_at\" 鈥? db.statement="\n\nUPDATE \"buckets\" SET \"created_at\" = \"created_at\" WHERE \"buckets\".\"name\" = ?\n" rows_affected=1 rows_returned=0 elapsed=81.079碌s elapsed_secs=8.1079e-5
ipfs-s3-gateway  | 2026-08-13T00:48:20.350315Z  INFO sqlx::query: summary="SELECT COUNT(*) AS num_items 鈥? db.statement="\n\nSELECT COUNT(*) AS num_items FROM (SELECT \"objects\".\"id\", \"objects\".\"bucket\", \"objects\".\"key\", \"objects\".\"cid\", \"objects\".\"size\", \"objects\".\"content_type\", \"objects\".\"etag\", \"objects\".\"metadata\", \"objects\".\"encrypted\", \"objects\".\"key_wrap\", \"objects\".\"sse_c_key_fingerprint\", \"objects\".\"multipart\", \"objects\".\"is_latest\", \"objects\".\"created_at\" FROM \"objects\" WHERE \"objects\".\"bucket\" = ? AND \"objects\".\"is_latest\" = ?) AS \"sub_query\"\n" rows_affected=0 rows_returned=1 elapsed=150.244碌s elapsed_secs=0.000150244
ipfs-s3-gateway  | 2026-08-13T00:48:20.350790Z  INFO sqlx::query: summary="SELECT \"import_jobs\".\"id\", \"import_jobs\".\"bucket\", \"import_jobs\".\"key\", 鈥? db.statement="\n\nSELECT \"import_jobs\".\"id\", \"import_jobs\".\"bucket\", \"import_jobs\".\"key\", \"import_jobs\".\"source_type\", \"import_jobs\".\"source_value\", \"import_jobs\".\"request_fingerprint\", \"import_jobs\".\"client_token\", \"import_jobs\".\"object_content_type\", \"import_jobs\".\"metadata_json\", \"import_jobs\".\"tags_json\", \"import_jobs\".\"decompress_prefix\", \"import_jobs\".\"state\", \"import_jobs\".\"phase\", \"import_jobs\".\"attempts\", \"import_jobs\".\"next_attempt_at\", \"import_jobs\".\"locked_by\", \"import_jobs\".\"locked_until\", \"import_jobs\".\"claim_epoch\", \"import_jobs\".\"providers_observed\", \"import_jobs\".\"pin_nodes_processed\", \"import_jobs\".\"pin_bytes_processed\", \"import_jobs\".\"downloaded_bytes\", \"import_jobs\".\"download_total\", \"import_jobs\".\"ipfs_add_bytes\", \"import_jobs\".\"logical_size\", \"import_jobs\".\"entries_processed\", \"import_jobs\".\"entries_succeeded\", \"import_jobs\".\"entries_failed\", \"import_jobs\".\"decompressed_bytes\", \"import_jobs\".\"final_cid\", \"import_jobs\".\"failure_code\", \"import_jobs\".\"failure_message\", \"import_jobs\".\"created_at\", \"import_jobs\".\"updated_at\", \"import_jobs\".\"completed_at\" FROM \"import_jobs\" WHERE \"import_jobs\".\"bucket\" = ? AND \"import_jobs\".\"state\" IN (?, ?) ORDER BY \"import_jobs\".\"id\" ASC LIMIT ?\n" rows_affected=1 rows_returned=0 elapsed=240.394碌s elapsed_secs=0.000240394
ipfs-s3-gateway  | 2026-08-13T00:48:20.351639Z  INFO sqlx::query: summary="DELETE FROM \"buckets\" WHERE 鈥? db.statement="\n\nDELETE FROM \"buckets\" WHERE \"buckets\".\"name\" = ?\n" rows_affected=1 rows_returned=0 elapsed=708.671碌s elapsed_secs=0.000708671
ipfs-s3-gateway  | 2026-08-13T00:48:20.799802Z  INFO sqlx::query: summary="SELECT \"import_jobs\".\"id\", \"import_jobs\".\"bucket\", \"import_jobs\".\"key\", 鈥? db.statement="\n\nSELECT \"import_jobs\".\"id\", \"import_jobs\".\"bucket\", \"import_jobs\".\"key\", \"import_jobs\".\"source_type\", \"import_jobs\".\"source_value\", \"import_jobs\".\"request_fingerprint\", \"import_jobs\".\"client_token\", \"import_jobs\".\"object_content_type\", \"import_jobs\".\"metadata_json\", \"import_jobs\".\"tags_json\", \"import_jobs\".\"decompress_prefix\", \"import_jobs\".\"state\", \"import_jobs\".\"phase\", \"import_jobs\".\"attempts\", \"import_jobs\".\"next_attempt_at\", \"import_jobs\".\"locked_by\", \"import_jobs\".\"locked_until\", \"import_jobs\".\"claim_epoch\", \"import_jobs\".\"providers_observed\", \"import_jobs\".\"pin_nodes_processed\", \"import_jobs\".\"pin_bytes_processed\", \"import_jobs\".\"downloaded_bytes\", \"import_jobs\".\"download_total\", \"import_jobs\".\"ipfs_add_bytes\", \"import_jobs\".\"logical_size\", \"import_jobs\".\"entries_processed\", \"import_jobs\".\"entries_succeeded\", \"import_jobs\".\"entries_failed\", \"import_jobs\".\"decompressed_bytes\", \"import_jobs\".\"final_cid\", \"import_jobs\".\"failure_code\", \"import_jobs\".\"failure_message\", \"import_jobs\".\"created_at\", \"import_jobs\".\"updated_at\", \"import_jobs\".\"completed_at\" FROM \"import_jobs\" WHERE (\"import_jobs\".\"state\" = ? AND \"import_jobs\".\"next_attempt_at\" <= ? AND \"import_jobs\".\"locked_by\" IS NULL AND \"import_jobs\".\"locked_until\" IS NULL) OR (\"import_jobs\".\"state\" = ? AND \"import_jobs\".\"locked_until\" <= ?) ORDER BY \"import_jobs\".\"next_attempt_at\" ASC, \"import_jobs\".\"created_at\" ASC, \"import_jobs\".\"id\" ASC LIMIT ?\n" rows_affected=1 rows_returned=0 elapsed=298.654碌s elapsed_secs=0.000298654
ipfs-s3-gateway  | 2026-08-13T00:48:21.300018Z  INFO sqlx::query: summary="SELECT \"pin_leases\".\"id\", \"pin_leases\".\"owner_object_id\", \"pin_leases\".\"source\", 鈥? db.statement="\n\nSELECT \"pin_leases\".\"id\", \"pin_leases\".\"owner_object_id\", \"pin_leases\".\"source\", \"pin_leases\".\"policy_id\", \"pin_leases\".\"provider_mode\", \"pin_leases\".\"content_mode\", \"pin_leases\".\"created_at\", \"pin_leases\".\"last_touched_at\", \"pin_leases\".\"expires_at\", \"pin_leases\".\"generation\", \"pin_leases\".\"state\" FROM \"pin_leases\" WHERE \"pin_leases\".\"state\" = ? AND \"pin_leases\".\"expires_at\" <= ? ORDER BY \"pin_leases\".\"expires_at\" ASC, \"pin_leases\".\"id\" ASC\n" rows_affected=1 rows_returned=0 elapsed=177.926碌s elapsed_secs=0.000177926
ipfs-s3-gateway  | 2026-08-13T00:48:21.301401Z  INFO sqlx::query: summary="SELECT \"import_jobs\".\"id\", \"import_jobs\".\"bucket\", \"import_jobs\".\"key\", 鈥? db.statement="\n\nSELECT \"import_jobs\".\"id\", \"import_jobs\".\"bucket\", \"import_jobs\".\"key\", \"import_jobs\".\"source_type\", \"import_jobs\".\"source_value\", \"import_jobs\".\"request_fingerprint\", \"import_jobs\".\"client_token\", \"import_jobs\".\"object_content_type\", \"import_jobs\".\"metadata_json\", \"import_jobs\".\"tags_json\", \"import_jobs\".\"decompress_prefix\", \"import_jobs\".\"state\", \"import_jobs\".\"phase\", \"import_jobs\".\"attempts\", \"import_jobs\".\"next_attempt_at\", \"import_jobs\".\"locked_by\", \"import_jobs\".\"locked_until\", \"import_jobs\".\"claim_epoch\", \"import_jobs\".\"providers_observed\", \"import_jobs\".\"pin_nodes_processed\", \"import_jobs\".\"pin_bytes_processed\", \"import_jobs\".\"downloaded_bytes\", \"import_jobs\".\"download_total\", \"import_jobs\".\"ipfs_add_bytes\", \"import_jobs\".\"logical_size\", \"import_jobs\".\"entries_processed\", \"import_jobs\".\"entries_succeeded\", \"import_jobs\".\"entries_failed\", \"import_jobs\".\"decompressed_bytes\", \"import_jobs\".\"final_cid\", \"import_jobs\".\"failure_code\", \"import_jobs\".\"failure_message\", \"import_jobs\".\"created_at\", \"import_jobs\".\"updated_at\", \"import_jobs\".\"completed_at\" FROM \"import_jobs\" WHERE (\"import_jobs\".\"state\" = ? AND \"import_jobs\".\"next_attempt_at\" <= ? AND \"import_jobs\".\"locked_by\" IS NULL AND \"import_jobs\".\"locked_until\" IS NULL) OR (\"import_jobs\".\"state\" = ? AND \"import_jobs\".\"locked_until\" <= ?) ORDER BY \"import_jobs\".\"next_attempt_at\" ASC, \"import_jobs\".\"created_at\" ASC, \"import_jobs\".\"id\" ASC LIMIT ?\n" rows_affected=1 rows_returned=0 elapsed=125.621碌s elapsed_secs=0.000125621
ipfs-s3-gateway  | 2026-08-13T00:48:21.302022Z  INFO sqlx::query: summary="SELECT \"pin_lease_targets\".\"id\", \"pin_lease_targets\".\"lease_id\", \"pin_lease_targets\".\"cid\", 鈥? db.statement="\n\nSELECT \"pin_lease_targets\".\"id\", \"pin_lease_targets\".\"lease_id\", \"pin_lease_targets\".\"cid\", \"pin_lease_targets\".\"logical_size\", \"pin_lease_targets\".\"provider\", \"pin_lease_targets\".\"state\", \"pin_lease_targets\".\"created_at\", \"pin_lease_targets\".\"last_touched_at\" FROM \"pin_lease_targets\" WHERE \"pin_lease_targets\".\"state\" = ? ORDER BY \"pin_lease_targets\".\"created_at\" ASC, \"pin_lease_targets\".\"id\" ASC\n" rows_affected=1 rows_returned=0 elapsed=48.435碌s elapsed_secs=4.8435e-5
ipfs-s3-gateway  | 2026-08-13T00:48:21.303022Z  INFO sqlx::query: summary="SELECT \"pin_jobs\".\"provider\" FROM \"pin_jobs\" 鈥? db.statement="\n\nSELECT \"pin_jobs\".\"provider\" FROM \"pin_jobs\" WHERE (\"pin_jobs\".\"state\" = ? AND \"pin_jobs\".\"next_attempt_at\" <= ? AND \"pin_jobs\".\"locked_until\" IS NULL) OR (\"pin_jobs\".\"state\" = ? AND \"pin_jobs\".\"locked_until\" < ?) GROUP BY \"pin_jobs\".\"provider\"\n" rows_affected=1 rows_returned=0 elapsed=92.096碌s elapsed_secs=9.2096e-5
ipfs-s3-gateway  | 2026-08-13T00:48:21.799296Z  INFO sqlx::query: summary="SELECT \"import_jobs\".\"id\", \"import_jobs\".\"bucket\", \"import_jobs\".\"key\", 鈥? db.statement="\n\nSELECT \"import_jobs\".\"id\", \"import_jobs\".\"bucket\", \"import_jobs\".\"key\", \"import_jobs\".\"source_type\", \"import_jobs\".\"source_value\", \"import_jobs\".\"request_fingerprint\", \"import_jobs\".\"client_token\", \"import_jobs\".\"object_content_type\", \"import_jobs\".\"metadata_json\", \"import_jobs\".\"tags_json\", \"import_jobs\".\"decompress_prefix\", \"import_jobs\".\"state\", \"import_jobs\".\"phase\", \"import_jobs\".\"attempts\", \"import_jobs\".\"next_attempt_at\", \"import_jobs\".\"locked_by\", \"import_jobs\".\"locked_until\", \"import_jobs\".\"claim_epoch\", \"import_jobs\".\"providers_observed\", \"import_jobs\".\"pin_nodes_processed\", \"import_jobs\".\"pin_bytes_processed\", \"import_jobs\".\"downloaded_bytes\", \"import_jobs\".\"download_total\", \"import_jobs\".\"ipfs_add_bytes\", \"import_jobs\".\"logical_size\", \"import_jobs\".\"entries_processed\", \"import_jobs\".\"entries_succeeded\", \"import_jobs\".\"entries_failed\", \"import_jobs\".\"decompressed_bytes\", \"import_jobs\".\"final_cid\", \"import_jobs\".\"failure_code\", \"import_jobs\".\"failure_message\", \"import_jobs\".\"created_at\", \"import_jobs\".\"updated_at\", \"import_jobs\".\"completed_at\" FROM \"import_jobs\" WHERE (\"import_jobs\".\"state\" = ? AND \"import_jobs\".\"next_attempt_at\" <= ? AND \"import_jobs\".\"locked_by\" IS NULL AND \"import_jobs\".\"locked_until\" IS NULL) OR (\"import_jobs\".\"state\" = ? AND \"import_jobs\".\"locked_until\" <= ?) ORDER BY \"import_jobs\".\"next_attempt_at\" ASC, \"import_jobs\".\"created_at\" ASC, \"import_jobs\".\"id\" ASC LIMIT ?\n" rows_affected=1 rows_returned=0 elapsed=119.29碌s elapsed_secs=0.00011929
ipfs-s3-gateway  | 2026-08-13T00:48:22.299274Z  INFO sqlx::query: summary="SELECT \"import_jobs\".\"id\", \"import_jobs\".\"bucket\", \"import_jobs\".\"key\", 鈥? db.statement="\n\nSELECT \"import_jobs\".\"id\", \"import_jobs\".\"bucket\", \"import_jobs\".\"key\", \"import_jobs\".\"source_type\", \"import_jobs\".\"source_value\", \"import_jobs\".\"request_fingerprint\", \"import_jobs\".\"client_token\", \"import_jobs\".\"object_content_type\", \"import_jobs\".\"metadata_json\", \"import_jobs\".\"tags_json\", \"import_jobs\".\"decompress_prefix\", \"import_jobs\".\"state\", \"import_jobs\".\"phase\", \"import_jobs\".\"attempts\", \"import_jobs\".\"next_attempt_at\", \"import_jobs\".\"locked_by\", \"import_jobs\".\"locked_until\", \"import_jobs\".\"claim_epoch\", \"import_jobs\".\"providers_observed\", \"import_jobs\".\"pin_nodes_processed\", \"import_jobs\".\"pin_bytes_processed\", \"import_jobs\".\"downloaded_bytes\", \"import_jobs\".\"download_total\", \"import_jobs\".\"ipfs_add_bytes\", \"import_jobs\".\"logical_size\", \"import_jobs\".\"entries_processed\", \"import_jobs\".\"entries_succeeded\", \"import_jobs\".\"entries_failed\", \"import_jobs\".\"decompressed_bytes\", \"import_jobs\".\"final_cid\", \"import_jobs\".\"failure_code\", \"import_jobs\".\"failure_message\", \"import_jobs\".\"created_at\", \"import_jobs\".\"updated_at\", \"import_jobs\".\"completed_at\" FROM \"import_jobs\" WHERE (\"import_jobs\".\"state\" = ? AND \"import_jobs\".\"next_attempt_at\" <= ? AND \"import_jobs\".\"locked_by\" IS NULL AND \"import_jobs\".\"locked_until\" IS NULL) OR (\"import_jobs\".\"state\" = ? AND \"import_jobs\".\"locked_until\" <= ?) ORDER BY \"import_jobs\".\"next_attempt_at\" ASC, \"import_jobs\".\"created_at\" ASC, \"import_jobs\".\"id\" ASC LIMIT ?\n" rows_affected=1 rows_returned=0 elapsed=142.217碌s elapsed_secs=0.000142217
ipfs-s3-gateway  | 2026-08-13T00:48:22.799431Z  INFO sqlx::query: summary="SELECT \"import_jobs\".\"id\", \"import_jobs\".\"bucket\", \"import_jobs\".\"key\", 鈥? db.statement="\n\nSELECT \"import_jobs\".\"id\", \"import_jobs\".\"bucket\", \"import_jobs\".\"key\", \"import_jobs\".\"source_type\", \"import_jobs\".\"source_value\", \"import_jobs\".\"request_fingerprint\", \"import_jobs\".\"client_token\", \"import_jobs\".\"object_content_type\", \"import_jobs\".\"metadata_json\", \"import_jobs\".\"tags_json\", \"import_jobs\".\"decompress_prefix\", \"import_jobs\".\"state\", \"import_jobs\".\"phase\", \"import_jobs\".\"attempts\", \"import_jobs\".\"next_attempt_at\", \"import_jobs\".\"locked_by\", \"import_jobs\".\"locked_until\", \"import_jobs\".\"claim_epoch\", \"import_jobs\".\"providers_observed\", \"import_jobs\".\"pin_nodes_processed\", \"import_jobs\".\"pin_bytes_processed\", \"import_jobs\".\"downloaded_bytes\", \"import_jobs\".\"download_total\", \"import_jobs\".\"ipfs_add_bytes\", \"import_jobs\".\"logical_size\", \"import_jobs\".\"entries_processed\", \"import_jobs\".\"entries_succeeded\", \"import_jobs\".\"entries_failed\", \"import_jobs\".\"decompressed_bytes\", \"import_jobs\".\"final_cid\", \"import_jobs\".\"failure_code\", \"import_jobs\".\"failure_message\", \"import_jobs\".\"created_at\", \"import_jobs\".\"updated_at\", \"import_jobs\".\"completed_at\" FROM \"import_jobs\" WHERE (\"import_jobs\".\"state\" = ? AND \"import_jobs\".\"next_attempt_at\" <= ? AND \"import_jobs\".\"locked_by\" IS NULL AND \"import_jobs\".\"locked_until\" IS NULL) OR (\"import_jobs\".\"state\" = ? AND \"import_jobs\".\"locked_until\" <= ?) ORDER BY \"import_jobs\".\"next_attempt_at\" ASC, \"import_jobs\".\"created_at\" ASC, \"import_jobs\".\"id\" ASC LIMIT ?\n" rows_affected=1 rows_returned=0 elapsed=91.764碌s elapsed_secs=9.1764e-5
ipfs-s3-gateway  | 2026-08-13T00:48:23.300057Z  INFO sqlx::query: summary="SELECT \"import_jobs\".\"id\", \"import_jobs\".\"bucket\", \"import_jobs\".\"key\", 鈥? db.statement="\n\nSELECT \"import_jobs\".\"id\", \"import_jobs\".\"bucket\", \"import_jobs\".\"key\", \"import_jobs\".\"source_type\", \"import_jobs\".\"source_value\", \"import_jobs\".\"request_fingerprint\", \"import_jobs\".\"client_token\", \"import_jobs\".\"object_content_type\", \"import_jobs\".\"metadata_json\", \"import_jobs\".\"tags_json\", \"import_jobs\".\"decompress_prefix\", \"import_jobs\".\"state\", \"import_jobs\".\"phase\", \"import_jobs\".\"attempts\", \"import_jobs\".\"next_attempt_at\", \"import_jobs\".\"locked_by\", \"import_jobs\".\"locked_until\", \"import_jobs\".\"claim_epoch\", \"import_jobs\".\"providers_observed\", \"import_jobs\".\"pin_nodes_processed\", \"import_jobs\".\"pin_bytes_processed\", \"import_jobs\".\"downloaded_bytes\", \"import_jobs\".\"download_total\", \"import_jobs\".\"ipfs_add_bytes\", \"import_jobs\".\"logical_size\", \"import_jobs\".\"entries_processed\", \"import_jobs\".\"entries_succeeded\", \"import_jobs\".\"entries_failed\", \"import_jobs\".\"decompressed_bytes\", \"import_jobs\".\"final_cid\", \"import_jobs\".\"failure_code\", \"import_jobs\".\"failure_message\", \"import_jobs\".\"created_at\", \"import_jobs\".\"updated_at\", \"import_jobs\".\"completed_at\" FROM \"import_jobs\" WHERE (\"import_jobs\".\"state\" = ? AND \"import_jobs\".\"next_attempt_at\" <= ? AND \"import_jobs\".\"locked_by\" IS NULL AND \"import_jobs\".\"locked_until\" IS NULL) OR (\"import_jobs\".\"state\" = ? AND \"import_jobs\".\"locked_until\" <= ?) ORDER BY \"import_jobs\".\"next_attempt_at\" ASC, \"import_jobs\".\"created_at\" ASC, \"import_jobs\".\"id\" ASC LIMIT ?\n" rows_affected=1 rows_returned=0 elapsed=142.992碌s elapsed_secs=0.000142992
ipfs-s3-gateway  | 2026-08-13T00:48:23.799926Z  INFO sqlx::query: summary="SELECT \"import_jobs\".\"id\", \"import_jobs\".\"bucket\", \"import_jobs\".\"key\", 鈥? db.statement="\n\nSELECT \"import_jobs\".\"id\", \"import_jobs\".\"bucket\", \"import_jobs\".\"key\", \"import_jobs\".\"source_type\", \"import_jobs\".\"source_value\", \"import_jobs\".\"request_fingerprint\", \"import_jobs\".\"client_token\", \"import_jobs\".\"object_content_type\", \"import_jobs\".\"metadata_json\", \"import_jobs\".\"tags_json\", \"import_jobs\".\"decompress_prefix\", \"import_jobs\".\"state\", \"import_jobs\".\"phase\", \"import_jobs\".\"attempts\", \"import_jobs\".\"next_attempt_at\", \"import_jobs\".\"locked_by\", \"import_jobs\".\"locked_until\", \"import_jobs\".\"claim_epoch\", \"import_jobs\".\"providers_observed\", \"import_jobs\".\"pin_nodes_processed\", \"import_jobs\".\"pin_bytes_processed\", \"import_jobs\".\"downloaded_bytes\", \"import_jobs\".\"download_total\", \"import_jobs\".\"ipfs_add_bytes\", \"import_jobs\".\"logical_size\", \"import_jobs\".\"entries_processed\", \"import_jobs\".\"entries_succeeded\", \"import_jobs\".\"entries_failed\", \"import_jobs\".\"decompressed_bytes\", \"import_jobs\".\"final_cid\", \"import_jobs\".\"failure_code\", \"import_jobs\".\"failure_message\", \"import_jobs\".\"created_at\", \"import_jobs\".\"updated_at\", \"import_jobs\".\"completed_at\" FROM \"import_jobs\" WHERE (\"import_jobs\".\"state\" = ? AND \"import_jobs\".\"next_attempt_at\" <= ? AND \"import_jobs\".\"locked_by\" IS NULL AND \"import_jobs\".\"locked_until\" IS NULL) OR (\"import_jobs\".\"state\" = ? AND \"import_jobs\".\"locked_until\" <= ?) ORDER BY \"import_jobs\".\"next_attempt_at\" ASC, \"import_jobs\".\"created_at\" ASC, \"import_jobs\".\"id\" ASC LIMIT ?\n" rows_affected=1 rows_returned=0 elapsed=188.333碌s elapsed_secs=0.000188333
ipfs-s3-gateway  | 2026-08-13T00:48:23.900831Z  INFO sqlx::query: summary="SELECT COUNT(*) AS num_items 鈥? db.statement="\n\nSELECT COUNT(*) AS num_items FROM (SELECT \"buckets\".\"name\", \"buckets\".\"created_at\", \"buckets\".\"owner\" FROM \"buckets\" WHERE \"buckets\".\"name\" = ?) AS \"sub_query\"\n" rows_affected=0 rows_returned=1 elapsed=62.564碌s elapsed_secs=6.2564e-5
ipfs-s3-gateway  | 2026-08-13T00:48:23.910720Z  INFO sqlx::query: summary="INSERT INTO \"buckets\" (\"name\", 鈥? db.statement="\n\nINSERT INTO \"buckets\" (\"name\", \"created_at\", \"owner\") VALUES (?, ?, ?)\n" rows_affected=1 rows_returned=0 elapsed=9.144667ms elapsed_secs=0.009144667
ipfs-s3-gateway  | 2026-08-13T00:48:24.300009Z  INFO sqlx::query: summary="SELECT \"import_jobs\".\"id\", \"import_jobs\".\"bucket\", \"import_jobs\".\"key\", 鈥? db.statement="\n\nSELECT \"import_jobs\".\"id\", \"import_jobs\".\"bucket\", \"import_jobs\".\"key\", \"import_jobs\".\"source_type\", \"import_jobs\".\"source_value\", \"import_jobs\".\"request_fingerprint\", \"import_jobs\".\"client_token\", \"import_jobs\".\"object_content_type\", \"import_jobs\".\"metadata_json\", \"import_jobs\".\"tags_json\", \"import_jobs\".\"decompress_prefix\", \"import_jobs\".\"state\", \"import_jobs\".\"phase\", \"import_jobs\".\"attempts\", \"import_jobs\".\"next_attempt_at\", \"import_jobs\".\"locked_by\", \"import_jobs\".\"locked_until\", \"import_jobs\".\"claim_epoch\", \"import_jobs\".\"providers_observed\", \"import_jobs\".\"pin_nodes_processed\", \"import_jobs\".\"pin_bytes_processed\", \"import_jobs\".\"downloaded_bytes\", \"import_jobs\".\"download_total\", \"import_jobs\".\"ipfs_add_bytes\", \"import_jobs\".\"logical_size\", \"import_jobs\".\"entries_processed\", \"import_jobs\".\"entries_succeeded\", \"import_jobs\".\"entries_failed\", \"import_jobs\".\"decompressed_bytes\", \"import_jobs\".\"final_cid\", \"import_jobs\".\"failure_code\", \"import_jobs\".\"failure_message\", \"import_jobs\".\"created_at\", \"import_jobs\".\"updated_at\", \"import_jobs\".\"completed_at\" FROM \"import_jobs\" WHERE (\"import_jobs\".\"state\" = ? AND \"import_jobs\".\"next_attempt_at\" <= ? AND \"import_jobs\".\"locked_by\" IS NULL AND \"import_jobs\".\"locked_until\" IS NULL) OR (\"import_jobs\".\"state\" = ? AND \"import_jobs\".\"locked_until\" <= ?) ORDER BY \"import_jobs\".\"next_attempt_at\" ASC, \"import_jobs\".\"created_at\" ASC, \"import_jobs\".\"id\" ASC LIMIT ?\n" rows_affected=1 rows_returned=0 elapsed=156.266碌s elapsed_secs=0.000156266
ipfs-s3-gateway  | 2026-08-13T00:48:24.799939Z  INFO sqlx::query: summary="SELECT \"import_jobs\".\"id\", \"import_jobs\".\"bucket\", \"import_jobs\".\"key\", 鈥? db.statement="\n\nSELECT \"import_jobs\".\"id\", \"import_jobs\".\"bucket\", \"import_jobs\".\"key\", \"import_jobs\".\"source_type\", \"import_jobs\".\"source_value\", \"import_jobs\".\"request_fingerprint\", \"import_jobs\".\"client_token\", \"import_jobs\".\"object_content_type\", \"import_jobs\".\"metadata_json\", \"import_jobs\".\"tags_json\", \"import_jobs\".\"decompress_prefix\", \"import_jobs\".\"state\", \"import_jobs\".\"phase\", \"import_jobs\".\"attempts\", \"import_jobs\".\"next_attempt_at\", \"import_jobs\".\"locked_by\", \"import_jobs\".\"locked_until\", \"import_jobs\".\"claim_epoch\", \"import_jobs\".\"providers_observed\", \"import_jobs\".\"pin_nodes_processed\", \"import_jobs\".\"pin_bytes_processed\", \"import_jobs\".\"downloaded_bytes\", \"import_jobs\".\"download_total\", \"import_jobs\".\"ipfs_add_bytes\", \"import_jobs\".\"logical_size\", \"import_jobs\".\"entries_processed\", \"import_jobs\".\"entries_succeeded\", \"import_jobs\".\"entries_failed\", \"import_jobs\".\"decompressed_bytes\", \"import_jobs\".\"final_cid\", \"import_jobs\".\"failure_code\", \"import_jobs\".\"failure_message\", \"import_jobs\".\"created_at\", \"import_jobs\".\"updated_at\", \"import_jobs\".\"completed_at\" FROM \"import_jobs\" WHERE (\"import_jobs\".\"state\" = ? AND \"import_jobs\".\"next_attempt_at\" <= ? AND \"import_jobs\".\"locked_by\" IS NULL AND \"import_jobs\".\"locked_until\" IS NULL) OR (\"import_jobs\".\"state\" = ? AND \"import_jobs\".\"locked_until\" <= ?) ORDER BY \"import_jobs\".\"next_attempt_at\" ASC, \"import_jobs\".\"created_at\" ASC, \"import_jobs\".\"id\" ASC LIMIT ?\n" rows_affected=1 rows_returned=0 elapsed=97.556碌s elapsed_secs=9.7556e-5
ipfs-s3-gateway  | 2026-08-13T00:48:24.800537Z  INFO sqlx::query: summary="SELECT COUNT(*) AS num_items 鈥? db.statement="\n\nSELECT COUNT(*) AS num_items FROM (SELECT \"buckets\".\"name\", \"buckets\".\"created_at\", \"buckets\".\"owner\" FROM \"buckets\" WHERE \"buckets\".\"name\" = ?) AS \"sub_query\"\n" rows_affected=0 rows_returned=1 elapsed=49.671碌s elapsed_secs=4.9671e-5
ipfs-s3-gateway  | 2026-08-13T00:48:24.801407Z ERROR s3s::service: duration=72.163碌s resp=Response { status: 501, version: HTTP/1.1, headers: {"content-type": "application/xml"}, body: Body { once: b"<?xml version=\"1.0\" encoding=\"UTF-8\"?><Error><Code>NotImplemented</Code><Message>GetObjectLockConfiguration is not implemented yet</Message></Error>" } }
ipfs-s3-gateway  | 2026-08-13T00:48:24.805781Z  INFO sqlx::query: summary="SELECT \"objects\".\"id\", \"objects\".\"bucket\", \"objects\".\"key\", 鈥? db.statement="\n\nSELECT \"objects\".\"id\", \"objects\".\"bucket\", \"objects\".\"key\", \"objects\".\"cid\", \"objects\".\"size\", \"objects\".\"content_type\", \"objects\".\"etag\", \"objects\".\"metadata\", \"objects\".\"encrypted\", \"objects\".\"key_wrap\", \"objects\".\"sse_c_key_fingerprint\", \"objects\".\"multipart\", \"objects\".\"is_latest\", \"objects\".\"created_at\" FROM \"objects\" WHERE \"objects\".\"bucket\" = ? AND \"objects\".\"key\" = ? AND \"objects\".\"is_latest\" = ? LIMIT ?\n" rows_affected=1 rows_returned=0 elapsed=224.049碌s elapsed_secs=0.000224049
ipfs-s3-gateway  | 2026-08-13T00:48:24.806670Z  INFO sqlx::query: summary="SELECT COUNT(*) AS num_items 鈥? db.statement="\n\nSELECT COUNT(*) AS num_items FROM (SELECT \"buckets\".\"name\", \"buckets\".\"created_at\", \"buckets\".\"owner\" FROM \"buckets\" WHERE \"buckets\".\"name\" = ?) AS \"sub_query\"\n" rows_affected=0 rows_returned=1 elapsed=36.268碌s elapsed_secs=3.6268e-5
ipfs-s3-gateway  | 2026-08-13T00:48:24.807149Z  INFO sqlx::query: summary="SELECT \"objects\".\"id\", \"objects\".\"bucket\", \"objects\".\"key\", 鈥? db.statement="\n\nSELECT \"objects\".\"id\", \"objects\".\"bucket\", \"objects\".\"key\", \"objects\".\"cid\", \"objects\".\"size\", \"objects\".\"content_type\", \"objects\".\"etag\", \"objects\".\"metadata\", \"objects\".\"encrypted\", \"objects\".\"key_wrap\", \"objects\".\"sse_c_key_fingerprint\", \"objects\".\"multipart\", \"objects\".\"is_latest\", \"objects\".\"created_at\" FROM \"objects\" WHERE \"objects\".\"bucket\" = ? AND \"objects\".\"is_latest\" = ? AND \"objects\".\"key\" LIKE ? ORDER BY \"objects\".\"key\" ASC LIMIT ?\n" rows_affected=1 rows_returned=0 elapsed=126.764碌s elapsed_secs=0.000126764
ipfs-s3-gateway  | 2026-08-13T00:48:24.809711Z  INFO sqlx::query: summary="SELECT COUNT(*) AS num_items 鈥? db.statement="\n\nSELECT COUNT(*) AS num_items FROM (SELECT \"buckets\".\"name\", \"buckets\".\"created_at\", \"buckets\".\"owner\" FROM \"buckets\" WHERE \"buckets\".\"name\" = ?) AS \"sub_query\"\n" rows_affected=0 rows_returned=1 elapsed=55.92碌s elapsed_secs=5.592e-5
ipfs-s3-gateway  | 2026-08-13T00:48:24.810393Z  INFO sqlx::query: summary="UPDATE \"buckets\" SET \"created_at\" 鈥? db.statement="\n\nUPDATE \"buckets\" SET \"created_at\" = \"created_at\" WHERE \"buckets\".\"name\" = ?\n" rows_affected=1 rows_returned=0 elapsed=42.814碌s elapsed_secs=4.2814e-5
ipfs-s3-gateway  | 2026-08-13T00:48:24.810534Z  INFO sqlx::query: summary="SELECT \"import_destinations\".\"bucket\", \"import_destinations\".\"key\", \"import_destinations\".\"generation\", 鈥? db.statement="\n\nSELECT \"import_destinations\".\"bucket\", \"import_destinations\".\"key\", \"import_destinations\".\"generation\", \"import_destinations\".\"owner_job_id\", \"import_destinations\".\"mutation_id\", \"import_destinations\".\"mutation_prefix\", \"import_destinations\".\"updated_at\" FROM \"import_destinations\" WHERE \"import_destinations\".\"bucket\" = ? AND \"import_destinations\".\"key\" = ? LIMIT ?\n" rows_affected=1 rows_returned=0 elapsed=19.106碌s elapsed_secs=1.9106e-5
ipfs-s3-gateway  | 2026-08-13T00:48:24.810644Z  INFO sqlx::query: summary="SELECT DISTINCT c.job_id AS 鈥? db.statement="\n\nSELECT DISTINCT c.job_id AS job_id FROM import_prefix_claims c JOIN import_jobs j ON j.id = c.job_id WHERE c.bucket = ?1 AND j.state IN ('queued', 'running') AND c.prefix = substr(?2, 1, length(c.prefix)) AND (?3 IS NULL OR c.job_id > ?3) AND (?4 IS NULL OR c.job_id <> ?4) ORDER BY c.job_id LIMIT ?5\n" rows_affected=1 rows_returned=0 elapsed=41.647碌s elapsed_secs=4.1647e-5
ipfs-s3-gateway  | 2026-08-13T00:48:24.810757Z  INFO sqlx::query: summary="SELECT \"import_destinations\".\"bucket\", \"import_destinations\".\"key\", \"import_destinations\".\"generation\", 鈥? db.statement="\n\nSELECT \"import_destinations\".\"bucket\", \"import_destinations\".\"key\", \"import_destinations\".\"generation\", \"import_destinations\".\"owner_job_id\", \"import_destinations\".\"mutation_id\", \"import_destinations\".\"mutation_prefix\", \"import_destinations\".\"updated_at\" FROM \"import_destinations\" WHERE \"import_destinations\".\"bucket\" = ? AND \"import_destinations\".\"mutation_id\" IS NOT NULL ORDER BY \"import_destinations\".\"key\" ASC LIMIT ?\n" rows_affected=1 rows_returned=0 elapsed=23.278碌s elapsed_secs=2.3278e-5
ipfs-s3-gateway  | 2026-08-13T00:48:24.810826Z  INFO sqlx::query: summary="SELECT \"import_destinations\".\"bucket\", \"import_destinations\".\"key\", \"import_destinations\".\"generation\", 鈥? db.statement="\n\nSELECT \"import_destinations\".\"bucket\", \"import_destinations\".\"key\", \"import_destinations\".\"generation\", \"import_destinations\".\"owner_job_id\", \"import_destinations\".\"mutation_id\", \"import_destinations\".\"mutation_prefix\", \"import_destinations\".\"updated_at\" FROM \"import_destinations\" WHERE \"import_destinations\".\"bucket\" = ? AND \"import_destinations\".\"key\" = ? LIMIT ?\n" rows_affected=1 rows_returned=0 elapsed=16.158碌s elapsed_secs=1.6158e-5
ipfs-s3-gateway  | 2026-08-13T00:48:24.811200Z  INFO sqlx::query: summary="INSERT INTO \"import_destinations\" (\"bucket\", 鈥? db.statement="\n\nINSERT INTO \"import_destinations\" (\"bucket\", \"key\", \"generation\", \"owner_job_id\", \"mutation_id\", \"mutation_prefix\", \"updated_at\") VALUES (?, ?, ?, ?, ?, ?, ?)\n" rows_affected=1 rows_returned=0 elapsed=127.849碌s elapsed_secs=0.000127849
ipfs-s3-gateway  | 2026-08-13T00:48:24.839463Z  INFO sqlx::query: summary="UPDATE \"buckets\" SET \"created_at\" 鈥? db.statement="\n\nUPDATE \"buckets\" SET \"created_at\" = \"created_at\" WHERE \"buckets\".\"name\" = ?\n" rows_affected=1 rows_returned=0 elapsed=82.224碌s elapsed_secs=8.2224e-5
ipfs-s3-gateway  | 2026-08-13T00:48:24.839948Z  INFO sqlx::query: summary="SELECT \"import_destinations\".\"bucket\", \"import_destinations\".\"key\", \"import_destinations\".\"generation\", 鈥? db.statement="\n\nSELECT \"import_destinations\".\"bucket\", \"import_destinations\".\"key\", \"import_destinations\".\"generation\", \"import_destinations\".\"owner_job_id\", \"import_destinations\".\"mutation_id\", \"import_destinations\".\"mutation_prefix\", \"import_destinations\".\"updated_at\" FROM \"import_destinations\" WHERE \"import_destinations\".\"bucket\" = ? AND \"import_destinations\".\"key\" = ? LIMIT ?\n" rows_affected=0 rows_returned=1 elapsed=39.852碌s elapsed_secs=3.9852e-5
ipfs-s3-gateway  | 2026-08-13T00:48:24.840600Z  INFO sqlx::query: summary="SELECT \"objects\".\"id\", \"objects\".\"bucket\", \"objects\".\"key\", 鈥? db.statement="\n\nSELECT \"objects\".\"id\", \"objects\".\"bucket\", \"objects\".\"key\", \"objects\".\"cid\", \"objects\".\"size\", \"objects\".\"content_type\", \"objects\".\"etag\", \"objects\".\"metadata\", \"objects\".\"encrypted\", \"objects\".\"key_wrap\", \"objects\".\"sse_c_key_fingerprint\", \"objects\".\"multipart\", \"objects\".\"is_latest\", \"objects\".\"created_at\" FROM \"objects\" WHERE \"objects\".\"bucket\" = ? AND \"objects\".\"key\" = ? AND \"objects\".\"is_latest\" = ? LIMIT ?\n" rows_affected=1 rows_returned=0 elapsed=316.769碌s elapsed_secs=0.000316769
ipfs-s3-gateway  | 2026-08-13T00:48:24.840999Z  INFO sqlx::query: summary="SELECT \"objects\".\"id\", \"objects\".\"bucket\", \"objects\".\"key\", 鈥? db.statement="\n\nSELECT \"objects\".\"id\", \"objects\".\"bucket\", \"objects\".\"key\", \"objects\".\"cid\", \"objects\".\"size\", \"objects\".\"content_type\", \"objects\".\"etag\", \"objects\".\"metadata\", \"objects\".\"encrypted\", \"objects\".\"key_wrap\", \"objects\".\"sse_c_key_fingerprint\", \"objects\".\"multipart\", \"objects\".\"is_latest\", \"objects\".\"created_at\" FROM \"objects\" WHERE \"objects\".\"bucket\" = ? AND \"objects\".\"key\" = ? AND \"objects\".\"is_latest\" = ? LIMIT ?\n" rows_affected=1 rows_returned=0 elapsed=84.694碌s elapsed_secs=8.4694e-5
ipfs-s3-gateway  | 2026-08-13T00:48:24.841278Z  INFO sqlx::query: summary="UPDATE \"objects\" SET \"is_latest\" 鈥? db.statement="\n\nUPDATE \"objects\" SET \"is_latest\" = ? WHERE \"objects\".\"bucket\" = ? AND \"objects\".\"key\" = ? AND \"objects\".\"is_latest\" = ?\n" rows_affected=0 rows_returned=0 elapsed=171.273碌s elapsed_secs=0.000171273
ipfs-s3-gateway  | 2026-08-13T00:48:24.841623Z  INFO sqlx::query: summary="INSERT INTO \"objects\" (\"id\", 鈥? db.statement="\n\nINSERT INTO \"objects\" (\"id\", \"bucket\", \"key\", \"cid\", \"size\", \"content_type\", \"etag\", \"metadata\", \"encrypted\", \"key_wrap\", \"sse_c_key_fingerprint\", \"multipart\", \"is_latest\", \"created_at\") VALUES (?, ?, ?, ?, ?, ?, ?, ?, ?, ?, ?, ?, ?, ?)\n" rows_affected=1 rows_returned=0 elapsed=169.067碌s elapsed_secs=0.000169067
ipfs-s3-gateway  | 2026-08-13T00:48:24.841804Z  INFO sqlx::query: summary="SELECT \"objects\".\"id\", \"objects\".\"bucket\", \"objects\".\"key\", 鈥? db.statement="\n\nSELECT \"objects\".\"id\", \"objects\".\"bucket\", \"objects\".\"key\", \"objects\".\"cid\", \"objects\".\"size\", \"objects\".\"content_type\", \"objects\".\"etag\", \"objects\".\"metadata\", \"objects\".\"encrypted\", \"objects\".\"key_wrap\", \"objects\".\"sse_c_key_fingerprint\", \"objects\".\"multipart\", \"objects\".\"is_latest\", \"objects\".\"created_at\" FROM \"objects\" WHERE \"objects\".\"id\" = ? LIMIT ?\n" rows_affected=0 rows_returned=1 elapsed=17.482碌s elapsed_secs=1.7482e-5
ipfs-s3-gateway  | 2026-08-13T00:48:24.842055Z  INFO sqlx::query: summary="DELETE FROM \"object_tags\" WHERE 鈥? db.statement="\n\nDELETE FROM \"object_tags\" WHERE \"object_tags\".\"object_id\" = ?\n" rows_affected=0 rows_returned=0 elapsed=9.118碌s elapsed_secs=9.118e-6
ipfs-s3-gateway  | 2026-08-13T00:48:24.842217Z  INFO sqlx::query: summary="UPDATE \"import_destinations\" SET \"mutation_id\" 鈥? db.statement="\n\nUPDATE \"import_destinations\" SET \"mutation_id\" = ?, \"mutation_prefix\" = ?, \"updated_at\" = ? WHERE \"import_destinations\".\"bucket\" = ? AND \"import_destinations\".\"key\" = ? AND \"import_destinations\".\"generation\" = ? AND \"import_destinations\".\"owner_job_id\" IS NULL AND \"import_destinations\".\"mutation_id\" = ?\n" rows_affected=1 rows_returned=0 elapsed=46.06碌s elapsed_secs=4.606e-5
ipfs-s3-gateway  | 2026-08-13T00:48:25.300213Z  INFO sqlx::query: summary="SELECT \"import_jobs\".\"id\", \"import_jobs\".\"bucket\", \"import_jobs\".\"key\", 鈥? db.statement="\n\nSELECT \"import_jobs\".\"id\", \"import_jobs\".\"bucket\", \"import_jobs\".\"key\", \"import_jobs\".\"source_type\", \"import_jobs\".\"source_value\", \"import_jobs\".\"request_fingerprint\", \"import_jobs\".\"client_token\", \"import_jobs\".\"object_content_type\", \"import_jobs\".\"metadata_json\", \"import_jobs\".\"tags_json\", \"import_jobs\".\"decompress_prefix\", \"import_jobs\".\"state\", \"import_jobs\".\"phase\", \"import_jobs\".\"attempts\", \"import_jobs\".\"next_attempt_at\", \"import_jobs\".\"locked_by\", \"import_jobs\".\"locked_until\", \"import_jobs\".\"claim_epoch\", \"import_jobs\".\"providers_observed\", \"import_jobs\".\"pin_nodes_processed\", \"import_jobs\".\"pin_bytes_processed\", \"import_jobs\".\"downloaded_bytes\", \"import_jobs\".\"download_total\", \"import_jobs\".\"ipfs_add_bytes\", \"import_jobs\".\"logical_size\", \"import_jobs\".\"entries_processed\", \"import_jobs\".\"entries_succeeded\", \"import_jobs\".\"entries_failed\", \"import_jobs\".\"decompressed_bytes\", \"import_jobs\".\"final_cid\", \"import_jobs\".\"failure_code\", \"import_jobs\".\"failure_message\", \"import_jobs\".\"created_at\", \"import_jobs\".\"updated_at\", \"import_jobs\".\"completed_at\" FROM \"import_jobs\" WHERE (\"import_jobs\".\"state\" = ? AND \"import_jobs\".\"next_attempt_at\" <= ? AND \"import_jobs\".\"locked_by\" IS NULL AND \"import_jobs\".\"locked_until\" IS NULL) OR (\"import_jobs\".\"state\" = ? AND \"import_jobs\".\"locked_until\" <= ?) ORDER BY \"import_jobs\".\"next_attempt_at\" ASC, \"import_jobs\".\"created_at\" ASC, \"import_jobs\".\"id\" ASC LIMIT ?\n" rows_affected=1 rows_returned=0 elapsed=394.659碌s elapsed_secs=0.000394659
ipfs-s3-gateway  | 2026-08-13T00:48:25.718416Z  INFO sqlx::query: summary="SELECT COUNT(*) AS num_items 鈥? db.statement="\n\nSELECT COUNT(*) AS num_items FROM (SELECT \"buckets\".\"name\", \"buckets\".\"created_at\", \"buckets\".\"owner\" FROM \"buckets\" WHERE \"buckets\".\"name\" = ?) AS \"sub_query\"\n" rows_affected=0 rows_returned=1 elapsed=160.803碌s elapsed_secs=0.000160803
ipfs-s3-gateway  | 2026-08-13T00:48:25.720117Z  INFO sqlx::query: summary="SELECT COUNT(*) AS num_items 鈥? db.statement="\n\nSELECT COUNT(*) AS num_items FROM (SELECT \"buckets\".\"name\", \"buckets\".\"created_at\", \"buckets\".\"owner\" FROM \"buckets\" WHERE \"buckets\".\"name\" = ?) AS \"sub_query\"\n" rows_affected=0 rows_returned=1 elapsed=153.456碌s elapsed_secs=0.000153456
ipfs-s3-gateway  | 2026-08-13T00:48:25.721059Z  INFO sqlx::query: summary="SELECT \"objects\".\"id\", \"objects\".\"bucket\", \"objects\".\"key\", 鈥? db.statement="\n\nSELECT \"objects\".\"id\", \"objects\".\"bucket\", \"objects\".\"key\", \"objects\".\"cid\", \"objects\".\"size\", \"objects\".\"content_type\", \"objects\".\"etag\", \"objects\".\"metadata\", \"objects\".\"encrypted\", \"objects\".\"key_wrap\", \"objects\".\"sse_c_key_fingerprint\", \"objects\".\"multipart\", \"objects\".\"is_latest\", \"objects\".\"created_at\" FROM \"objects\" WHERE \"objects\".\"bucket\" = ? AND \"objects\".\"is_latest\" = ? AND \"objects\".\"key\" LIKE ? ORDER BY \"objects\".\"key\" ASC LIMIT ?\n" rows_affected=1 rows_returned=1 elapsed=266.688碌s elapsed_secs=0.000266688
ipfs-s3-gateway  | 2026-08-13T00:48:25.799761Z  INFO sqlx::query: summary="SELECT \"import_jobs\".\"id\", \"import_jobs\".\"bucket\", \"import_jobs\".\"key\", 鈥? db.statement="\n\nSELECT \"import_jobs\".\"id\", \"import_jobs\".\"bucket\", \"import_jobs\".\"key\", \"import_jobs\".\"source_type\", \"import_jobs\".\"source_value\", \"import_jobs\".\"request_fingerprint\", \"import_jobs\".\"client_token\", \"import_jobs\".\"object_content_type\", \"import_jobs\".\"metadata_json\", \"import_jobs\".\"tags_json\", \"import_jobs\".\"decompress_prefix\", \"import_jobs\".\"state\", \"import_jobs\".\"phase\", \"import_jobs\".\"attempts\", \"import_jobs\".\"next_attempt_at\", \"import_jobs\".\"locked_by\", \"import_jobs\".\"locked_until\", \"import_jobs\".\"claim_epoch\", \"import_jobs\".\"providers_observed\", \"import_jobs\".\"pin_nodes_processed\", \"import_jobs\".\"pin_bytes_processed\", \"import_jobs\".\"downloaded_bytes\", \"import_jobs\".\"download_total\", \"import_jobs\".\"ipfs_add_bytes\", \"import_jobs\".\"logical_size\", \"import_jobs\".\"entries_processed\", \"import_jobs\".\"entries_succeeded\", \"import_jobs\".\"entries_failed\", \"import_jobs\".\"decompressed_bytes\", \"import_jobs\".\"final_cid\", \"import_jobs\".\"failure_code\", \"import_jobs\".\"failure_message\", \"import_jobs\".\"created_at\", \"import_jobs\".\"updated_at\", \"import_jobs\".\"completed_at\" FROM \"import_jobs\" WHERE (\"import_jobs\".\"state\" = ? AND \"import_jobs\".\"next_attempt_at\" <= ? AND \"import_jobs\".\"locked_by\" IS NULL AND \"import_jobs\".\"locked_until\" IS NULL) OR (\"import_jobs\".\"state\" = ? AND \"import_jobs\".\"locked_until\" <= ?) ORDER BY \"import_jobs\".\"next_attempt_at\" ASC, \"import_jobs\".\"created_at\" ASC, \"import_jobs\".\"id\" ASC LIMIT ?\n" rows_affected=1 rows_returned=0 elapsed=96.509碌s elapsed_secs=9.6509e-5
ipfs-s3-gateway  | 2026-08-13T00:48:26.300029Z  INFO sqlx::query: summary="SELECT \"import_jobs\".\"id\", \"import_jobs\".\"bucket\", \"import_jobs\".\"key\", 鈥? db.statement="\n\nSELECT \"import_jobs\".\"id\", \"import_jobs\".\"bucket\", \"import_jobs\".\"key\", \"import_jobs\".\"source_type\", \"import_jobs\".\"source_value\", \"import_jobs\".\"request_fingerprint\", \"import_jobs\".\"client_token\", \"import_jobs\".\"object_content_type\", \"import_jobs\".\"metadata_json\", \"import_jobs\".\"tags_json\", \"import_jobs\".\"decompress_prefix\", \"import_jobs\".\"state\", \"import_jobs\".\"phase\", \"import_jobs\".\"attempts\", \"import_jobs\".\"next_attempt_at\", \"import_jobs\".\"locked_by\", \"import_jobs\".\"locked_until\", \"import_jobs\".\"claim_epoch\", \"import_jobs\".\"providers_observed\", \"import_jobs\".\"pin_nodes_processed\", \"import_jobs\".\"pin_bytes_processed\", \"import_jobs\".\"downloaded_bytes\", \"import_jobs\".\"download_total\", \"import_jobs\".\"ipfs_add_bytes\", \"import_jobs\".\"logical_size\", \"import_jobs\".\"entries_processed\", \"import_jobs\".\"entries_succeeded\", \"import_jobs\".\"entries_failed\", \"import_jobs\".\"decompressed_bytes\", \"import_jobs\".\"final_cid\", \"import_jobs\".\"failure_code\", \"import_jobs\".\"failure_message\", \"import_jobs\".\"created_at\", \"import_jobs\".\"updated_at\", \"import_jobs\".\"completed_at\" FROM \"import_jobs\" WHERE (\"import_jobs\".\"state\" = ? AND \"import_jobs\".\"next_attempt_at\" <= ? AND \"import_jobs\".\"locked_by\" IS NULL AND \"import_jobs\".\"locked_until\" IS NULL) OR (\"import_jobs\".\"state\" = ? AND \"import_jobs\".\"locked_until\" <= ?) ORDER BY \"import_jobs\".\"next_attempt_at\" ASC, \"import_jobs\".\"created_at\" ASC, \"import_jobs\".\"id\" ASC LIMIT ?\n" rows_affected=1 rows_returned=0 elapsed=131.729碌s elapsed_secs=0.000131729
ipfs-s3-gateway  | 2026-08-13T00:48:26.301442Z  INFO sqlx::query: summary="SELECT \"pin_leases\".\"id\", \"pin_leases\".\"owner_object_id\", \"pin_leases\".\"source\", 鈥? db.statement="\n\nSELECT \"pin_leases\".\"id\", \"pin_leases\".\"owner_object_id\", \"pin_leases\".\"source\", \"pin_leases\".\"policy_id\", \"pin_leases\".\"provider_mode\", \"pin_leases\".\"content_mode\", \"pin_leases\".\"created_at\", \"pin_leases\".\"last_touched_at\", \"pin_leases\".\"expires_at\", \"pin_leases\".\"generation\", \"pin_leases\".\"state\" FROM \"pin_leases\" WHERE \"pin_leases\".\"state\" = ? AND \"pin_leases\".\"expires_at\" <= ? ORDER BY \"pin_leases\".\"expires_at\" ASC, \"pin_leases\".\"id\" ASC\n" rows_affected=1 rows_returned=0 elapsed=156.529碌s elapsed_secs=0.000156529
ipfs-s3-gateway  | 2026-08-13T00:48:26.302372Z  INFO sqlx::query: summary="SELECT \"pin_lease_targets\".\"id\", \"pin_lease_targets\".\"lease_id\", \"pin_lease_targets\".\"cid\", 鈥? db.statement="\n\nSELECT \"pin_lease_targets\".\"id\", \"pin_lease_targets\".\"lease_id\", \"pin_lease_targets\".\"cid\", \"pin_lease_targets\".\"logical_size\", \"pin_lease_targets\".\"provider\", \"pin_lease_targets\".\"state\", \"pin_lease_targets\".\"created_at\", \"pin_lease_targets\".\"last_touched_at\" FROM \"pin_lease_targets\" WHERE \"pin_lease_targets\".\"state\" = ? ORDER BY \"pin_lease_targets\".\"created_at\" ASC, \"pin_lease_targets\".\"id\" ASC\n" rows_affected=1 rows_returned=0 elapsed=96.796碌s elapsed_secs=9.6796e-5
ipfs-s3-gateway  | 2026-08-13T00:48:26.303387Z  INFO sqlx::query: summary="SELECT \"pin_jobs\".\"provider\" FROM \"pin_jobs\" 鈥? db.statement="\n\nSELECT \"pin_jobs\".\"provider\" FROM \"pin_jobs\" WHERE (\"pin_jobs\".\"state\" = ? AND \"pin_jobs\".\"next_attempt_at\" <= ? AND \"pin_jobs\".\"locked_until\" IS NULL) OR (\"pin_jobs\".\"state\" = ? AND \"pin_jobs\".\"locked_until\" < ?) GROUP BY \"pin_jobs\".\"provider\"\n" rows_affected=1 rows_returned=0 elapsed=105.469碌s elapsed_secs=0.000105469
ipfs-s3-gateway  | 2026-08-13T00:48:26.622986Z  INFO sqlx::query: summary="SELECT COUNT(*) AS num_items 鈥? db.statement="\n\nSELECT COUNT(*) AS num_items FROM (SELECT \"buckets\".\"name\", \"buckets\".\"created_at\", \"buckets\".\"owner\" FROM \"buckets\" WHERE \"buckets\".\"name\" = ?) AS \"sub_query\"\n" rows_affected=0 rows_returned=1 elapsed=121.536碌s elapsed_secs=0.000121536
ipfs-s3-gateway  | 2026-08-13T00:48:26.624298Z  INFO sqlx::query: summary="SELECT \"objects\".\"id\", \"objects\".\"bucket\", \"objects\".\"key\", 鈥? db.statement="\n\nSELECT \"objects\".\"id\", \"objects\".\"bucket\", \"objects\".\"key\", \"objects\".\"cid\", \"objects\".\"size\", \"objects\".\"content_type\", \"objects\".\"etag\", \"objects\".\"metadata\", \"objects\".\"encrypted\", \"objects\".\"key_wrap\", \"objects\".\"sse_c_key_fingerprint\", \"objects\".\"multipart\", \"objects\".\"is_latest\", \"objects\".\"created_at\" FROM \"objects\" WHERE \"objects\".\"bucket\" = ? AND \"objects\".\"key\" = ? AND \"objects\".\"is_latest\" = ? LIMIT ?\n" rows_affected=0 rows_returned=1 elapsed=138.123碌s elapsed_secs=0.000138123
ipfs-s3-gateway  | 2026-08-13T00:48:26.625292Z  INFO sqlx::query: summary="SELECT \"objects\".\"id\", \"objects\".\"bucket\", \"objects\".\"key\", 鈥? db.statement="\n\nSELECT \"objects\".\"id\", \"objects\".\"bucket\", \"objects\".\"key\", \"objects\".\"cid\", \"objects\".\"size\", \"objects\".\"content_type\", \"objects\".\"etag\", \"objects\".\"metadata\", \"objects\".\"encrypted\", \"objects\".\"key_wrap\", \"objects\".\"sse_c_key_fingerprint\", \"objects\".\"multipart\", \"objects\".\"is_latest\", \"objects\".\"created_at\" FROM \"objects\" WHERE \"objects\".\"bucket\" = ? AND \"objects\".\"key\" = ? AND \"objects\".\"is_latest\" = ? LIMIT ?\n" rows_affected=0 rows_returned=1 elapsed=100.745碌s elapsed_secs=0.000100745
ipfs-s3-gateway  | 2026-08-13T00:48:26.800068Z  INFO sqlx::query: summary="SELECT \"import_jobs\".\"id\", \"import_jobs\".\"bucket\", \"import_jobs\".\"key\", 鈥? db.statement="\n\nSELECT \"import_jobs\".\"id\", \"import_jobs\".\"bucket\", \"import_jobs\".\"key\", \"import_jobs\".\"source_type\", \"import_jobs\".\"source_value\", \"import_jobs\".\"request_fingerprint\", \"import_jobs\".\"client_token\", \"import_jobs\".\"object_content_type\", \"import_jobs\".\"metadata_json\", \"import_jobs\".\"tags_json\", \"import_jobs\".\"decompress_prefix\", \"import_jobs\".\"state\", \"import_jobs\".\"phase\", \"import_jobs\".\"attempts\", \"import_jobs\".\"next_attempt_at\", \"import_jobs\".\"locked_by\", \"import_jobs\".\"locked_until\", \"import_jobs\".\"claim_epoch\", \"import_jobs\".\"providers_observed\", \"import_jobs\".\"pin_nodes_processed\", \"import_jobs\".\"pin_bytes_processed\", \"import_jobs\".\"downloaded_bytes\", \"import_jobs\".\"download_total\", \"import_jobs\".\"ipfs_add_bytes\", \"import_jobs\".\"logical_size\", \"import_jobs\".\"entries_processed\", \"import_jobs\".\"entries_succeeded\", \"import_jobs\".\"entries_failed\", \"import_jobs\".\"decompressed_bytes\", \"import_jobs\".\"final_cid\", \"import_jobs\".\"failure_code\", \"import_jobs\".\"failure_message\", \"import_jobs\".\"created_at\", \"import_jobs\".\"updated_at\", \"import_jobs\".\"completed_at\" FROM \"import_jobs\" WHERE (\"import_jobs\".\"state\" = ? AND \"import_jobs\".\"next_attempt_at\" <= ? AND \"import_jobs\".\"locked_by\" IS NULL AND \"import_jobs\".\"locked_until\" IS NULL) OR (\"import_jobs\".\"state\" = ? AND \"import_jobs\".\"locked_until\" <= ?) ORDER BY \"import_jobs\".\"next_attempt_at\" ASC, \"import_jobs\".\"created_at\" ASC, \"import_jobs\".\"id\" ASC LIMIT ?\n" rows_affected=1 rows_returned=0 elapsed=83.899碌s elapsed_secs=8.3899e-5
ipfs-s3-gateway  | 2026-08-13T00:48:27.299964Z  INFO sqlx::query: summary="SELECT \"import_jobs\".\"id\", \"import_jobs\".\"bucket\", \"import_jobs\".\"key\", 鈥? db.statement="\n\nSELECT \"import_jobs\".\"id\", \"import_jobs\".\"bucket\", \"import_jobs\".\"key\", \"import_jobs\".\"source_type\", \"import_jobs\".\"source_value\", \"import_jobs\".\"request_fingerprint\", \"import_jobs\".\"client_token\", \"import_jobs\".\"object_content_type\", \"import_jobs\".\"metadata_json\", \"import_jobs\".\"tags_json\", \"import_jobs\".\"decompress_prefix\", \"import_jobs\".\"state\", \"import_jobs\".\"phase\", \"import_jobs\".\"attempts\", \"import_jobs\".\"next_attempt_at\", \"import_jobs\".\"locked_by\", \"import_jobs\".\"locked_until\", \"import_jobs\".\"claim_epoch\", \"import_jobs\".\"providers_observed\", \"import_jobs\".\"pin_nodes_processed\", \"import_jobs\".\"pin_bytes_processed\", \"import_jobs\".\"downloaded_bytes\", \"import_jobs\".\"download_total\", \"import_jobs\".\"ipfs_add_bytes\", \"import_jobs\".\"logical_size\", \"import_jobs\".\"entries_processed\", \"import_jobs\".\"entries_succeeded\", \"import_jobs\".\"entries_failed\", \"import_jobs\".\"decompressed_bytes\", \"import_jobs\".\"final_cid\", \"import_jobs\".\"failure_code\", \"import_jobs\".\"failure_message\", \"import_jobs\".\"created_at\", \"import_jobs\".\"updated_at\", \"import_jobs\".\"completed_at\" FROM \"import_jobs\" WHERE (\"import_jobs\".\"state\" = ? AND \"import_jobs\".\"next_attempt_at\" <= ? AND \"import_jobs\".\"locked_by\" IS NULL AND \"import_jobs\".\"locked_until\" IS NULL) OR (\"import_jobs\".\"state\" = ? AND \"import_jobs\".\"locked_until\" <= ?) ORDER BY \"import_jobs\".\"next_attempt_at\" ASC, \"import_jobs\".\"created_at\" ASC, \"import_jobs\".\"id\" ASC LIMIT ?\n" rows_affected=1 rows_returned=0 elapsed=188.644碌s elapsed_secs=0.000188644
ipfs-s3-gateway  | 2026-08-13T00:48:27.562278Z  INFO sqlx::query: summary="SELECT COUNT(*) AS num_items 鈥? db.statement="\n\nSELECT COUNT(*) AS num_items FROM (SELECT \"buckets\".\"name\", \"buckets\".\"created_at\", \"buckets\".\"owner\" FROM \"buckets\" WHERE \"buckets\".\"name\" = ?) AS \"sub_query\"\n" rows_affected=0 rows_returned=1 elapsed=54.187碌s elapsed_secs=5.4187e-5
ipfs-s3-gateway  | 2026-08-13T00:48:27.563269Z  INFO sqlx::query: summary="SELECT COUNT(*) AS num_items 鈥? db.statement="\n\nSELECT COUNT(*) AS num_items FROM (SELECT \"buckets\".\"name\", \"buckets\".\"created_at\", \"buckets\".\"owner\" FROM \"buckets\" WHERE \"buckets\".\"name\" = ?) AS \"sub_query\"\n" rows_affected=0 rows_returned=1 elapsed=34.189碌s elapsed_secs=3.4189e-5
ipfs-s3-gateway  | 2026-08-13T00:48:27.563761Z  INFO sqlx::query: summary="SELECT \"objects\".\"id\", \"objects\".\"bucket\", \"objects\".\"key\", 鈥? db.statement="\n\nSELECT \"objects\".\"id\", \"objects\".\"bucket\", \"objects\".\"key\", \"objects\".\"cid\", \"objects\".\"size\", \"objects\".\"content_type\", \"objects\".\"etag\", \"objects\".\"metadata\", \"objects\".\"encrypted\", \"objects\".\"key_wrap\", \"objects\".\"sse_c_key_fingerprint\", \"objects\".\"multipart\", \"objects\".\"is_latest\", \"objects\".\"created_at\" FROM \"objects\" WHERE \"objects\".\"bucket\" = ? AND \"objects\".\"is_latest\" = ? AND \"objects\".\"key\" LIKE ? ORDER BY \"objects\".\"key\" ASC LIMIT ?\n" rows_affected=1 rows_returned=1 elapsed=174.677碌s elapsed_secs=0.000174677
ipfs-s3-gateway  | 2026-08-13T00:48:27.564997Z  INFO sqlx::query: summary="SELECT \"objects\".\"id\", \"objects\".\"bucket\", \"objects\".\"key\", 鈥? db.statement="\n\nSELECT \"objects\".\"id\", \"objects\".\"bucket\", \"objects\".\"key\", \"objects\".\"cid\", \"objects\".\"size\", \"objects\".\"content_type\", \"objects\".\"etag\", \"objects\".\"metadata\", \"objects\".\"encrypted\", \"objects\".\"key_wrap\", \"objects\".\"sse_c_key_fingerprint\", \"objects\".\"multipart\", \"objects\".\"is_latest\", \"objects\".\"created_at\" FROM \"objects\" WHERE \"objects\".\"bucket\" = ? AND \"objects\".\"key\" = ? AND \"objects\".\"is_latest\" = ? LIMIT ?\n" rows_affected=0 rows_returned=1 elapsed=153.942碌s elapsed_secs=0.000153942
ipfs-s3-gateway  | 2026-08-13T00:48:27.800120Z  INFO sqlx::query: summary="SELECT \"import_jobs\".\"id\", \"import_jobs\".\"bucket\", \"import_jobs\".\"key\", 鈥? db.statement="\n\nSELECT \"import_jobs\".\"id\", \"import_jobs\".\"bucket\", \"import_jobs\".\"key\", \"import_jobs\".\"source_type\", \"import_jobs\".\"source_value\", \"import_jobs\".\"request_fingerprint\", \"import_jobs\".\"client_token\", \"import_jobs\".\"object_content_type\", \"import_jobs\".\"metadata_json\", \"import_jobs\".\"tags_json\", \"import_jobs\".\"decompress_prefix\", \"import_jobs\".\"state\", \"import_jobs\".\"phase\", \"import_jobs\".\"attempts\", \"import_jobs\".\"next_attempt_at\", \"import_jobs\".\"locked_by\", \"import_jobs\".\"locked_until\", \"import_jobs\".\"claim_epoch\", \"import_jobs\".\"providers_observed\", \"import_jobs\".\"pin_nodes_processed\", \"import_jobs\".\"pin_bytes_processed\", \"import_jobs\".\"downloaded_bytes\", \"import_jobs\".\"download_total\", \"import_jobs\".\"ipfs_add_bytes\", \"import_jobs\".\"logical_size\", \"import_jobs\".\"entries_processed\", \"import_jobs\".\"entries_succeeded\", \"import_jobs\".\"entries_failed\", \"import_jobs\".\"decompressed_bytes\", \"import_jobs\".\"final_cid\", \"import_jobs\".\"failure_code\", \"import_jobs\".\"failure_message\", \"import_jobs\".\"created_at\", \"import_jobs\".\"updated_at\", \"import_jobs\".\"completed_at\" FROM \"import_jobs\" WHERE (\"import_jobs\".\"state\" = ? AND \"import_jobs\".\"next_attempt_at\" <= ? AND \"import_jobs\".\"locked_by\" IS NULL AND \"import_jobs\".\"locked_until\" IS NULL) OR (\"import_jobs\".\"state\" = ? AND \"import_jobs\".\"locked_until\" <= ?) ORDER BY \"import_jobs\".\"next_attempt_at\" ASC, \"import_jobs\".\"created_at\" ASC, \"import_jobs\".\"id\" ASC LIMIT ?\n" rows_affected=1 rows_returned=0 elapsed=190.222碌s elapsed_secs=0.000190222
ipfs-s3-gateway  | 2026-08-13T00:48:28.299723Z  INFO sqlx::query: summary="SELECT \"import_jobs\".\"id\", \"import_jobs\".\"bucket\", \"import_jobs\".\"key\", 鈥? db.statement="\n\nSELECT \"import_jobs\".\"id\", \"import_jobs\".\"bucket\", \"import_jobs\".\"key\", \"import_jobs\".\"source_type\", \"import_jobs\".\"source_value\", \"import_jobs\".\"request_fingerprint\", \"import_jobs\".\"client_token\", \"import_jobs\".\"object_content_type\", \"import_jobs\".\"metadata_json\", \"import_jobs\".\"tags_json\", \"import_jobs\".\"decompress_prefix\", \"import_jobs\".\"state\", \"import_jobs\".\"phase\", \"import_jobs\".\"attempts\", \"import_jobs\".\"next_attempt_at\", \"import_jobs\".\"locked_by\", \"import_jobs\".\"locked_until\", \"import_jobs\".\"claim_epoch\", \"import_jobs\".\"providers_observed\", \"import_jobs\".\"pin_nodes_processed\", \"import_jobs\".\"pin_bytes_processed\", \"import_jobs\".\"downloaded_bytes\", \"import_jobs\".\"download_total\", \"import_jobs\".\"ipfs_add_bytes\", \"import_jobs\".\"logical_size\", \"import_jobs\".\"entries_processed\", \"import_jobs\".\"entries_succeeded\", \"import_jobs\".\"entries_failed\", \"import_jobs\".\"decompressed_bytes\", \"import_jobs\".\"final_cid\", \"import_jobs\".\"failure_code\", \"import_jobs\".\"failure_message\", \"import_jobs\".\"created_at\", \"import_jobs\".\"updated_at\", \"import_jobs\".\"completed_at\" FROM \"import_jobs\" WHERE (\"import_jobs\".\"state\" = ? AND \"import_jobs\".\"next_attempt_at\" <= ? AND \"import_jobs\".\"locked_by\" IS NULL AND \"import_jobs\".\"locked_until\" IS NULL) OR (\"import_jobs\".\"state\" = ? AND \"import_jobs\".\"locked_until\" <= ?) ORDER BY \"import_jobs\".\"next_attempt_at\" ASC, \"import_jobs\".\"created_at\" ASC, \"import_jobs\".\"id\" ASC LIMIT ?\n" rows_affected=1 rows_returned=0 elapsed=142.868碌s elapsed_secs=0.000142868
ipfs-s3-gateway  | 2026-08-13T00:48:28.426661Z  INFO sqlx::query: summary="SELECT COUNT(*) AS num_items 鈥? db.statement="\n\nSELECT COUNT(*) AS num_items FROM (SELECT \"buckets\".\"name\", \"buckets\".\"created_at\", \"buckets\".\"owner\" FROM \"buckets\" WHERE \"buckets\".\"name\" = ?) AS \"sub_query\"\n" rows_affected=0 rows_returned=1 elapsed=96.225碌s elapsed_secs=9.6225e-5
ipfs-s3-gateway  | 2026-08-13T00:48:28.428273Z  INFO sqlx::query: summary="SELECT COUNT(*) AS num_items 鈥? db.statement="\n\nSELECT COUNT(*) AS num_items FROM (SELECT \"buckets\".\"name\", \"buckets\".\"created_at\", \"buckets\".\"owner\" FROM \"buckets\" WHERE \"buckets\".\"name\" = ?) AS \"sub_query\"\n" rows_affected=0 rows_returned=1 elapsed=107.428碌s elapsed_secs=0.000107428
ipfs-s3-gateway  | 2026-08-13T00:48:28.429029Z  INFO sqlx::query: summary="SELECT \"objects\".\"id\", \"objects\".\"bucket\", \"objects\".\"key\", 鈥? db.statement="\n\nSELECT \"objects\".\"id\", \"objects\".\"bucket\", \"objects\".\"key\", \"objects\".\"cid\", \"objects\".\"size\", \"objects\".\"content_type\", \"objects\".\"etag\", \"objects\".\"metadata\", \"objects\".\"encrypted\", \"objects\".\"key_wrap\", \"objects\".\"sse_c_key_fingerprint\", \"objects\".\"multipart\", \"objects\".\"is_latest\", \"objects\".\"created_at\" FROM \"objects\" WHERE \"objects\".\"bucket\" = ? AND \"objects\".\"is_latest\" = ? AND \"objects\".\"key\" LIKE ? ORDER BY \"objects\".\"key\" ASC LIMIT ?\n" rows_affected=1 rows_returned=1 elapsed=190.4碌s elapsed_secs=0.0001904
ipfs-s3-gateway  | 2026-08-13T00:48:28.431226Z  INFO sqlx::query: summary="SELECT \"objects\".\"id\", \"objects\".\"bucket\", \"objects\".\"key\", 鈥? db.statement="\n\nSELECT \"objects\".\"id\", \"objects\".\"bucket\", \"objects\".\"key\", \"objects\".\"cid\", \"objects\".\"size\", \"objects\".\"content_type\", \"objects\".\"etag\", \"objects\".\"metadata\", \"objects\".\"encrypted\", \"objects\".\"key_wrap\", \"objects\".\"sse_c_key_fingerprint\", \"objects\".\"multipart\", \"objects\".\"is_latest\", \"objects\".\"created_at\" FROM \"objects\" WHERE \"objects\".\"bucket\" = ? AND \"objects\".\"key\" = ? AND \"objects\".\"is_latest\" = ? LIMIT ?\n" rows_affected=0 rows_returned=1 elapsed=186.225碌s elapsed_secs=0.000186225
ipfs-s3-gateway  | 2026-08-13T00:48:28.799352Z  INFO sqlx::query: summary="SELECT \"import_jobs\".\"id\", \"import_jobs\".\"bucket\", \"import_jobs\".\"key\", 鈥? db.statement="\n\nSELECT \"import_jobs\".\"id\", \"import_jobs\".\"bucket\", \"import_jobs\".\"key\", \"import_jobs\".\"source_type\", \"import_jobs\".\"source_value\", \"import_jobs\".\"request_fingerprint\", \"import_jobs\".\"client_token\", \"import_jobs\".\"object_content_type\", \"import_jobs\".\"metadata_json\", \"import_jobs\".\"tags_json\", \"import_jobs\".\"decompress_prefix\", \"import_jobs\".\"state\", \"import_jobs\".\"phase\", \"import_jobs\".\"attempts\", \"import_jobs\".\"next_attempt_at\", \"import_jobs\".\"locked_by\", \"import_jobs\".\"locked_until\", \"import_jobs\".\"claim_epoch\", \"import_jobs\".\"providers_observed\", \"import_jobs\".\"pin_nodes_processed\", \"import_jobs\".\"pin_bytes_processed\", \"import_jobs\".\"downloaded_bytes\", \"import_jobs\".\"download_total\", \"import_jobs\".\"ipfs_add_bytes\", \"import_jobs\".\"logical_size\", \"import_jobs\".\"entries_processed\", \"import_jobs\".\"entries_succeeded\", \"import_jobs\".\"entries_failed\", \"import_jobs\".\"decompressed_bytes\", \"import_jobs\".\"final_cid\", \"import_jobs\".\"failure_code\", \"import_jobs\".\"failure_message\", \"import_jobs\".\"created_at\", \"import_jobs\".\"updated_at\", \"import_jobs\".\"completed_at\" FROM \"import_jobs\" WHERE (\"import_jobs\".\"state\" = ? AND \"import_jobs\".\"next_attempt_at\" <= ? AND \"import_jobs\".\"locked_by\" IS NULL AND \"import_jobs\".\"locked_until\" IS NULL) OR (\"import_jobs\".\"state\" = ? AND \"import_jobs\".\"locked_until\" <= ?) ORDER BY \"import_jobs\".\"next_attempt_at\" ASC, \"import_jobs\".\"created_at\" ASC, \"import_jobs\".\"id\" ASC LIMIT ?\n" rows_affected=1 rows_returned=0 elapsed=147.635碌s elapsed_secs=0.000147635
ipfs-s3-gateway  | 2026-08-13T00:48:29.192530Z  INFO sqlx::query: summary="SELECT COUNT(*) AS num_items 鈥? db.statement="\n\nSELECT COUNT(*) AS num_items FROM (SELECT \"buckets\".\"name\", \"buckets\".\"created_at\", \"buckets\".\"owner\" FROM \"buckets\" WHERE \"buckets\".\"name\" = ?) AS \"sub_query\"\n" rows_affected=0 rows_returned=1 elapsed=65.366碌s elapsed_secs=6.5366e-5
ipfs-s3-gateway  | 2026-08-13T00:48:29.193811Z  INFO sqlx::query: summary="SELECT \"objects\".\"id\", \"objects\".\"bucket\", \"objects\".\"key\", 鈥? db.statement="\n\nSELECT \"objects\".\"id\", \"objects\".\"bucket\", \"objects\".\"key\", \"objects\".\"cid\", \"objects\".\"size\", \"objects\".\"content_type\", \"objects\".\"etag\", \"objects\".\"metadata\", \"objects\".\"encrypted\", \"objects\".\"key_wrap\", \"objects\".\"sse_c_key_fingerprint\", \"objects\".\"multipart\", \"objects\".\"is_latest\", \"objects\".\"created_at\" FROM \"objects\" WHERE \"objects\".\"bucket\" = ? AND \"objects\".\"key\" = ? AND \"objects\".\"is_latest\" = ? LIMIT ?\n" rows_affected=0 rows_returned=1 elapsed=136.263碌s elapsed_secs=0.000136263
ipfs-s3-gateway  | 2026-08-13T00:48:29.195017Z  INFO sqlx::query: summary="SELECT \"objects\".\"id\", \"objects\".\"bucket\", \"objects\".\"key\", 鈥? db.statement="\n\nSELECT \"objects\".\"id\", \"objects\".\"bucket\", \"objects\".\"key\", \"objects\".\"cid\", \"objects\".\"size\", \"objects\".\"content_type\", \"objects\".\"etag\", \"objects\".\"metadata\", \"objects\".\"encrypted\", \"objects\".\"key_wrap\", \"objects\".\"sse_c_key_fingerprint\", \"objects\".\"multipart\", \"objects\".\"is_latest\", \"objects\".\"created_at\" FROM \"objects\" WHERE \"objects\".\"bucket\" = ? AND \"objects\".\"key\" = ? AND \"objects\".\"is_latest\" = ? LIMIT ?\n" rows_affected=0 rows_returned=1 elapsed=112.414碌s elapsed_secs=0.000112414
ipfs-s3-gateway  | 2026-08-13T00:48:29.196180Z  INFO sqlx::query: summary="SELECT COUNT(*) AS num_items 鈥? db.statement="\n\nSELECT COUNT(*) AS num_items FROM (SELECT \"buckets\".\"name\", \"buckets\".\"created_at\", \"buckets\".\"owner\" FROM \"buckets\" WHERE \"buckets\".\"name\" = ?) AS \"sub_query\"\n" rows_affected=0 rows_returned=1 elapsed=30.709碌s elapsed_secs=3.0709e-5
ipfs-s3-gateway  | 2026-08-13T00:48:29.196764Z  INFO sqlx::query: summary="UPDATE \"buckets\" SET \"created_at\" 鈥? db.statement="\n\nUPDATE \"buckets\" SET \"created_at\" = \"created_at\" WHERE \"buckets\".\"name\" = ?\n" rows_affected=1 rows_returned=0 elapsed=47.504碌s elapsed_secs=4.7504e-5
ipfs-s3-gateway  | 2026-08-13T00:48:29.196938Z  INFO sqlx::query: summary="SELECT \"import_destinations\".\"bucket\", \"import_destinations\".\"key\", \"import_destinations\".\"generation\", 鈥? db.statement="\n\nSELECT \"import_destinations\".\"bucket\", \"import_destinations\".\"key\", \"import_destinations\".\"generation\", \"import_destinations\".\"owner_job_id\", \"import_destinations\".\"mutation_id\", \"import_destinations\".\"mutation_prefix\", \"import_destinations\".\"updated_at\" FROM \"import_destinations\" WHERE \"import_destinations\".\"bucket\" = ? AND \"import_destinations\".\"key\" = ? LIMIT ?\n" rows_affected=0 rows_returned=1 elapsed=8.879碌s elapsed_secs=8.879e-6
ipfs-s3-gateway  | 2026-08-13T00:48:29.197166Z  INFO sqlx::query: summary="SELECT DISTINCT c.job_id AS 鈥? db.statement="\n\nSELECT DISTINCT c.job_id AS job_id FROM import_prefix_claims c JOIN import_jobs j ON j.id = c.job_id WHERE c.bucket = ?1 AND j.state IN ('queued', 'running') AND c.prefix = substr(?2, 1, length(c.prefix)) AND (?3 IS NULL OR c.job_id > ?3) AND (?4 IS NULL OR c.job_id <> ?4) ORDER BY c.job_id LIMIT ?5\n" rows_affected=1 rows_returned=0 elapsed=73.649碌s elapsed_secs=7.3649e-5
ipfs-s3-gateway  | 2026-08-13T00:48:29.197440Z  INFO sqlx::query: summary="SELECT \"import_destinations\".\"bucket\", \"import_destinations\".\"key\", \"import_destinations\".\"generation\", 鈥? db.statement="\n\nSELECT \"import_destinations\".\"bucket\", \"import_destinations\".\"key\", \"import_destinations\".\"generation\", \"import_destinations\".\"owner_job_id\", \"import_destinations\".\"mutation_id\", \"import_destinations\".\"mutation_prefix\", \"import_destinations\".\"updated_at\" FROM \"import_destinations\" WHERE \"import_destinations\".\"bucket\" = ? AND \"import_destinations\".\"mutation_id\" IS NOT NULL ORDER BY \"import_destinations\".\"key\" ASC LIMIT ?\n" rows_affected=1 rows_returned=0 elapsed=11.793碌s elapsed_secs=1.1793e-5
ipfs-s3-gateway  | 2026-08-13T00:48:29.197583Z  INFO sqlx::query: summary="SELECT \"import_destinations\".\"bucket\", \"import_destinations\".\"key\", \"import_destinations\".\"generation\", 鈥? db.statement="\n\nSELECT \"import_destinations\".\"bucket\", \"import_destinations\".\"key\", \"import_destinations\".\"generation\", \"import_destinations\".\"owner_job_id\", \"import_destinations\".\"mutation_id\", \"import_destinations\".\"mutation_prefix\", \"import_destinations\".\"updated_at\" FROM \"import_destinations\" WHERE \"import_destinations\".\"bucket\" = ? AND \"import_destinations\".\"key\" = ? LIMIT ?\n" rows_affected=0 rows_returned=1 elapsed=12.163碌s elapsed_secs=1.2163e-5
ipfs-s3-gateway  | 2026-08-13T00:48:29.198080Z  INFO sqlx::query: summary="UPDATE \"import_destinations\" SET \"generation\" 鈥? db.statement="\n\nUPDATE \"import_destinations\" SET \"generation\" = ?, \"owner_job_id\" = ?, \"mutation_id\" = ?, \"mutation_prefix\" = ?, \"updated_at\" = ? WHERE \"import_destinations\".\"bucket\" = ? AND \"import_destinations\".\"key\" = ? AND \"import_destinations\".\"generation\" = ?\n" rows_affected=1 rows_returned=0 elapsed=252.361碌s elapsed_secs=0.000252361
ipfs-s3-gateway  | 2026-08-13T00:48:29.209652Z  INFO sqlx::query: summary="UPDATE \"buckets\" SET \"created_at\" 鈥? db.statement="\n\nUPDATE \"buckets\" SET \"created_at\" = \"created_at\" WHERE \"buckets\".\"name\" = ?\n" rows_affected=1 rows_returned=0 elapsed=185.154碌s elapsed_secs=0.000185154
ipfs-s3-gateway  | 2026-08-13T00:48:29.210009Z  INFO sqlx::query: summary="SELECT \"import_destinations\".\"bucket\", \"import_destinations\".\"key\", \"import_destinations\".\"generation\", 鈥? db.statement="\n\nSELECT \"import_destinations\".\"bucket\", \"import_destinations\".\"key\", \"import_destinations\".\"generation\", \"import_destinations\".\"owner_job_id\", \"import_destinations\".\"mutation_id\", \"import_destinations\".\"mutation_prefix\", \"import_destinations\".\"updated_at\" FROM \"import_destinations\" WHERE \"import_destinations\".\"bucket\" = ? AND \"import_destinations\".\"key\" = ? LIMIT ?\n" rows_affected=0 rows_returned=1 elapsed=26.119碌s elapsed_secs=2.6119e-5
ipfs-s3-gateway  | 2026-08-13T00:48:29.210446Z  INFO sqlx::query: summary="SELECT \"objects\".\"id\", \"objects\".\"bucket\", \"objects\".\"key\", 鈥? db.statement="\n\nSELECT \"objects\".\"id\", \"objects\".\"bucket\", \"objects\".\"key\", \"objects\".\"cid\", \"objects\".\"size\", \"objects\".\"content_type\", \"objects\".\"etag\", \"objects\".\"metadata\", \"objects\".\"encrypted\", \"objects\".\"key_wrap\", \"objects\".\"sse_c_key_fingerprint\", \"objects\".\"multipart\", \"objects\".\"is_latest\", \"objects\".\"created_at\" FROM \"objects\" WHERE \"objects\".\"bucket\" = ? AND \"objects\".\"key\" = ? AND \"objects\".\"is_latest\" = ? LIMIT ?\n" rows_affected=0 rows_returned=1 elapsed=139.385碌s elapsed_secs=0.000139385
ipfs-s3-gateway  | 2026-08-13T00:48:29.211006Z  INFO sqlx::query: summary="UPDATE \"objects\" SET \"is_latest\" 鈥? db.statement="\n\nUPDATE \"objects\" SET \"is_latest\" = ? WHERE \"objects\".\"id\" = ? AND \"objects\".\"is_latest\" = ?\n" rows_affected=1 rows_returned=0 elapsed=282.177碌s elapsed_secs=0.000282177
ipfs-s3-gateway  | 2026-08-13T00:48:29.211222Z  INFO sqlx::query: summary="SELECT \"pin_leases\".\"id\", \"pin_leases\".\"owner_object_id\", \"pin_leases\".\"source\", 鈥? db.statement="\n\nSELECT \"pin_leases\".\"id\", \"pin_leases\".\"owner_object_id\", \"pin_leases\".\"source\", \"pin_leases\".\"policy_id\", \"pin_leases\".\"provider_mode\", \"pin_leases\".\"content_mode\", \"pin_leases\".\"created_at\", \"pin_leases\".\"last_touched_at\", \"pin_leases\".\"expires_at\", \"pin_leases\".\"generation\", \"pin_leases\".\"state\" FROM \"pin_leases\" WHERE \"pin_leases\".\"owner_object_id\" = ? AND \"pin_leases\".\"state\" = ? ORDER BY \"pin_leases\".\"id\" ASC\n" rows_affected=1 rows_returned=0 elapsed=51.471碌s elapsed_secs=5.1471e-5
ipfs-s3-gateway  | 2026-08-13T00:48:29.211463Z  INFO sqlx::query: summary="UPDATE \"import_destinations\" SET \"mutation_id\" 鈥? db.statement="\n\nUPDATE \"import_destinations\" SET \"mutation_id\" = ?, \"mutation_prefix\" = ?, \"updated_at\" = ? WHERE \"import_destinations\".\"bucket\" = ? AND \"import_destinations\".\"key\" = ? AND \"import_destinations\".\"generation\" = ? AND \"import_destinations\".\"owner_job_id\" IS NULL AND \"import_destinations\".\"mutation_id\" = ?\n" rows_affected=1 rows_returned=0 elapsed=87.807碌s elapsed_secs=8.7807e-5
ipfs-s3-gateway  | 2026-08-13T00:48:29.300148Z  INFO sqlx::query: summary="SELECT \"import_jobs\".\"id\", \"import_jobs\".\"bucket\", \"import_jobs\".\"key\", 鈥? db.statement="\n\nSELECT \"import_jobs\".\"id\", \"import_jobs\".\"bucket\", \"import_jobs\".\"key\", \"import_jobs\".\"source_type\", \"import_jobs\".\"source_value\", \"import_jobs\".\"request_fingerprint\", \"import_jobs\".\"client_token\", \"import_jobs\".\"object_content_type\", \"import_jobs\".\"metadata_json\", \"import_jobs\".\"tags_json\", \"import_jobs\".\"decompress_prefix\", \"import_jobs\".\"state\", \"import_jobs\".\"phase\", \"import_jobs\".\"attempts\", \"import_jobs\".\"next_attempt_at\", \"import_jobs\".\"locked_by\", \"import_jobs\".\"locked_until\", \"import_jobs\".\"claim_epoch\", \"import_jobs\".\"providers_observed\", \"import_jobs\".\"pin_nodes_processed\", \"import_jobs\".\"pin_bytes_processed\", \"import_jobs\".\"downloaded_bytes\", \"import_jobs\".\"download_total\", \"import_jobs\".\"ipfs_add_bytes\", \"import_jobs\".\"logical_size\", \"import_jobs\".\"entries_processed\", \"import_jobs\".\"entries_succeeded\", \"import_jobs\".\"entries_failed\", \"import_jobs\".\"decompressed_bytes\", \"import_jobs\".\"final_cid\", \"import_jobs\".\"failure_code\", \"import_jobs\".\"failure_message\", \"import_jobs\".\"created_at\", \"import_jobs\".\"updated_at\", \"import_jobs\".\"completed_at\" FROM \"import_jobs\" WHERE (\"import_jobs\".\"state\" = ? AND \"import_jobs\".\"next_attempt_at\" <= ? AND \"import_jobs\".\"locked_by\" IS NULL AND \"import_jobs\".\"locked_until\" IS NULL) OR (\"import_jobs\".\"state\" = ? AND \"import_jobs\".\"locked_until\" <= ?) ORDER BY \"import_jobs\".\"next_attempt_at\" ASC, \"import_jobs\".\"created_at\" ASC, \"import_jobs\".\"id\" ASC LIMIT ?\n" rows_affected=1 rows_returned=0 elapsed=120.445碌s elapsed_secs=0.000120445
ipfs-s3-gateway  | 2026-08-13T00:48:29.800466Z  INFO sqlx::query: summary="SELECT \"import_jobs\".\"id\", \"import_jobs\".\"bucket\", \"import_jobs\".\"key\", 鈥? db.statement="\n\nSELECT \"import_jobs\".\"id\", \"import_jobs\".\"bucket\", \"import_jobs\".\"key\", \"import_jobs\".\"source_type\", \"import_jobs\".\"source_value\", \"import_jobs\".\"request_fingerprint\", \"import_jobs\".\"client_token\", \"import_jobs\".\"object_content_type\", \"import_jobs\".\"metadata_json\", \"import_jobs\".\"tags_json\", \"import_jobs\".\"decompress_prefix\", \"import_jobs\".\"state\", \"import_jobs\".\"phase\", \"import_jobs\".\"attempts\", \"import_jobs\".\"next_attempt_at\", \"import_jobs\".\"locked_by\", \"import_jobs\".\"locked_until\", \"import_jobs\".\"claim_epoch\", \"import_jobs\".\"providers_observed\", \"import_jobs\".\"pin_nodes_processed\", \"import_jobs\".\"pin_bytes_processed\", \"import_jobs\".\"downloaded_bytes\", \"import_jobs\".\"download_total\", \"import_jobs\".\"ipfs_add_bytes\", \"import_jobs\".\"logical_size\", \"import_jobs\".\"entries_processed\", \"import_jobs\".\"entries_succeeded\", \"import_jobs\".\"entries_failed\", \"import_jobs\".\"decompressed_bytes\", \"import_jobs\".\"final_cid\", \"import_jobs\".\"failure_code\", \"import_jobs\".\"failure_message\", \"import_jobs\".\"created_at\", \"import_jobs\".\"updated_at\", \"import_jobs\".\"completed_at\" FROM \"import_jobs\" WHERE (\"import_jobs\".\"state\" = ? AND \"import_jobs\".\"next_attempt_at\" <= ? AND \"import_jobs\".\"locked_by\" IS NULL AND \"import_jobs\".\"locked_until\" IS NULL) OR (\"import_jobs\".\"state\" = ? AND \"import_jobs\".\"locked_until\" <= ?) ORDER BY \"import_jobs\".\"next_attempt_at\" ASC, \"import_jobs\".\"created_at\" ASC, \"import_jobs\".\"id\" ASC LIMIT ?\n" rows_affected=1 rows_returned=0 elapsed=154.353碌s elapsed_secs=0.000154353
ipfs-s3-gateway  | 2026-08-13T00:48:30.092544Z  INFO sqlx::query: summary="SELECT COUNT(*) AS num_items 鈥? db.statement="\n\nSELECT COUNT(*) AS num_items FROM (SELECT \"buckets\".\"name\", \"buckets\".\"created_at\", \"buckets\".\"owner\" FROM \"buckets\" WHERE \"buckets\".\"name\" = ?) AS \"sub_query\"\n" rows_affected=0 rows_returned=1 elapsed=53.196碌s elapsed_secs=5.3196e-5
ipfs-s3-gateway  | 2026-08-13T00:48:30.093351Z  INFO sqlx::query: summary="SELECT COUNT(*) AS num_items 鈥? db.statement="\n\nSELECT COUNT(*) AS num_items FROM (SELECT \"buckets\".\"name\", \"buckets\".\"created_at\", \"buckets\".\"owner\" FROM \"buckets\" WHERE \"buckets\".\"name\" = ?) AS \"sub_query\"\n" rows_affected=0 rows_returned=1 elapsed=36.982碌s elapsed_secs=3.6982e-5
ipfs-s3-gateway  | 2026-08-13T00:48:30.094617Z ERROR s3s::service: duration=101.039碌s resp=Response { status: 501, version: HTTP/1.1, headers: {"content-type": "application/xml"}, body: Body { once: b"<?xml version=\"1.0\" encoding=\"UTF-8\"?><Error><Code>NotImplemented</Code><Message>ListObjectVersions is not implemented yet</Message></Error>" } }
ipfs-s3-gateway  | 2026-08-13T00:48:30.095296Z  INFO sqlx::query: summary="SELECT COUNT(*) AS num_items 鈥? db.statement="\n\nSELECT COUNT(*) AS num_items FROM (SELECT \"buckets\".\"name\", \"buckets\".\"created_at\", \"buckets\".\"owner\" FROM \"buckets\" WHERE \"buckets\".\"name\" = ?) AS \"sub_query\"\n" rows_affected=0 rows_returned=1 elapsed=33.794碌s elapsed_secs=3.3794e-5
ipfs-s3-gateway  | 2026-08-13T00:48:30.095813Z  INFO sqlx::query: summary="SELECT \"objects\".\"id\", \"objects\".\"bucket\", \"objects\".\"key\", 鈥? db.statement="\n\nSELECT \"objects\".\"id\", \"objects\".\"bucket\", \"objects\".\"key\", \"objects\".\"cid\", \"objects\".\"size\", \"objects\".\"content_type\", \"objects\".\"etag\", \"objects\".\"metadata\", \"objects\".\"encrypted\", \"objects\".\"key_wrap\", \"objects\".\"sse_c_key_fingerprint\", \"objects\".\"multipart\", \"objects\".\"is_latest\", \"objects\".\"created_at\" FROM \"objects\" WHERE \"objects\".\"bucket\" = ? AND \"objects\".\"is_latest\" = ? ORDER BY \"objects\".\"key\" ASC LIMIT ?\n" rows_affected=1 rows_returned=0 elapsed=155.332碌s elapsed_secs=0.000155332
ipfs-s3-gateway  | 2026-08-13T00:48:30.096756Z ERROR s3s::service: duration=62.634碌s resp=Response { status: 501, version: HTTP/1.1, headers: {"content-type": "application/xml"}, body: Body { once: b"<?xml version=\"1.0\" encoding=\"UTF-8\"?><Error><Code>NotImplemented</Code><Message>ListObjectVersions is not implemented yet</Message></Error>" } }
ipfs-s3-gateway  | 2026-08-13T00:48:30.097782Z  INFO sqlx::query: summary="SELECT COUNT(*) AS num_items 鈥? db.statement="\n\nSELECT COUNT(*) AS num_items FROM (SELECT \"buckets\".\"name\", \"buckets\".\"created_at\", \"buckets\".\"owner\" FROM \"buckets\" WHERE \"buckets\".\"name\" = ?) AS \"sub_query\"\n" rows_affected=0 rows_returned=1 elapsed=61.297碌s elapsed_secs=6.1297e-5
ipfs-s3-gateway  | 2026-08-13T00:48:30.098286Z  INFO sqlx::query: summary="SELECT \"objects\".\"id\", \"objects\".\"bucket\", \"objects\".\"key\", 鈥? db.statement="\n\nSELECT \"objects\".\"id\", \"objects\".\"bucket\", \"objects\".\"key\", \"objects\".\"cid\", \"objects\".\"size\", \"objects\".\"content_type\", \"objects\".\"etag\", \"objects\".\"metadata\", \"objects\".\"encrypted\", \"objects\".\"key_wrap\", \"objects\".\"sse_c_key_fingerprint\", \"objects\".\"multipart\", \"objects\".\"is_latest\", \"objects\".\"created_at\" FROM \"objects\" WHERE \"objects\".\"bucket\" = ? AND \"objects\".\"is_latest\" = ? ORDER BY \"objects\".\"key\" ASC LIMIT ?\n" rows_affected=1 rows_returned=0 elapsed=160.15碌s elapsed_secs=0.00016015
ipfs-s3-gateway  | 2026-08-13T00:48:30.099181Z  INFO sqlx::query: summary="UPDATE \"buckets\" SET \"created_at\" 鈥? db.statement="\n\nUPDATE \"buckets\" SET \"created_at\" = \"created_at\" WHERE \"buckets\".\"name\" = ?\n" rows_affected=1 rows_returned=0 elapsed=51.177碌s elapsed_secs=5.1177e-5
ipfs-s3-gateway  | 2026-08-13T00:48:30.099414Z  INFO sqlx::query: summary="SELECT COUNT(*) AS num_items 鈥? db.statement="\n\nSELECT COUNT(*) AS num_items FROM (SELECT \"objects\".\"id\", \"objects\".\"bucket\", \"objects\".\"key\", \"objects\".\"cid\", \"objects\".\"size\", \"objects\".\"content_type\", \"objects\".\"etag\", \"objects\".\"metadata\", \"objects\".\"encrypted\", \"objects\".\"key_wrap\", \"objects\".\"sse_c_key_fingerprint\", \"objects\".\"multipart\", \"objects\".\"is_latest\", \"objects\".\"created_at\" FROM \"objects\" WHERE \"objects\".\"bucket\" = ? AND \"objects\".\"is_latest\" = ?) AS \"sub_query\"\n" rows_affected=0 rows_returned=1 elapsed=92.256碌s elapsed_secs=9.2256e-5
ipfs-s3-gateway  | 2026-08-13T00:48:30.099638Z  INFO sqlx::query: summary="SELECT \"import_jobs\".\"id\", \"import_jobs\".\"bucket\", \"import_jobs\".\"key\", 鈥? db.statement="\n\nSELECT \"import_jobs\".\"id\", \"import_jobs\".\"bucket\", \"import_jobs\".\"key\", \"import_jobs\".\"source_type\", \"import_jobs\".\"source_value\", \"import_jobs\".\"request_fingerprint\", \"import_jobs\".\"client_token\", \"import_jobs\".\"object_content_type\", \"import_jobs\".\"metadata_json\", \"import_jobs\".\"tags_json\", \"import_jobs\".\"decompress_prefix\", \"import_jobs\".\"state\", \"import_jobs\".\"phase\", \"import_jobs\".\"attempts\", \"import_jobs\".\"next_attempt_at\", \"import_jobs\".\"locked_by\", \"import_jobs\".\"locked_until\", \"import_jobs\".\"claim_epoch\", \"import_jobs\".\"providers_observed\", \"import_jobs\".\"pin_nodes_processed\", \"import_jobs\".\"pin_bytes_processed\", \"import_jobs\".\"downloaded_bytes\", \"import_jobs\".\"download_total\", \"import_jobs\".\"ipfs_add_bytes\", \"import_jobs\".\"logical_size\", \"import_jobs\".\"entries_processed\", \"import_jobs\".\"entries_succeeded\", \"import_jobs\".\"entries_failed\", \"import_jobs\".\"decompressed_bytes\", \"import_jobs\".\"final_cid\", \"import_jobs\".\"failure_code\", \"import_jobs\".\"failure_message\", \"import_jobs\".\"created_at\", \"import_jobs\".\"updated_at\", \"import_jobs\".\"completed_at\" FROM \"import_jobs\" WHERE \"import_jobs\".\"bucket\" = ? AND \"import_jobs\".\"state\" IN (?, ?) ORDER BY \"import_jobs\".\"id\" ASC LIMIT ?\n" rows_affected=1 rows_returned=0 elapsed=51.279碌s elapsed_secs=5.1279e-5
ipfs-s3-gateway  | 2026-08-13T00:48:30.099950Z  INFO sqlx::query: summary="DELETE FROM \"buckets\" WHERE 鈥? db.statement="\n\nDELETE FROM \"buckets\" WHERE \"buckets\".\"name\" = ?\n" rows_affected=1 rows_returned=0 elapsed=216.163碌s elapsed_secs=0.000216163
ipfs-s3-gateway  | 2026-08-13T00:48:30.300518Z  INFO sqlx::query: summary="SELECT \"import_jobs\".\"id\", \"import_jobs\".\"bucket\", \"import_jobs\".\"key\", 鈥? db.statement="\n\nSELECT \"import_jobs\".\"id\", \"import_jobs\".\"bucket\", \"import_jobs\".\"key\", \"import_jobs\".\"source_type\", \"import_jobs\".\"source_value\", \"import_jobs\".\"request_fingerprint\", \"import_jobs\".\"client_token\", \"import_jobs\".\"object_content_type\", \"import_jobs\".\"metadata_json\", \"import_jobs\".\"tags_json\", \"import_jobs\".\"decompress_prefix\", \"import_jobs\".\"state\", \"import_jobs\".\"phase\", \"import_jobs\".\"attempts\", \"import_jobs\".\"next_attempt_at\", \"import_jobs\".\"locked_by\", \"import_jobs\".\"locked_until\", \"import_jobs\".\"claim_epoch\", \"import_jobs\".\"providers_observed\", \"import_jobs\".\"pin_nodes_processed\", \"import_jobs\".\"pin_bytes_processed\", \"import_jobs\".\"downloaded_bytes\", \"import_jobs\".\"download_total\", \"import_jobs\".\"ipfs_add_bytes\", \"import_jobs\".\"logical_size\", \"import_jobs\".\"entries_processed\", \"import_jobs\".\"entries_succeeded\", \"import_jobs\".\"entries_failed\", \"import_jobs\".\"decompressed_bytes\", \"import_jobs\".\"final_cid\", \"import_jobs\".\"failure_code\", \"import_jobs\".\"failure_message\", \"import_jobs\".\"created_at\", \"import_jobs\".\"updated_at\", \"import_jobs\".\"completed_at\" FROM \"import_jobs\" WHERE (\"import_jobs\".\"state\" = ? AND \"import_jobs\".\"next_attempt_at\" <= ? AND \"import_jobs\".\"locked_by\" IS NULL AND \"import_jobs\".\"locked_until\" IS NULL) OR (\"import_jobs\".\"state\" = ? AND \"import_jobs\".\"locked_until\" <= ?) ORDER BY \"import_jobs\".\"next_attempt_at\" ASC, \"import_jobs\".\"created_at\" ASC, \"import_jobs\".\"id\" ASC LIMIT ?\n" rows_affected=1 rows_returned=0 elapsed=336.729碌s elapsed_secs=0.000336729
ipfs-s3-gateway  | 2026-08-13T00:48:30.799529Z  INFO sqlx::query: summary="SELECT \"import_jobs\".\"id\", \"import_jobs\".\"bucket\", \"import_jobs\".\"key\", 鈥? db.statement="\n\nSELECT \"import_jobs\".\"id\", \"import_jobs\".\"bucket\", \"import_jobs\".\"key\", \"import_jobs\".\"source_type\", \"import_jobs\".\"source_value\", \"import_jobs\".\"request_fingerprint\", \"import_jobs\".\"client_token\", \"import_jobs\".\"object_content_type\", \"import_jobs\".\"metadata_json\", \"import_jobs\".\"tags_json\", \"import_jobs\".\"decompress_prefix\", \"import_jobs\".\"state\", \"import_jobs\".\"phase\", \"import_jobs\".\"attempts\", \"import_jobs\".\"next_attempt_at\", \"import_jobs\".\"locked_by\", \"import_jobs\".\"locked_until\", \"import_jobs\".\"claim_epoch\", \"import_jobs\".\"providers_observed\", \"import_jobs\".\"pin_nodes_processed\", \"import_jobs\".\"pin_bytes_processed\", \"import_jobs\".\"downloaded_bytes\", \"import_jobs\".\"download_total\", \"import_jobs\".\"ipfs_add_bytes\", \"import_jobs\".\"logical_size\", \"import_jobs\".\"entries_processed\", \"import_jobs\".\"entries_succeeded\", \"import_jobs\".\"entries_failed\", \"import_jobs\".\"decompressed_bytes\", \"import_jobs\".\"final_cid\", \"import_jobs\".\"failure_code\", \"import_jobs\".\"failure_message\", \"import_jobs\".\"created_at\", \"import_jobs\".\"updated_at\", \"import_jobs\".\"completed_at\" FROM \"import_jobs\" WHERE (\"import_jobs\".\"state\" = ? AND \"import_jobs\".\"next_attempt_at\" <= ? AND \"import_jobs\".\"locked_by\" IS NULL AND \"import_jobs\".\"locked_until\" IS NULL) OR (\"import_jobs\".\"state\" = ? AND \"import_jobs\".\"locked_until\" <= ?) ORDER BY \"import_jobs\".\"next_attempt_at\" ASC, \"import_jobs\".\"created_at\" ASC, \"import_jobs\".\"id\" ASC LIMIT ?\n" rows_affected=1 rows_returned=0 elapsed=154.565碌s elapsed_secs=0.000154565
ipfs-s3-gateway  | 2026-08-13T00:48:31.300087Z  INFO sqlx::query: summary="SELECT \"pin_leases\".\"id\", \"pin_leases\".\"owner_object_id\", \"pin_leases\".\"source\", 鈥? db.statement="\n\nSELECT \"pin_leases\".\"id\", \"pin_leases\".\"owner_object_id\", \"pin_leases\".\"source\", \"pin_leases\".\"policy_id\", \"pin_leases\".\"provider_mode\", \"pin_leases\".\"content_mode\", \"pin_leases\".\"created_at\", \"pin_leases\".\"last_touched_at\", \"pin_leases\".\"expires_at\", \"pin_leases\".\"generation\", \"pin_leases\".\"state\" FROM \"pin_leases\" WHERE \"pin_leases\".\"state\" = ? AND \"pin_leases\".\"expires_at\" <= ? ORDER BY \"pin_leases\".\"expires_at\" ASC, \"pin_leases\".\"id\" ASC\n" rows_affected=1 rows_returned=0 elapsed=111.787碌s elapsed_secs=0.000111787
ipfs-s3-gateway  | 2026-08-13T00:48:31.301236Z  INFO sqlx::query: summary="SELECT \"import_jobs\".\"id\", \"import_jobs\".\"bucket\", \"import_jobs\".\"key\", 鈥? db.statement="\n\nSELECT \"import_jobs\".\"id\", \"import_jobs\".\"bucket\", \"import_jobs\".\"key\", \"import_jobs\".\"source_type\", \"import_jobs\".\"source_value\", \"import_jobs\".\"request_fingerprint\", \"import_jobs\".\"client_token\", \"import_jobs\".\"object_content_type\", \"import_jobs\".\"metadata_json\", \"import_jobs\".\"tags_json\", \"import_jobs\".\"decompress_prefix\", \"import_jobs\".\"state\", \"import_jobs\".\"phase\", \"import_jobs\".\"attempts\", \"import_jobs\".\"next_attempt_at\", \"import_jobs\".\"locked_by\", \"import_jobs\".\"locked_until\", \"import_jobs\".\"claim_epoch\", \"import_jobs\".\"providers_observed\", \"import_jobs\".\"pin_nodes_processed\", \"import_jobs\".\"pin_bytes_processed\", \"import_jobs\".\"downloaded_bytes\", \"import_jobs\".\"download_total\", \"import_jobs\".\"ipfs_add_bytes\", \"import_jobs\".\"logical_size\", \"import_jobs\".\"entries_processed\", \"import_jobs\".\"entries_succeeded\", \"import_jobs\".\"entries_failed\", \"import_jobs\".\"decompressed_bytes\", \"import_jobs\".\"final_cid\", \"import_jobs\".\"failure_code\", \"import_jobs\".\"failure_message\", \"import_jobs\".\"created_at\", \"import_jobs\".\"updated_at\", \"import_jobs\".\"completed_at\" FROM \"import_jobs\" WHERE (\"import_jobs\".\"state\" = ? AND \"import_jobs\".\"next_attempt_at\" <= ? AND \"import_jobs\".\"locked_by\" IS NULL AND \"import_jobs\".\"locked_until\" IS NULL) OR (\"import_jobs\".\"state\" = ? AND \"import_jobs\".\"locked_until\" <= ?) ORDER BY \"import_jobs\".\"next_attempt_at\" ASC, \"import_jobs\".\"created_at\" ASC, \"import_jobs\".\"id\" ASC LIMIT ?\n" rows_affected=1 rows_returned=0 elapsed=67.667碌s elapsed_secs=6.7667e-5
ipfs-s3-gateway  | 2026-08-13T00:48:31.301882Z  INFO sqlx::query: summary="SELECT \"pin_lease_targets\".\"id\", \"pin_lease_targets\".\"lease_id\", \"pin_lease_targets\".\"cid\", 鈥? db.statement="\n\nSELECT \"pin_lease_targets\".\"id\", \"pin_lease_targets\".\"lease_id\", \"pin_lease_targets\".\"cid\", \"pin_lease_targets\".\"logical_size\", \"pin_lease_targets\".\"provider\", \"pin_lease_targets\".\"state\", \"pin_lease_targets\".\"created_at\", \"pin_lease_targets\".\"last_touched_at\" FROM \"pin_lease_targets\" WHERE \"pin_lease_targets\".\"state\" = ? ORDER BY \"pin_lease_targets\".\"created_at\" ASC, \"pin_lease_targets\".\"id\" ASC\n" rows_affected=1 rows_returned=0 elapsed=49.988碌s elapsed_secs=4.9988e-5
ipfs-s3-gateway  | 2026-08-13T00:48:31.302536Z  INFO sqlx::query: summary="SELECT \"pin_jobs\".\"provider\" FROM \"pin_jobs\" 鈥? db.statement="\n\nSELECT \"pin_jobs\".\"provider\" FROM \"pin_jobs\" WHERE (\"pin_jobs\".\"state\" = ? AND \"pin_jobs\".\"next_attempt_at\" <= ? AND \"pin_jobs\".\"locked_until\" IS NULL) OR (\"pin_jobs\".\"state\" = ? AND \"pin_jobs\".\"locked_until\" < ?) GROUP BY \"pin_jobs\".\"provider\"\n" rows_affected=1 rows_returned=0 elapsed=45.73碌s elapsed_secs=4.573e-5
ipfs-s3-gateway  | 2026-08-13T00:48:31.799842Z  INFO sqlx::query: summary="SELECT \"import_jobs\".\"id\", \"import_jobs\".\"bucket\", \"import_jobs\".\"key\", 鈥? db.statement="\n\nSELECT \"import_jobs\".\"id\", \"import_jobs\".\"bucket\", \"import_jobs\".\"key\", \"import_jobs\".\"source_type\", \"import_jobs\".\"source_value\", \"import_jobs\".\"request_fingerprint\", \"import_jobs\".\"client_token\", \"import_jobs\".\"object_content_type\", \"import_jobs\".\"metadata_json\", \"import_jobs\".\"tags_json\", \"import_jobs\".\"decompress_prefix\", \"import_jobs\".\"state\", \"import_jobs\".\"phase\", \"import_jobs\".\"attempts\", \"import_jobs\".\"next_attempt_at\", \"import_jobs\".\"locked_by\", \"import_jobs\".\"locked_until\", \"import_jobs\".\"claim_epoch\", \"import_jobs\".\"providers_observed\", \"import_jobs\".\"pin_nodes_processed\", \"import_jobs\".\"pin_bytes_processed\", \"import_jobs\".\"downloaded_bytes\", \"import_jobs\".\"download_total\", \"import_jobs\".\"ipfs_add_bytes\", \"import_jobs\".\"logical_size\", \"import_jobs\".\"entries_processed\", \"import_jobs\".\"entries_succeeded\", \"import_jobs\".\"entries_failed\", \"import_jobs\".\"decompressed_bytes\", \"import_jobs\".\"final_cid\", \"import_jobs\".\"failure_code\", \"import_jobs\".\"failure_message\", \"import_jobs\".\"created_at\", \"import_jobs\".\"updated_at\", \"import_jobs\".\"completed_at\" FROM \"import_jobs\" WHERE (\"import_jobs\".\"state\" = ? AND \"import_jobs\".\"next_attempt_at\" <= ? AND \"import_jobs\".\"locked_by\" IS NULL AND \"import_jobs\".\"locked_until\" IS NULL) OR (\"import_jobs\".\"state\" = ? AND \"import_jobs\".\"locked_until\" <= ?) ORDER BY \"import_jobs\".\"next_attempt_at\" ASC, \"import_jobs\".\"created_at\" ASC, \"import_jobs\".\"id\" ASC LIMIT ?\n" rows_affected=1 rows_returned=0 elapsed=130.476碌s elapsed_secs=0.000130476
ipfs-s3-gateway  | 2026-08-13T00:48:32.299977Z  INFO sqlx::query: summary="SELECT \"import_jobs\".\"id\", \"import_jobs\".\"bucket\", \"import_jobs\".\"key\", 鈥? db.statement="\n\nSELECT \"import_jobs\".\"id\", \"import_jobs\".\"bucket\", \"import_jobs\".\"key\", \"import_jobs\".\"source_type\", \"import_jobs\".\"source_value\", \"import_jobs\".\"request_fingerprint\", \"import_jobs\".\"client_token\", \"import_jobs\".\"object_content_type\", \"import_jobs\".\"metadata_json\", \"import_jobs\".\"tags_json\", \"import_jobs\".\"decompress_prefix\", \"import_jobs\".\"state\", \"import_jobs\".\"phase\", \"import_jobs\".\"attempts\", \"import_jobs\".\"next_attempt_at\", \"import_jobs\".\"locked_by\", \"import_jobs\".\"locked_until\", \"import_jobs\".\"claim_epoch\", \"import_jobs\".\"providers_observed\", \"import_jobs\".\"pin_nodes_processed\", \"import_jobs\".\"pin_bytes_processed\", \"import_jobs\".\"downloaded_bytes\", \"import_jobs\".\"download_total\", \"import_jobs\".\"ipfs_add_bytes\", \"import_jobs\".\"logical_size\", \"import_jobs\".\"entries_processed\", \"import_jobs\".\"entries_succeeded\", \"import_jobs\".\"entries_failed\", \"import_jobs\".\"decompressed_bytes\", \"import_jobs\".\"final_cid\", \"import_jobs\".\"failure_code\", \"import_jobs\".\"failure_message\", \"import_jobs\".\"created_at\", \"import_jobs\".\"updated_at\", \"import_jobs\".\"completed_at\" FROM \"import_jobs\" WHERE (\"import_jobs\".\"state\" = ? AND \"import_jobs\".\"next_attempt_at\" <= ? AND \"import_jobs\".\"locked_by\" IS NULL AND \"import_jobs\".\"locked_until\" IS NULL) OR (\"import_jobs\".\"state\" = ? AND \"import_jobs\".\"locked_until\" <= ?) ORDER BY \"import_jobs\".\"next_attempt_at\" ASC, \"import_jobs\".\"created_at\" ASC, \"import_jobs\".\"id\" ASC LIMIT ?\n" rows_affected=1 rows_returned=0 elapsed=131.143碌s elapsed_secs=0.000131143
ipfs-s3-gateway  | 2026-08-13T00:48:32.800171Z  INFO sqlx::query: summary="SELECT \"import_jobs\".\"id\", \"import_jobs\".\"bucket\", \"import_jobs\".\"key\", 鈥? db.statement="\n\nSELECT \"import_jobs\".\"id\", \"import_jobs\".\"bucket\", \"import_jobs\".\"key\", \"import_jobs\".\"source_type\", \"import_jobs\".\"source_value\", \"import_jobs\".\"request_fingerprint\", \"import_jobs\".\"client_token\", \"import_jobs\".\"object_content_type\", \"import_jobs\".\"metadata_json\", \"import_jobs\".\"tags_json\", \"import_jobs\".\"decompress_prefix\", \"import_jobs\".\"state\", \"import_jobs\".\"phase\", \"import_jobs\".\"attempts\", \"import_jobs\".\"next_attempt_at\", \"import_jobs\".\"locked_by\", \"import_jobs\".\"locked_until\", \"import_jobs\".\"claim_epoch\", \"import_jobs\".\"providers_observed\", \"import_jobs\".\"pin_nodes_processed\", \"import_jobs\".\"pin_bytes_processed\", \"import_jobs\".\"downloaded_bytes\", \"import_jobs\".\"download_total\", \"import_jobs\".\"ipfs_add_bytes\", \"import_jobs\".\"logical_size\", \"import_jobs\".\"entries_processed\", \"import_jobs\".\"entries_succeeded\", \"import_jobs\".\"entries_failed\", \"import_jobs\".\"decompressed_bytes\", \"import_jobs\".\"final_cid\", \"import_jobs\".\"failure_code\", \"import_jobs\".\"failure_message\", \"import_jobs\".\"created_at\", \"import_jobs\".\"updated_at\", \"import_jobs\".\"completed_at\" FROM \"import_jobs\" WHERE (\"import_jobs\".\"state\" = ? AND \"import_jobs\".\"next_attempt_at\" <= ? AND \"import_jobs\".\"locked_by\" IS NULL AND \"import_jobs\".\"locked_until\" IS NULL) OR (\"import_jobs\".\"state\" = ? AND \"import_jobs\".\"locked_until\" <= ?) ORDER BY \"import_jobs\".\"next_attempt_at\" ASC, \"import_jobs\".\"created_at\" ASC, \"import_jobs\".\"id\" ASC LIMIT ?\n" rows_affected=1 rows_returned=0 elapsed=136.216碌s elapsed_secs=0.000136216
ipfs-s3-gateway  | 2026-08-13T00:48:33.299787Z  INFO sqlx::query: summary="SELECT \"import_jobs\".\"id\", \"import_jobs\".\"bucket\", \"import_jobs\".\"key\", 鈥? db.statement="\n\nSELECT \"import_jobs\".\"id\", \"import_jobs\".\"bucket\", \"import_jobs\".\"key\", \"import_jobs\".\"source_type\", \"import_jobs\".\"source_value\", \"import_jobs\".\"request_fingerprint\", \"import_jobs\".\"client_token\", \"import_jobs\".\"object_content_type\", \"import_jobs\".\"metadata_json\", \"import_jobs\".\"tags_json\", \"import_jobs\".\"decompress_prefix\", \"import_jobs\".\"state\", \"import_jobs\".\"phase\", \"import_jobs\".\"attempts\", \"import_jobs\".\"next_attempt_at\", \"import_jobs\".\"locked_by\", \"import_jobs\".\"locked_until\", \"import_jobs\".\"claim_epoch\", \"import_jobs\".\"providers_observed\", \"import_jobs\".\"pin_nodes_processed\", \"import_jobs\".\"pin_bytes_processed\", \"import_jobs\".\"downloaded_bytes\", \"import_jobs\".\"download_total\", \"import_jobs\".\"ipfs_add_bytes\", \"import_jobs\".\"logical_size\", \"import_jobs\".\"entries_processed\", \"import_jobs\".\"entries_succeeded\", \"import_jobs\".\"entries_failed\", \"import_jobs\".\"decompressed_bytes\", \"import_jobs\".\"final_cid\", \"import_jobs\".\"failure_code\", \"import_jobs\".\"failure_message\", \"import_jobs\".\"created_at\", \"import_jobs\".\"updated_at\", \"import_jobs\".\"completed_at\" FROM \"import_jobs\" WHERE (\"import_jobs\".\"state\" = ? AND \"import_jobs\".\"next_attempt_at\" <= ? AND \"import_jobs\".\"locked_by\" IS NULL AND \"import_jobs\".\"locked_until\" IS NULL) OR (\"import_jobs\".\"state\" = ? AND \"import_jobs\".\"locked_until\" <= ?) ORDER BY \"import_jobs\".\"next_attempt_at\" ASC, \"import_jobs\".\"created_at\" ASC, \"import_jobs\".\"id\" ASC LIMIT ?\n" rows_affected=1 rows_returned=0 elapsed=133.04碌s elapsed_secs=0.00013304
ipfs-s3-gateway  | 2026-08-13T00:48:33.800223Z  INFO sqlx::query: summary="SELECT \"import_jobs\".\"id\", \"import_jobs\".\"bucket\", \"import_jobs\".\"key\", 鈥? db.statement="\n\nSELECT \"import_jobs\".\"id\", \"import_jobs\".\"bucket\", \"import_jobs\".\"key\", \"import_jobs\".\"source_type\", \"import_jobs\".\"source_value\", \"import_jobs\".\"request_fingerprint\", \"import_jobs\".\"client_token\", \"import_jobs\".\"object_content_type\", \"import_jobs\".\"metadata_json\", \"import_jobs\".\"tags_json\", \"import_jobs\".\"decompress_prefix\", \"import_jobs\".\"state\", \"import_jobs\".\"phase\", \"import_jobs\".\"attempts\", \"import_jobs\".\"next_attempt_at\", \"import_jobs\".\"locked_by\", \"import_jobs\".\"locked_until\", \"import_jobs\".\"claim_epoch\", \"import_jobs\".\"providers_observed\", \"import_jobs\".\"pin_nodes_processed\", \"import_jobs\".\"pin_bytes_processed\", \"import_jobs\".\"downloaded_bytes\", \"import_jobs\".\"download_total\", \"import_jobs\".\"ipfs_add_bytes\", \"import_jobs\".\"logical_size\", \"import_jobs\".\"entries_processed\", \"import_jobs\".\"entries_succeeded\", \"import_jobs\".\"entries_failed\", \"import_jobs\".\"decompressed_bytes\", \"import_jobs\".\"final_cid\", \"import_jobs\".\"failure_code\", \"import_jobs\".\"failure_message\", \"import_jobs\".\"created_at\", \"import_jobs\".\"updated_at\", \"import_jobs\".\"completed_at\" FROM \"import_jobs\" WHERE (\"import_jobs\".\"state\" = ? AND \"import_jobs\".\"next_attempt_at\" <= ? AND \"import_jobs\".\"locked_by\" IS NULL AND \"import_jobs\".\"locked_until\" IS NULL) OR (\"import_jobs\".\"state\" = ? AND \"import_jobs\".\"locked_until\" <= ?) ORDER BY \"import_jobs\".\"next_attempt_at\" ASC, \"import_jobs\".\"created_at\" ASC, \"import_jobs\".\"id\" ASC LIMIT ?\n" rows_affected=1 rows_returned=0 elapsed=236.061碌s elapsed_secs=0.000236061
ipfs-s3-gateway  | 2026-08-13T00:48:33.955343Z  INFO sqlx::query: summary="SELECT COUNT(*) AS num_items 鈥? db.statement="\n\nSELECT COUNT(*) AS num_items FROM (SELECT \"buckets\".\"name\", \"buckets\".\"created_at\", \"buckets\".\"owner\" FROM \"buckets\" WHERE \"buckets\".\"name\" = ?) AS \"sub_query\"\n" rows_affected=0 rows_returned=1 elapsed=90.516碌s elapsed_secs=9.0516e-5
ipfs-s3-gateway  | 2026-08-13T00:48:33.965066Z  INFO sqlx::query: summary="INSERT INTO \"buckets\" (\"name\", 鈥? db.statement="\n\nINSERT INTO \"buckets\" (\"name\", \"created_at\", \"owner\") VALUES (?, ?, ?)\n" rows_affected=1 rows_returned=0 elapsed=8.819083ms elapsed_secs=0.008819083
ipfs-s3-gateway  | 2026-08-13T00:48:34.299816Z  INFO sqlx::query: summary="SELECT \"import_jobs\".\"id\", \"import_jobs\".\"bucket\", \"import_jobs\".\"key\", 鈥? db.statement="\n\nSELECT \"import_jobs\".\"id\", \"import_jobs\".\"bucket\", \"import_jobs\".\"key\", \"import_jobs\".\"source_type\", \"import_jobs\".\"source_value\", \"import_jobs\".\"request_fingerprint\", \"import_jobs\".\"client_token\", \"import_jobs\".\"object_content_type\", \"import_jobs\".\"metadata_json\", \"import_jobs\".\"tags_json\", \"import_jobs\".\"decompress_prefix\", \"import_jobs\".\"state\", \"import_jobs\".\"phase\", \"import_jobs\".\"attempts\", \"import_jobs\".\"next_attempt_at\", \"import_jobs\".\"locked_by\", \"import_jobs\".\"locked_until\", \"import_jobs\".\"claim_epoch\", \"import_jobs\".\"providers_observed\", \"import_jobs\".\"pin_nodes_processed\", \"import_jobs\".\"pin_bytes_processed\", \"import_jobs\".\"downloaded_bytes\", \"import_jobs\".\"download_total\", \"import_jobs\".\"ipfs_add_bytes\", \"import_jobs\".\"logical_size\", \"import_jobs\".\"entries_processed\", \"import_jobs\".\"entries_succeeded\", \"import_jobs\".\"entries_failed\", \"import_jobs\".\"decompressed_bytes\", \"import_jobs\".\"final_cid\", \"import_jobs\".\"failure_code\", \"import_jobs\".\"failure_message\", \"import_jobs\".\"created_at\", \"import_jobs\".\"updated_at\", \"import_jobs\".\"completed_at\" FROM \"import_jobs\" WHERE (\"import_jobs\".\"state\" = ? AND \"import_jobs\".\"next_attempt_at\" <= ? AND \"import_jobs\".\"locked_by\" IS NULL AND \"import_jobs\".\"locked_until\" IS NULL) OR (\"import_jobs\".\"state\" = ? AND \"import_jobs\".\"locked_until\" <= ?) ORDER BY \"import_jobs\".\"next_attempt_at\" ASC, \"import_jobs\".\"created_at\" ASC, \"import_jobs\".\"id\" ASC LIMIT ?\n" rows_affected=1 rows_returned=0 elapsed=108.125碌s elapsed_secs=0.000108125
ipfs-s3-gateway  | 2026-08-13T00:48:34.800056Z  INFO sqlx::query: summary="SELECT \"import_jobs\".\"id\", \"import_jobs\".\"bucket\", \"import_jobs\".\"key\", 鈥? db.statement="\n\nSELECT \"import_jobs\".\"id\", \"import_jobs\".\"bucket\", \"import_jobs\".\"key\", \"import_jobs\".\"source_type\", \"import_jobs\".\"source_value\", \"import_jobs\".\"request_fingerprint\", \"import_jobs\".\"client_token\", \"import_jobs\".\"object_content_type\", \"import_jobs\".\"metadata_json\", \"import_jobs\".\"tags_json\", \"import_jobs\".\"decompress_prefix\", \"import_jobs\".\"state\", \"import_jobs\".\"phase\", \"import_jobs\".\"attempts\", \"import_jobs\".\"next_attempt_at\", \"import_jobs\".\"locked_by\", \"import_jobs\".\"locked_until\", \"import_jobs\".\"claim_epoch\", \"import_jobs\".\"providers_observed\", \"import_jobs\".\"pin_nodes_processed\", \"import_jobs\".\"pin_bytes_processed\", \"import_jobs\".\"downloaded_bytes\", \"import_jobs\".\"download_total\", \"import_jobs\".\"ipfs_add_bytes\", \"import_jobs\".\"logical_size\", \"import_jobs\".\"entries_processed\", \"import_jobs\".\"entries_succeeded\", \"import_jobs\".\"entries_failed\", \"import_jobs\".\"decompressed_bytes\", \"import_jobs\".\"final_cid\", \"import_jobs\".\"failure_code\", \"import_jobs\".\"failure_message\", \"import_jobs\".\"created_at\", \"import_jobs\".\"updated_at\", \"import_jobs\".\"completed_at\" FROM \"import_jobs\" WHERE (\"import_jobs\".\"state\" = ? AND \"import_jobs\".\"next_attempt_at\" <= ? AND \"import_jobs\".\"locked_by\" IS NULL AND \"import_jobs\".\"locked_until\" IS NULL) OR (\"import_jobs\".\"state\" = ? AND \"import_jobs\".\"locked_until\" <= ?) ORDER BY \"import_jobs\".\"next_attempt_at\" ASC, \"import_jobs\".\"created_at\" ASC, \"import_jobs\".\"id\" ASC LIMIT ?\n" rows_affected=1 rows_returned=0 elapsed=196.915碌s elapsed_secs=0.000196915
ipfs-s3-gateway  | 2026-08-13T00:48:35.300185Z  INFO sqlx::query: summary="SELECT \"import_jobs\".\"id\", \"import_jobs\".\"bucket\", \"import_jobs\".\"key\", 鈥? db.statement="\n\nSELECT \"import_jobs\".\"id\", \"import_jobs\".\"bucket\", \"import_jobs\".\"key\", \"import_jobs\".\"source_type\", \"import_jobs\".\"source_value\", \"import_jobs\".\"request_fingerprint\", \"import_jobs\".\"client_token\", \"import_jobs\".\"object_content_type\", \"import_jobs\".\"metadata_json\", \"import_jobs\".\"tags_json\", \"import_jobs\".\"decompress_prefix\", \"import_jobs\".\"state\", \"import_jobs\".\"phase\", \"import_jobs\".\"attempts\", \"import_jobs\".\"next_attempt_at\", \"import_jobs\".\"locked_by\", \"import_jobs\".\"locked_until\", \"import_jobs\".\"claim_epoch\", \"import_jobs\".\"providers_observed\", \"import_jobs\".\"pin_nodes_processed\", \"import_jobs\".\"pin_bytes_processed\", \"import_jobs\".\"downloaded_bytes\", \"import_jobs\".\"download_total\", \"import_jobs\".\"ipfs_add_bytes\", \"import_jobs\".\"logical_size\", \"import_jobs\".\"entries_processed\", \"import_jobs\".\"entries_succeeded\", \"import_jobs\".\"entries_failed\", \"import_jobs\".\"decompressed_bytes\", \"import_jobs\".\"final_cid\", \"import_jobs\".\"failure_code\", \"import_jobs\".\"failure_message\", \"import_jobs\".\"created_at\", \"import_jobs\".\"updated_at\", \"import_jobs\".\"completed_at\" FROM \"import_jobs\" WHERE (\"import_jobs\".\"state\" = ? AND \"import_jobs\".\"next_attempt_at\" <= ? AND \"import_jobs\".\"locked_by\" IS NULL AND \"import_jobs\".\"locked_until\" IS NULL) OR (\"import_jobs\".\"state\" = ? AND \"import_jobs\".\"locked_until\" <= ?) ORDER BY \"import_jobs\".\"next_attempt_at\" ASC, \"import_jobs\".\"created_at\" ASC, \"import_jobs\".\"id\" ASC LIMIT ?\n" rows_affected=1 rows_returned=0 elapsed=127.305碌s elapsed_secs=0.000127305
ipfs-s3-gateway  | 2026-08-13T00:48:35.798597Z  INFO sqlx::query: summary="SELECT COUNT(*) AS num_items 鈥? db.statement="\n\nSELECT COUNT(*) AS num_items FROM (SELECT \"buckets\".\"name\", \"buckets\".\"created_at\", \"buckets\".\"owner\" FROM \"buckets\" WHERE \"buckets\".\"name\" = ?) AS \"sub_query\"\n" rows_affected=0 rows_returned=1 elapsed=180.165碌s elapsed_secs=0.000180165
ipfs-s3-gateway  | 2026-08-13T00:48:35.800055Z  INFO sqlx::query: summary="SELECT \"import_jobs\".\"id\", \"import_jobs\".\"bucket\", \"import_jobs\".\"key\", 鈥? db.statement="\n\nSELECT \"import_jobs\".\"id\", \"import_jobs\".\"bucket\", \"import_jobs\".\"key\", \"import_jobs\".\"source_type\", \"import_jobs\".\"source_value\", \"import_jobs\".\"request_fingerprint\", \"import_jobs\".\"client_token\", \"import_jobs\".\"object_content_type\", \"import_jobs\".\"metadata_json\", \"import_jobs\".\"tags_json\", \"import_jobs\".\"decompress_prefix\", \"import_jobs\".\"state\", \"import_jobs\".\"phase\", \"import_jobs\".\"attempts\", \"import_jobs\".\"next_attempt_at\", \"import_jobs\".\"locked_by\", \"import_jobs\".\"locked_until\", \"import_jobs\".\"claim_epoch\", \"import_jobs\".\"providers_observed\", \"import_jobs\".\"pin_nodes_processed\", \"import_jobs\".\"pin_bytes_processed\", \"import_jobs\".\"downloaded_bytes\", \"import_jobs\".\"download_total\", \"import_jobs\".\"ipfs_add_bytes\", \"import_jobs\".\"logical_size\", \"import_jobs\".\"entries_processed\", \"import_jobs\".\"entries_succeeded\", \"import_jobs\".\"entries_failed\", \"import_jobs\".\"decompressed_bytes\", \"import_jobs\".\"final_cid\", \"import_jobs\".\"failure_code\", \"import_jobs\".\"failure_message\", \"import_jobs\".\"created_at\", \"import_jobs\".\"updated_at\", \"import_jobs\".\"completed_at\" FROM \"import_jobs\" WHERE (\"import_jobs\".\"state\" = ? AND \"import_jobs\".\"next_attempt_at\" <= ? AND \"import_jobs\".\"locked_by\" IS NULL AND \"import_jobs\".\"locked_until\" IS NULL) OR (\"import_jobs\".\"state\" = ? AND \"import_jobs\".\"locked_until\" <= ?) ORDER BY \"import_jobs\".\"next_attempt_at\" ASC, \"import_jobs\".\"created_at\" ASC, \"import_jobs\".\"id\" ASC LIMIT ?\n" rows_affected=1 rows_returned=0 elapsed=79.671碌s elapsed_secs=7.9671e-5
ipfs-s3-gateway  | 2026-08-13T00:48:35.800907Z  INFO sqlx::query: summary="UPDATE \"buckets\" SET \"created_at\" 鈥? db.statement="\n\nUPDATE \"buckets\" SET \"created_at\" = \"created_at\" WHERE \"buckets\".\"name\" = ?\n" rows_affected=1 rows_returned=0 elapsed=102.873碌s elapsed_secs=0.000102873
ipfs-s3-gateway  | 2026-08-13T00:48:35.801208Z  INFO sqlx::query: summary="SELECT \"import_destinations\".\"bucket\", \"import_destinations\".\"key\", \"import_destinations\".\"generation\", 鈥? db.statement="\n\nSELECT \"import_destinations\".\"bucket\", \"import_destinations\".\"key\", \"import_destinations\".\"generation\", \"import_destinations\".\"owner_job_id\", \"import_destinations\".\"mutation_id\", \"import_destinations\".\"mutation_prefix\", \"import_destinations\".\"updated_at\" FROM \"import_destinations\" WHERE \"import_destinations\".\"bucket\" = ? AND \"import_destinations\".\"key\" = ? LIMIT ?\n" rows_affected=1 rows_returned=0 elapsed=47.316碌s elapsed_secs=4.7316e-5
ipfs-s3-gateway  | 2026-08-13T00:48:35.801523Z  INFO sqlx::query: summary="SELECT DISTINCT c.job_id AS 鈥? db.statement="\n\nSELECT DISTINCT c.job_id AS job_id FROM import_prefix_claims c JOIN import_jobs j ON j.id = c.job_id WHERE c.bucket = ?1 AND j.state IN ('queued', 'running') AND c.prefix = substr(?2, 1, length(c.prefix)) AND (?3 IS NULL OR c.job_id > ?3) AND (?4 IS NULL OR c.job_id <> ?4) ORDER BY c.job_id LIMIT ?5\n" rows_affected=1 rows_returned=0 elapsed=59.72碌s elapsed_secs=5.972e-5
ipfs-s3-gateway  | 2026-08-13T00:48:35.801824Z  INFO sqlx::query: summary="SELECT \"import_destinations\".\"bucket\", \"import_destinations\".\"key\", \"import_destinations\".\"generation\", 鈥? db.statement="\n\nSELECT \"import_destinations\".\"bucket\", \"import_destinations\".\"key\", \"import_destinations\".\"generation\", \"import_destinations\".\"owner_job_id\", \"import_destinations\".\"mutation_id\", \"import_destinations\".\"mutation_prefix\", \"import_destinations\".\"updated_at\" FROM \"import_destinations\" WHERE \"import_destinations\".\"bucket\" = ? AND \"import_destinations\".\"mutation_id\" IS NOT NULL ORDER BY \"import_destinations\".\"key\" ASC LIMIT ?\n" rows_affected=1 rows_returned=0 elapsed=56.519碌s elapsed_secs=5.6519e-5
ipfs-s3-gateway  | 2026-08-13T00:48:35.802145Z  INFO sqlx::query: summary="SELECT \"import_destinations\".\"bucket\", \"import_destinations\".\"key\", \"import_destinations\".\"generation\", 鈥? db.statement="\n\nSELECT \"import_destinations\".\"bucket\", \"import_destinations\".\"key\", \"import_destinations\".\"generation\", \"import_destinations\".\"owner_job_id\", \"import_destinations\".\"mutation_id\", \"import_destinations\".\"mutation_prefix\", \"import_destinations\".\"updated_at\" FROM \"import_destinations\" WHERE \"import_destinations\".\"bucket\" = ? AND \"import_destinations\".\"key\" = ? LIMIT ?\n" rows_affected=1 rows_returned=0 elapsed=52.588碌s elapsed_secs=5.2588e-5
ipfs-s3-gateway  | 2026-08-13T00:48:35.802763Z  INFO sqlx::query: summary="INSERT INTO \"import_destinations\" (\"bucket\", 鈥? db.statement="\n\nINSERT INTO \"import_destinations\" (\"bucket\", \"key\", \"generation\", \"owner_job_id\", \"mutation_id\", \"mutation_prefix\", \"updated_at\") VALUES (?, ?, ?, ?, ?, ?, ?)\n" rows_affected=1 rows_returned=0 elapsed=332.118碌s elapsed_secs=0.000332118
ipfs-s3-gateway  | 2026-08-13T00:48:35.831550Z  INFO sqlx::query: summary="UPDATE \"buckets\" SET \"created_at\" 鈥? db.statement="\n\nUPDATE \"buckets\" SET \"created_at\" = \"created_at\" WHERE \"buckets\".\"name\" = ?\n" rows_affected=1 rows_returned=0 elapsed=93.284碌s elapsed_secs=9.3284e-5
ipfs-s3-gateway  | 2026-08-13T00:48:35.831899Z  INFO sqlx::query: summary="SELECT \"import_destinations\".\"bucket\", \"import_destinations\".\"key\", \"import_destinations\".\"generation\", 鈥? db.statement="\n\nSELECT \"import_destinations\".\"bucket\", \"import_destinations\".\"key\", \"import_destinations\".\"generation\", \"import_destinations\".\"owner_job_id\", \"import_destinations\".\"mutation_id\", \"import_destinations\".\"mutation_prefix\", \"import_destinations\".\"updated_at\" FROM \"import_destinations\" WHERE \"import_destinations\".\"bucket\" = ? AND \"import_destinations\".\"key\" = ? LIMIT ?\n" rows_affected=0 rows_returned=1 elapsed=21.964碌s elapsed_secs=2.1964e-5
ipfs-s3-gateway  | 2026-08-13T00:48:35.832411Z  INFO sqlx::query: summary="SELECT \"objects\".\"id\", \"objects\".\"bucket\", \"objects\".\"key\", 鈥? db.statement="\n\nSELECT \"objects\".\"id\", \"objects\".\"bucket\", \"objects\".\"key\", \"objects\".\"cid\", \"objects\".\"size\", \"objects\".\"content_type\", \"objects\".\"etag\", \"objects\".\"metadata\", \"objects\".\"encrypted\", \"objects\".\"key_wrap\", \"objects\".\"sse_c_key_fingerprint\", \"objects\".\"multipart\", \"objects\".\"is_latest\", \"objects\".\"created_at\" FROM \"objects\" WHERE \"objects\".\"bucket\" = ? AND \"objects\".\"key\" = ? AND \"objects\".\"is_latest\" = ? LIMIT ?\n" rows_affected=1 rows_returned=0 elapsed=209.965碌s elapsed_secs=0.000209965
ipfs-s3-gateway  | 2026-08-13T00:48:35.832734Z  INFO sqlx::query: summary="SELECT \"objects\".\"id\", \"objects\".\"bucket\", \"objects\".\"key\", 鈥? db.statement="\n\nSELECT \"objects\".\"id\", \"objects\".\"bucket\", \"objects\".\"key\", \"objects\".\"cid\", \"objects\".\"size\", \"objects\".\"content_type\", \"objects\".\"etag\", \"objects\".\"metadata\", \"objects\".\"encrypted\", \"objects\".\"key_wrap\", \"objects\".\"sse_c_key_fingerprint\", \"objects\".\"multipart\", \"objects\".\"is_latest\", \"objects\".\"created_at\" FROM \"objects\" WHERE \"objects\".\"bucket\" = ? AND \"objects\".\"key\" = ? AND \"objects\".\"is_latest\" = ? LIMIT ?\n" rows_affected=1 rows_returned=0 elapsed=155.677碌s elapsed_secs=0.000155677
ipfs-s3-gateway  | 2026-08-13T00:48:35.833053Z  INFO sqlx::query: summary="UPDATE \"objects\" SET \"is_latest\" 鈥? db.statement="\n\nUPDATE \"objects\" SET \"is_latest\" = ? WHERE \"objects\".\"bucket\" = ? AND \"objects\".\"key\" = ? AND \"objects\".\"is_latest\" = ?\n" rows_affected=0 rows_returned=0 elapsed=84.167碌s elapsed_secs=8.4167e-5
ipfs-s3-gateway  | 2026-08-13T00:48:35.833318Z  INFO sqlx::query: summary="INSERT INTO \"objects\" (\"id\", 鈥? db.statement="\n\nINSERT INTO \"objects\" (\"id\", \"bucket\", \"key\", \"cid\", \"size\", \"content_type\", \"etag\", \"metadata\", \"encrypted\", \"key_wrap\", \"sse_c_key_fingerprint\", \"multipart\", \"is_latest\", \"created_at\") VALUES (?, ?, ?, ?, ?, ?, ?, ?, ?, ?, ?, ?, ?, ?)\n" rows_affected=1 rows_returned=0 elapsed=155.321碌s elapsed_secs=0.000155321
ipfs-s3-gateway  | 2026-08-13T00:48:35.833597Z  INFO sqlx::query: summary="SELECT \"objects\".\"id\", \"objects\".\"bucket\", \"objects\".\"key\", 鈥? db.statement="\n\nSELECT \"objects\".\"id\", \"objects\".\"bucket\", \"objects\".\"key\", \"objects\".\"cid\", \"objects\".\"size\", \"objects\".\"content_type\", \"objects\".\"etag\", \"objects\".\"metadata\", \"objects\".\"encrypted\", \"objects\".\"key_wrap\", \"objects\".\"sse_c_key_fingerprint\", \"objects\".\"multipart\", \"objects\".\"is_latest\", \"objects\".\"created_at\" FROM \"objects\" WHERE \"objects\".\"id\" = ? LIMIT ?\n" rows_affected=0 rows_returned=1 elapsed=16.854碌s elapsed_secs=1.6854e-5
ipfs-s3-gateway  | 2026-08-13T00:48:35.834023Z  INFO sqlx::query: summary="DELETE FROM \"object_tags\" WHERE 鈥? db.statement="\n\nDELETE FROM \"object_tags\" WHERE \"object_tags\".\"object_id\" = ?\n" rows_affected=0 rows_returned=0 elapsed=53.872碌s elapsed_secs=5.3872e-5
ipfs-s3-gateway  | 2026-08-13T00:48:35.834375Z  INFO sqlx::query: summary="UPDATE \"import_destinations\" SET \"mutation_id\" 鈥? db.statement="\n\nUPDATE \"import_destinations\" SET \"mutation_id\" = ?, \"mutation_prefix\" = ?, \"updated_at\" = ? WHERE \"import_destinations\".\"bucket\" = ? AND \"import_destinations\".\"key\" = ? AND \"import_destinations\".\"generation\" = ? AND \"import_destinations\".\"owner_job_id\" IS NULL AND \"import_destinations\".\"mutation_id\" = ?\n" rows_affected=1 rows_returned=0 elapsed=119.504碌s elapsed_secs=0.000119504
ipfs-s3-gateway  | 2026-08-13T00:48:36.299948Z  INFO sqlx::query: summary="SELECT \"pin_leases\".\"id\", \"pin_leases\".\"owner_object_id\", \"pin_leases\".\"source\", 鈥? db.statement="\n\nSELECT \"pin_leases\".\"id\", \"pin_leases\".\"owner_object_id\", \"pin_leases\".\"source\", \"pin_leases\".\"policy_id\", \"pin_leases\".\"provider_mode\", \"pin_leases\".\"content_mode\", \"pin_leases\".\"created_at\", \"pin_leases\".\"last_touched_at\", \"pin_leases\".\"expires_at\", \"pin_leases\".\"generation\", \"pin_leases\".\"state\" FROM \"pin_leases\" WHERE \"pin_leases\".\"state\" = ? AND \"pin_leases\".\"expires_at\" <= ? ORDER BY \"pin_leases\".\"expires_at\" ASC, \"pin_leases\".\"id\" ASC\n" rows_affected=1 rows_returned=0 elapsed=206.564碌s elapsed_secs=0.000206564
ipfs-s3-gateway  | 2026-08-13T00:48:36.301574Z  INFO sqlx::query: summary="SELECT \"import_jobs\".\"id\", \"import_jobs\".\"bucket\", \"import_jobs\".\"key\", 鈥? db.statement="\n\nSELECT \"import_jobs\".\"id\", \"import_jobs\".\"bucket\", \"import_jobs\".\"key\", \"import_jobs\".\"source_type\", \"import_jobs\".\"source_value\", \"import_jobs\".\"request_fingerprint\", \"import_jobs\".\"client_token\", \"import_jobs\".\"object_content_type\", \"import_jobs\".\"metadata_json\", \"import_jobs\".\"tags_json\", \"import_jobs\".\"decompress_prefix\", \"import_jobs\".\"state\", \"import_jobs\".\"phase\", \"import_jobs\".\"attempts\", \"import_jobs\".\"next_attempt_at\", \"import_jobs\".\"locked_by\", \"import_jobs\".\"locked_until\", \"import_jobs\".\"claim_epoch\", \"import_jobs\".\"providers_observed\", \"import_jobs\".\"pin_nodes_processed\", \"import_jobs\".\"pin_bytes_processed\", \"import_jobs\".\"downloaded_bytes\", \"import_jobs\".\"download_total\", \"import_jobs\".\"ipfs_add_bytes\", \"import_jobs\".\"logical_size\", \"import_jobs\".\"entries_processed\", \"import_jobs\".\"entries_succeeded\", \"import_jobs\".\"entries_failed\", \"import_jobs\".\"decompressed_bytes\", \"import_jobs\".\"final_cid\", \"import_jobs\".\"failure_code\", \"import_jobs\".\"failure_message\", \"import_jobs\".\"created_at\", \"import_jobs\".\"updated_at\", \"import_jobs\".\"completed_at\" FROM \"import_jobs\" WHERE (\"import_jobs\".\"state\" = ? AND \"import_jobs\".\"next_attempt_at\" <= ? AND \"import_jobs\".\"locked_by\" IS NULL AND \"import_jobs\".\"locked_until\" IS NULL) OR (\"import_jobs\".\"state\" = ? AND \"import_jobs\".\"locked_until\" <= ?) ORDER BY \"import_jobs\".\"next_attempt_at\" ASC, \"import_jobs\".\"created_at\" ASC, \"import_jobs\".\"id\" ASC LIMIT ?\n" rows_affected=1 rows_returned=0 elapsed=209.66碌s elapsed_secs=0.00020966
ipfs-s3-gateway  | 2026-08-13T00:48:36.302735Z  INFO sqlx::query: summary="SELECT \"pin_lease_targets\".\"id\", \"pin_lease_targets\".\"lease_id\", \"pin_lease_targets\".\"cid\", 鈥? db.statement="\n\nSELECT \"pin_lease_targets\".\"id\", \"pin_lease_targets\".\"lease_id\", \"pin_lease_targets\".\"cid\", \"pin_lease_targets\".\"logical_size\", \"pin_lease_targets\".\"provider\", \"pin_lease_targets\".\"state\", \"pin_lease_targets\".\"created_at\", \"pin_lease_targets\".\"last_touched_at\" FROM \"pin_lease_targets\" WHERE \"pin_lease_targets\".\"state\" = ? ORDER BY \"pin_lease_targets\".\"created_at\" ASC, \"pin_lease_targets\".\"id\" ASC\n" rows_affected=1 rows_returned=0 elapsed=80.498碌s elapsed_secs=8.0498e-5
ipfs-s3-gateway  | 2026-08-13T00:48:36.303685Z  INFO sqlx::query: summary="SELECT \"pin_jobs\".\"provider\" FROM \"pin_jobs\" 鈥? db.statement="\n\nSELECT \"pin_jobs\".\"provider\" FROM \"pin_jobs\" WHERE (\"pin_jobs\".\"state\" = ? AND \"pin_jobs\".\"next_attempt_at\" <= ? AND \"pin_jobs\".\"locked_until\" IS NULL) OR (\"pin_jobs\".\"state\" = ? AND \"pin_jobs\".\"locked_until\" < ?) GROUP BY \"pin_jobs\".\"provider\"\n" rows_affected=1 rows_returned=0 elapsed=62.487碌s elapsed_secs=6.2487e-5
ipfs-s3-gateway  | 2026-08-13T00:48:36.800236Z  INFO sqlx::query: summary="SELECT \"import_jobs\".\"id\", \"import_jobs\".\"bucket\", \"import_jobs\".\"key\", 鈥? db.statement="\n\nSELECT \"import_jobs\".\"id\", \"import_jobs\".\"bucket\", \"import_jobs\".\"key\", \"import_jobs\".\"source_type\", \"import_jobs\".\"source_value\", \"import_jobs\".\"request_fingerprint\", \"import_jobs\".\"client_token\", \"import_jobs\".\"object_content_type\", \"import_jobs\".\"metadata_json\", \"import_jobs\".\"tags_json\", \"import_jobs\".\"decompress_prefix\", \"import_jobs\".\"state\", \"import_jobs\".\"phase\", \"import_jobs\".\"attempts\", \"import_jobs\".\"next_attempt_at\", \"import_jobs\".\"locked_by\", \"import_jobs\".\"locked_until\", \"import_jobs\".\"claim_epoch\", \"import_jobs\".\"providers_observed\", \"import_jobs\".\"pin_nodes_processed\", \"import_jobs\".\"pin_bytes_processed\", \"import_jobs\".\"downloaded_bytes\", \"import_jobs\".\"download_total\", \"import_jobs\".\"ipfs_add_bytes\", \"import_jobs\".\"logical_size\", \"import_jobs\".\"entries_processed\", \"import_jobs\".\"entries_succeeded\", \"import_jobs\".\"entries_failed\", \"import_jobs\".\"decompressed_bytes\", \"import_jobs\".\"final_cid\", \"import_jobs\".\"failure_code\", \"import_jobs\".\"failure_message\", \"import_jobs\".\"created_at\", \"import_jobs\".\"updated_at\", \"import_jobs\".\"completed_at\" FROM \"import_jobs\" WHERE (\"import_jobs\".\"state\" = ? AND \"import_jobs\".\"next_attempt_at\" <= ? AND \"import_jobs\".\"locked_by\" IS NULL AND \"import_jobs\".\"locked_until\" IS NULL) OR (\"import_jobs\".\"state\" = ? AND \"import_jobs\".\"locked_until\" <= ?) ORDER BY \"import_jobs\".\"next_attempt_at\" ASC, \"import_jobs\".\"created_at\" ASC, \"import_jobs\".\"id\" ASC LIMIT ?\n" rows_affected=1 rows_returned=0 elapsed=227.783碌s elapsed_secs=0.000227783
ipfs-s3-gateway  | 2026-08-13T00:48:37.299183Z  INFO sqlx::query: summary="SELECT \"import_jobs\".\"id\", \"import_jobs\".\"bucket\", \"import_jobs\".\"key\", 鈥? db.statement="\n\nSELECT \"import_jobs\".\"id\", \"import_jobs\".\"bucket\", \"import_jobs\".\"key\", \"import_jobs\".\"source_type\", \"import_jobs\".\"source_value\", \"import_jobs\".\"request_fingerprint\", \"import_jobs\".\"client_token\", \"import_jobs\".\"object_content_type\", \"import_jobs\".\"metadata_json\", \"import_jobs\".\"tags_json\", \"import_jobs\".\"decompress_prefix\", \"import_jobs\".\"state\", \"import_jobs\".\"phase\", \"import_jobs\".\"attempts\", \"import_jobs\".\"next_attempt_at\", \"import_jobs\".\"locked_by\", \"import_jobs\".\"locked_until\", \"import_jobs\".\"claim_epoch\", \"import_jobs\".\"providers_observed\", \"import_jobs\".\"pin_nodes_processed\", \"import_jobs\".\"pin_bytes_processed\", \"import_jobs\".\"downloaded_bytes\", \"import_jobs\".\"download_total\", \"import_jobs\".\"ipfs_add_bytes\", \"import_jobs\".\"logical_size\", \"import_jobs\".\"entries_processed\", \"import_jobs\".\"entries_succeeded\", \"import_jobs\".\"entries_failed\", \"import_jobs\".\"decompressed_bytes\", \"import_jobs\".\"final_cid\", \"import_jobs\".\"failure_code\", \"import_jobs\".\"failure_message\", \"import_jobs\".\"created_at\", \"import_jobs\".\"updated_at\", \"import_jobs\".\"completed_at\" FROM \"import_jobs\" WHERE (\"import_jobs\".\"state\" = ? AND \"import_jobs\".\"next_attempt_at\" <= ? AND \"import_jobs\".\"locked_by\" IS NULL AND \"import_jobs\".\"locked_until\" IS NULL) OR (\"import_jobs\".\"state\" = ? AND \"import_jobs\".\"locked_until\" <= ?) ORDER BY \"import_jobs\".\"next_attempt_at\" ASC, \"import_jobs\".\"created_at\" ASC, \"import_jobs\".\"id\" ASC LIMIT ?\n" rows_affected=1 rows_returned=0 elapsed=86.06碌s elapsed_secs=8.606e-5
ipfs-s3-gateway  | 2026-08-13T00:48:37.680843Z  INFO sqlx::query: summary="SELECT COUNT(*) AS num_items 鈥? db.statement="\n\nSELECT COUNT(*) AS num_items FROM (SELECT \"buckets\".\"name\", \"buckets\".\"created_at\", \"buckets\".\"owner\" FROM \"buckets\" WHERE \"buckets\".\"name\" = ?) AS \"sub_query\"\n" rows_affected=0 rows_returned=1 elapsed=77.053碌s elapsed_secs=7.7053e-5
ipfs-s3-gateway  | 2026-08-13T00:48:37.681611Z  INFO sqlx::query: summary="UPDATE \"buckets\" SET \"created_at\" 鈥? db.statement="\n\nUPDATE \"buckets\" SET \"created_at\" = \"created_at\" WHERE \"buckets\".\"name\" = ?\n" rows_affected=1 rows_returned=0 elapsed=60.471碌s elapsed_secs=6.0471e-5
ipfs-s3-gateway  | 2026-08-13T00:48:37.681732Z  INFO sqlx::query: summary="SELECT \"import_destinations\".\"bucket\", \"import_destinations\".\"key\", \"import_destinations\".\"generation\", 鈥? db.statement="\n\nSELECT \"import_destinations\".\"bucket\", \"import_destinations\".\"key\", \"import_destinations\".\"generation\", \"import_destinations\".\"owner_job_id\", \"import_destinations\".\"mutation_id\", \"import_destinations\".\"mutation_prefix\", \"import_destinations\".\"updated_at\" FROM \"import_destinations\" WHERE \"import_destinations\".\"bucket\" = ? AND \"import_destinations\".\"key\" = ? LIMIT ?\n" rows_affected=1 rows_returned=0 elapsed=20.831碌s elapsed_secs=2.0831e-5
ipfs-s3-gateway  | 2026-08-13T00:48:37.681841Z  INFO sqlx::query: summary="SELECT DISTINCT c.job_id AS 鈥? db.statement="\n\nSELECT DISTINCT c.job_id AS job_id FROM import_prefix_claims c JOIN import_jobs j ON j.id = c.job_id WHERE c.bucket = ?1 AND j.state IN ('queued', 'running') AND c.prefix = substr(?2, 1, length(c.prefix)) AND (?3 IS NULL OR c.job_id > ?3) AND (?4 IS NULL OR c.job_id <> ?4) ORDER BY c.job_id LIMIT ?5\n" rows_affected=1 rows_returned=0 elapsed=43.82碌s elapsed_secs=4.382e-5
ipfs-s3-gateway  | 2026-08-13T00:48:37.682033Z  INFO sqlx::query: summary="SELECT \"import_destinations\".\"bucket\", \"import_destinations\".\"key\", \"import_destinations\".\"generation\", 鈥? db.statement="\n\nSELECT \"import_destinations\".\"bucket\", \"import_destinations\".\"key\", \"import_destinations\".\"generation\", \"import_destinations\".\"owner_job_id\", \"import_destinations\".\"mutation_id\", \"import_destinations\".\"mutation_prefix\", \"import_destinations\".\"updated_at\" FROM \"import_destinations\" WHERE \"import_destinations\".\"bucket\" = ? AND \"import_destinations\".\"mutation_id\" IS NOT NULL ORDER BY \"import_destinations\".\"key\" ASC LIMIT ?\n" rows_affected=1 rows_returned=0 elapsed=6.701碌s elapsed_secs=6.701e-6
ipfs-s3-gateway  | 2026-08-13T00:48:37.682257Z  INFO sqlx::query: summary="SELECT \"import_destinations\".\"bucket\", \"import_destinations\".\"key\", \"import_destinations\".\"generation\", 鈥? db.statement="\n\nSELECT \"import_destinations\".\"bucket\", \"import_destinations\".\"key\", \"import_destinations\".\"generation\", \"import_destinations\".\"owner_job_id\", \"import_destinations\".\"mutation_id\", \"import_destinations\".\"mutation_prefix\", \"import_destinations\".\"updated_at\" FROM \"import_destinations\" WHERE \"import_destinations\".\"bucket\" = ? AND \"import_destinations\".\"key\" = ? LIMIT ?\n" rows_affected=1 rows_returned=0 elapsed=50.528碌s elapsed_secs=5.0528e-5
ipfs-s3-gateway  | 2026-08-13T00:48:37.682662Z  INFO sqlx::query: summary="INSERT INTO \"import_destinations\" (\"bucket\", 鈥? db.statement="\n\nINSERT INTO \"import_destinations\" (\"bucket\", \"key\", \"generation\", \"owner_job_id\", \"mutation_id\", \"mutation_prefix\", \"updated_at\") VALUES (?, ?, ?, ?, ?, ?, ?)\n" rows_affected=1 rows_returned=0 elapsed=226.057碌s elapsed_secs=0.000226057
ipfs-s3-gateway  | 2026-08-13T00:48:37.710048Z  INFO sqlx::query: summary="UPDATE \"buckets\" SET \"created_at\" 鈥? db.statement="\n\nUPDATE \"buckets\" SET \"created_at\" = \"created_at\" WHERE \"buckets\".\"name\" = ?\n" rows_affected=1 rows_returned=0 elapsed=210.987碌s elapsed_secs=0.000210987
ipfs-s3-gateway  | 2026-08-13T00:48:37.710394Z  INFO sqlx::query: summary="SELECT \"import_destinations\".\"bucket\", \"import_destinations\".\"key\", \"import_destinations\".\"generation\", 鈥? db.statement="\n\nSELECT \"import_destinations\".\"bucket\", \"import_destinations\".\"key\", \"import_destinations\".\"generation\", \"import_destinations\".\"owner_job_id\", \"import_destinations\".\"mutation_id\", \"import_destinations\".\"mutation_prefix\", \"import_destinations\".\"updated_at\" FROM \"import_destinations\" WHERE \"import_destinations\".\"bucket\" = ? AND \"import_destinations\".\"key\" = ? LIMIT ?\n" rows_affected=0 rows_returned=1 elapsed=30.987碌s elapsed_secs=3.0987e-5
ipfs-s3-gateway  | 2026-08-13T00:48:37.710949Z  INFO sqlx::query: summary="SELECT \"objects\".\"id\", \"objects\".\"bucket\", \"objects\".\"key\", 鈥? db.statement="\n\nSELECT \"objects\".\"id\", \"objects\".\"bucket\", \"objects\".\"key\", \"objects\".\"cid\", \"objects\".\"size\", \"objects\".\"content_type\", \"objects\".\"etag\", \"objects\".\"metadata\", \"objects\".\"encrypted\", \"objects\".\"key_wrap\", \"objects\".\"sse_c_key_fingerprint\", \"objects\".\"multipart\", \"objects\".\"is_latest\", \"objects\".\"created_at\" FROM \"objects\" WHERE \"objects\".\"bucket\" = ? AND \"objects\".\"key\" = ? AND \"objects\".\"is_latest\" = ? LIMIT ?\n" rows_affected=1 rows_returned=0 elapsed=145.267碌s elapsed_secs=0.000145267
ipfs-s3-gateway  | 2026-08-13T00:48:37.711188Z  INFO sqlx::query: summary="SELECT \"objects\".\"id\", \"objects\".\"bucket\", \"objects\".\"key\", 鈥? db.statement="\n\nSELECT \"objects\".\"id\", \"objects\".\"bucket\", \"objects\".\"key\", \"objects\".\"cid\", \"objects\".\"size\", \"objects\".\"content_type\", \"objects\".\"etag\", \"objects\".\"metadata\", \"objects\".\"encrypted\", \"objects\".\"key_wrap\", \"objects\".\"sse_c_key_fingerprint\", \"objects\".\"multipart\", \"objects\".\"is_latest\", \"objects\".\"created_at\" FROM \"objects\" WHERE \"objects\".\"bucket\" = ? AND \"objects\".\"key\" = ? AND \"objects\".\"is_latest\" = ? LIMIT ?\n" rows_affected=1 rows_returned=0 elapsed=94.931碌s elapsed_secs=9.4931e-5
ipfs-s3-gateway  | 2026-08-13T00:48:37.711569Z  INFO sqlx::query: summary="UPDATE \"objects\" SET \"is_latest\" 鈥? db.statement="\n\nUPDATE \"objects\" SET \"is_latest\" = ? WHERE \"objects\".\"bucket\" = ? AND \"objects\".\"key\" = ? AND \"objects\".\"is_latest\" = ?\n" rows_affected=0 rows_returned=0 elapsed=162.968碌s elapsed_secs=0.000162968
ipfs-s3-gateway  | 2026-08-13T00:48:37.712422Z  INFO sqlx::query: summary="INSERT INTO \"objects\" (\"id\", 鈥? db.statement="\n\nINSERT INTO \"objects\" (\"id\", \"bucket\", \"key\", \"cid\", \"size\", \"content_type\", \"etag\", \"metadata\", \"encrypted\", \"key_wrap\", \"sse_c_key_fingerprint\", \"multipart\", \"is_latest\", \"created_at\") VALUES (?, ?, ?, ?, ?, ?, ?, ?, ?, ?, ?, ?, ?, ?)\n" rows_affected=1 rows_returned=0 elapsed=500.639碌s elapsed_secs=0.000500639
ipfs-s3-gateway  | 2026-08-13T00:48:37.712736Z  INFO sqlx::query: summary="SELECT \"objects\".\"id\", \"objects\".\"bucket\", \"objects\".\"key\", 鈥? db.statement="\n\nSELECT \"objects\".\"id\", \"objects\".\"bucket\", \"objects\".\"key\", \"objects\".\"cid\", \"objects\".\"size\", \"objects\".\"content_type\", \"objects\".\"etag\", \"objects\".\"metadata\", \"objects\".\"encrypted\", \"objects\".\"key_wrap\", \"objects\".\"sse_c_key_fingerprint\", \"objects\".\"multipart\", \"objects\".\"is_latest\", \"objects\".\"created_at\" FROM \"objects\" WHERE \"objects\".\"id\" = ? LIMIT ?\n" rows_affected=0 rows_returned=1 elapsed=19.683碌s elapsed_secs=1.9683e-5
ipfs-s3-gateway  | 2026-08-13T00:48:37.713122Z  INFO sqlx::query: summary="DELETE FROM \"object_tags\" WHERE 鈥? db.statement="\n\nDELETE FROM \"object_tags\" WHERE \"object_tags\".\"object_id\" = ?\n" rows_affected=0 rows_returned=0 elapsed=50.083碌s elapsed_secs=5.0083e-5
ipfs-s3-gateway  | 2026-08-13T00:48:37.713636Z  INFO sqlx::query: summary="UPDATE \"import_destinations\" SET \"mutation_id\" 鈥? db.statement="\n\nUPDATE \"import_destinations\" SET \"mutation_id\" = ?, \"mutation_prefix\" = ?, \"updated_at\" = ? WHERE \"import_destinations\".\"bucket\" = ? AND \"import_destinations\".\"key\" = ? AND \"import_destinations\".\"generation\" = ? AND \"import_destinations\".\"owner_job_id\" IS NULL AND \"import_destinations\".\"mutation_id\" = ?\n" rows_affected=1 rows_returned=0 elapsed=141.953碌s elapsed_secs=0.000141953
ipfs-s3-gateway  | 2026-08-13T00:48:37.800343Z  INFO sqlx::query: summary="SELECT \"import_jobs\".\"id\", \"import_jobs\".\"bucket\", \"import_jobs\".\"key\", 鈥? db.statement="\n\nSELECT \"import_jobs\".\"id\", \"import_jobs\".\"bucket\", \"import_jobs\".\"key\", \"import_jobs\".\"source_type\", \"import_jobs\".\"source_value\", \"import_jobs\".\"request_fingerprint\", \"import_jobs\".\"client_token\", \"import_jobs\".\"object_content_type\", \"import_jobs\".\"metadata_json\", \"import_jobs\".\"tags_json\", \"import_jobs\".\"decompress_prefix\", \"import_jobs\".\"state\", \"import_jobs\".\"phase\", \"import_jobs\".\"attempts\", \"import_jobs\".\"next_attempt_at\", \"import_jobs\".\"locked_by\", \"import_jobs\".\"locked_until\", \"import_jobs\".\"claim_epoch\", \"import_jobs\".\"providers_observed\", \"import_jobs\".\"pin_nodes_processed\", \"import_jobs\".\"pin_bytes_processed\", \"import_jobs\".\"downloaded_bytes\", \"import_jobs\".\"download_total\", \"import_jobs\".\"ipfs_add_bytes\", \"import_jobs\".\"logical_size\", \"import_jobs\".\"entries_processed\", \"import_jobs\".\"entries_succeeded\", \"import_jobs\".\"entries_failed\", \"import_jobs\".\"decompressed_bytes\", \"import_jobs\".\"final_cid\", \"import_jobs\".\"failure_code\", \"import_jobs\".\"failure_message\", \"import_jobs\".\"created_at\", \"import_jobs\".\"updated_at\", \"import_jobs\".\"completed_at\" FROM \"import_jobs\" WHERE (\"import_jobs\".\"state\" = ? AND \"import_jobs\".\"next_attempt_at\" <= ? AND \"import_jobs\".\"locked_by\" IS NULL AND \"import_jobs\".\"locked_until\" IS NULL) OR (\"import_jobs\".\"state\" = ? AND \"import_jobs\".\"locked_until\" <= ?) ORDER BY \"import_jobs\".\"next_attempt_at\" ASC, \"import_jobs\".\"created_at\" ASC, \"import_jobs\".\"id\" ASC LIMIT ?\n" rows_affected=1 rows_returned=0 elapsed=184.144碌s elapsed_secs=0.000184144
ipfs-s3-gateway  | 2026-08-13T00:48:38.299296Z  INFO sqlx::query: summary="SELECT \"import_jobs\".\"id\", \"import_jobs\".\"bucket\", \"import_jobs\".\"key\", 鈥? db.statement="\n\nSELECT \"import_jobs\".\"id\", \"import_jobs\".\"bucket\", \"import_jobs\".\"key\", \"import_jobs\".\"source_type\", \"import_jobs\".\"source_value\", \"import_jobs\".\"request_fingerprint\", \"import_jobs\".\"client_token\", \"import_jobs\".\"object_content_type\", \"import_jobs\".\"metadata_json\", \"import_jobs\".\"tags_json\", \"import_jobs\".\"decompress_prefix\", \"import_jobs\".\"state\", \"import_jobs\".\"phase\", \"import_jobs\".\"attempts\", \"import_jobs\".\"next_attempt_at\", \"import_jobs\".\"locked_by\", \"import_jobs\".\"locked_until\", \"import_jobs\".\"claim_epoch\", \"import_jobs\".\"providers_observed\", \"import_jobs\".\"pin_nodes_processed\", \"import_jobs\".\"pin_bytes_processed\", \"import_jobs\".\"downloaded_bytes\", \"import_jobs\".\"download_total\", \"import_jobs\".\"ipfs_add_bytes\", \"import_jobs\".\"logical_size\", \"import_jobs\".\"entries_processed\", \"import_jobs\".\"entries_succeeded\", \"import_jobs\".\"entries_failed\", \"import_jobs\".\"decompressed_bytes\", \"import_jobs\".\"final_cid\", \"import_jobs\".\"failure_code\", \"import_jobs\".\"failure_message\", \"import_jobs\".\"created_at\", \"import_jobs\".\"updated_at\", \"import_jobs\".\"completed_at\" FROM \"import_jobs\" WHERE (\"import_jobs\".\"state\" = ? AND \"import_jobs\".\"next_attempt_at\" <= ? AND \"import_jobs\".\"locked_by\" IS NULL AND \"import_jobs\".\"locked_until\" IS NULL) OR (\"import_jobs\".\"state\" = ? AND \"import_jobs\".\"locked_until\" <= ?) ORDER BY \"import_jobs\".\"next_attempt_at\" ASC, \"import_jobs\".\"created_at\" ASC, \"import_jobs\".\"id\" ASC LIMIT ?\n" rows_affected=1 rows_returned=0 elapsed=81.177碌s elapsed_secs=8.1177e-5
ipfs-s3-gateway  | 2026-08-13T00:48:38.799424Z  INFO sqlx::query: summary="SELECT \"import_jobs\".\"id\", \"import_jobs\".\"bucket\", \"import_jobs\".\"key\", 鈥? db.statement="\n\nSELECT \"import_jobs\".\"id\", \"import_jobs\".\"bucket\", \"import_jobs\".\"key\", \"import_jobs\".\"source_type\", \"import_jobs\".\"source_value\", \"import_jobs\".\"request_fingerprint\", \"import_jobs\".\"client_token\", \"import_jobs\".\"object_content_type\", \"import_jobs\".\"metadata_json\", \"import_jobs\".\"tags_json\", \"import_jobs\".\"decompress_prefix\", \"import_jobs\".\"state\", \"import_jobs\".\"phase\", \"import_jobs\".\"attempts\", \"import_jobs\".\"next_attempt_at\", \"import_jobs\".\"locked_by\", \"import_jobs\".\"locked_until\", \"import_jobs\".\"claim_epoch\", \"import_jobs\".\"providers_observed\", \"import_jobs\".\"pin_nodes_processed\", \"import_jobs\".\"pin_bytes_processed\", \"import_jobs\".\"downloaded_bytes\", \"import_jobs\".\"download_total\", \"import_jobs\".\"ipfs_add_bytes\", \"import_jobs\".\"logical_size\", \"import_jobs\".\"entries_processed\", \"import_jobs\".\"entries_succeeded\", \"import_jobs\".\"entries_failed\", \"import_jobs\".\"decompressed_bytes\", \"import_jobs\".\"final_cid\", \"import_jobs\".\"failure_code\", \"import_jobs\".\"failure_message\", \"import_jobs\".\"created_at\", \"import_jobs\".\"updated_at\", \"import_jobs\".\"completed_at\" FROM \"import_jobs\" WHERE (\"import_jobs\".\"state\" = ? AND \"import_jobs\".\"next_attempt_at\" <= ? AND \"import_jobs\".\"locked_by\" IS NULL AND \"import_jobs\".\"locked_until\" IS NULL) OR (\"import_jobs\".\"state\" = ? AND \"import_jobs\".\"locked_until\" <= ?) ORDER BY \"import_jobs\".\"next_attempt_at\" ASC, \"import_jobs\".\"created_at\" ASC, \"import_jobs\".\"id\" ASC LIMIT ?\n" rows_affected=1 rows_returned=0 elapsed=99.849碌s elapsed_secs=9.9849e-5
ipfs-s3-gateway  | 2026-08-13T00:48:39.299609Z  INFO sqlx::query: summary="SELECT \"import_jobs\".\"id\", \"import_jobs\".\"bucket\", \"import_jobs\".\"key\", 鈥? db.statement="\n\nSELECT \"import_jobs\".\"id\", \"import_jobs\".\"bucket\", \"import_jobs\".\"key\", \"import_jobs\".\"source_type\", \"import_jobs\".\"source_value\", \"import_jobs\".\"request_fingerprint\", \"import_jobs\".\"client_token\", \"import_jobs\".\"object_content_type\", \"import_jobs\".\"metadata_json\", \"import_jobs\".\"tags_json\", \"import_jobs\".\"decompress_prefix\", \"import_jobs\".\"state\", \"import_jobs\".\"phase\", \"import_jobs\".\"attempts\", \"import_jobs\".\"next_attempt_at\", \"import_jobs\".\"locked_by\", \"import_jobs\".\"locked_until\", \"import_jobs\".\"claim_epoch\", \"import_jobs\".\"providers_observed\", \"import_jobs\".\"pin_nodes_processed\", \"import_jobs\".\"pin_bytes_processed\", \"import_jobs\".\"downloaded_bytes\", \"import_jobs\".\"download_total\", \"import_jobs\".\"ipfs_add_bytes\", \"import_jobs\".\"logical_size\", \"import_jobs\".\"entries_processed\", \"import_jobs\".\"entries_succeeded\", \"import_jobs\".\"entries_failed\", \"import_jobs\".\"decompressed_bytes\", \"import_jobs\".\"final_cid\", \"import_jobs\".\"failure_code\", \"import_jobs\".\"failure_message\", \"import_jobs\".\"created_at\", \"import_jobs\".\"updated_at\", \"import_jobs\".\"completed_at\" FROM \"import_jobs\" WHERE (\"import_jobs\".\"state\" = ? AND \"import_jobs\".\"next_attempt_at\" <= ? AND \"import_jobs\".\"locked_by\" IS NULL AND \"import_jobs\".\"locked_until\" IS NULL) OR (\"import_jobs\".\"state\" = ? AND \"import_jobs\".\"locked_until\" <= ?) ORDER BY \"import_jobs\".\"next_attempt_at\" ASC, \"import_jobs\".\"created_at\" ASC, \"import_jobs\".\"id\" ASC LIMIT ?\n" rows_affected=1 rows_returned=0 elapsed=90.078碌s elapsed_secs=9.0078e-5
ipfs-s3-gateway  | 2026-08-13T00:48:39.505614Z  INFO sqlx::query: summary="SELECT COUNT(*) AS num_items 鈥? db.statement="\n\nSELECT COUNT(*) AS num_items FROM (SELECT \"buckets\".\"name\", \"buckets\".\"created_at\", \"buckets\".\"owner\" FROM \"buckets\" WHERE \"buckets\".\"name\" = ?) AS \"sub_query\"\n" rows_affected=0 rows_returned=1 elapsed=62.585碌s elapsed_secs=6.2585e-5
ipfs-s3-gateway  | 2026-08-13T00:48:39.506574Z  INFO sqlx::query: summary="UPDATE \"buckets\" SET \"created_at\" 鈥? db.statement="\n\nUPDATE \"buckets\" SET \"created_at\" = \"created_at\" WHERE \"buckets\".\"name\" = ?\n" rows_affected=1 rows_returned=0 elapsed=77.37碌s elapsed_secs=7.737e-5
ipfs-s3-gateway  | 2026-08-13T00:48:39.506818Z  INFO sqlx::query: summary="SELECT \"import_destinations\".\"bucket\", \"import_destinations\".\"key\", \"import_destinations\".\"generation\", 鈥? db.statement="\n\nSELECT \"import_destinations\".\"bucket\", \"import_destinations\".\"key\", \"import_destinations\".\"generation\", \"import_destinations\".\"owner_job_id\", \"import_destinations\".\"mutation_id\", \"import_destinations\".\"mutation_prefix\", \"import_destinations\".\"updated_at\" FROM \"import_destinations\" WHERE \"import_destinations\".\"bucket\" = ? AND \"import_destinations\".\"key\" = ? LIMIT ?\n" rows_affected=1 rows_returned=0 elapsed=28.852碌s elapsed_secs=2.8852e-5
ipfs-s3-gateway  | 2026-08-13T00:48:39.507122Z  INFO sqlx::query: summary="SELECT DISTINCT c.job_id AS 鈥? db.statement="\n\nSELECT DISTINCT c.job_id AS job_id FROM import_prefix_claims c JOIN import_jobs j ON j.id = c.job_id WHERE c.bucket = ?1 AND j.state IN ('queued', 'running') AND c.prefix = substr(?2, 1, length(c.prefix)) AND (?3 IS NULL OR c.job_id > ?3) AND (?4 IS NULL OR c.job_id <> ?4) ORDER BY c.job_id LIMIT ?5\n" rows_affected=1 rows_returned=0 elapsed=101.508碌s elapsed_secs=0.000101508
ipfs-s3-gateway  | 2026-08-13T00:48:39.507530Z  INFO sqlx::query: summary="SELECT \"import_destinations\".\"bucket\", \"import_destinations\".\"key\", \"import_destinations\".\"generation\", 鈥? db.statement="\n\nSELECT \"import_destinations\".\"bucket\", \"import_destinations\".\"key\", \"import_destinations\".\"generation\", \"import_destinations\".\"owner_job_id\", \"import_destinations\".\"mutation_id\", \"import_destinations\".\"mutation_prefix\", \"import_destinations\".\"updated_at\" FROM \"import_destinations\" WHERE \"import_destinations\".\"bucket\" = ? AND \"import_destinations\".\"mutation_id\" IS NOT NULL ORDER BY \"import_destinations\".\"key\" ASC LIMIT ?\n" rows_affected=1 rows_returned=0 elapsed=90.863碌s elapsed_secs=9.0863e-5
ipfs-s3-gateway  | 2026-08-13T00:48:39.507759Z  INFO sqlx::query: summary="SELECT \"import_destinations\".\"bucket\", \"import_destinations\".\"key\", \"import_destinations\".\"generation\", 鈥? db.statement="\n\nSELECT \"import_destinations\".\"bucket\", \"import_destinations\".\"key\", \"import_destinations\".\"generation\", \"import_destinations\".\"owner_job_id\", \"import_destinations\".\"mutation_id\", \"import_destinations\".\"mutation_prefix\", \"import_destinations\".\"updated_at\" FROM \"import_destinations\" WHERE \"import_destinations\".\"bucket\" = ? AND \"import_destinations\".\"key\" = ? LIMIT ?\n" rows_affected=1 rows_returned=0 elapsed=9.771碌s elapsed_secs=9.771e-6
ipfs-s3-gateway  | 2026-08-13T00:48:39.508437Z  INFO sqlx::query: summary="INSERT INTO \"import_destinations\" (\"bucket\", 鈥? db.statement="\n\nINSERT INTO \"import_destinations\" (\"bucket\", \"key\", \"generation\", \"owner_job_id\", \"mutation_id\", \"mutation_prefix\", \"updated_at\") VALUES (?, ?, ?, ?, ?, ?, ?)\n" rows_affected=1 rows_returned=0 elapsed=418.008碌s elapsed_secs=0.000418008
ipfs-s3-gateway  | 2026-08-13T00:48:39.532578Z  INFO sqlx::query: summary="UPDATE \"buckets\" SET \"created_at\" 鈥? db.statement="\n\nUPDATE \"buckets\" SET \"created_at\" = \"created_at\" WHERE \"buckets\".\"name\" = ?\n" rows_affected=1 rows_returned=0 elapsed=76.512碌s elapsed_secs=7.6512e-5
ipfs-s3-gateway  | 2026-08-13T00:48:39.533016Z  INFO sqlx::query: summary="SELECT \"import_destinations\".\"bucket\", \"import_destinations\".\"key\", \"import_destinations\".\"generation\", 鈥? db.statement="\n\nSELECT \"import_destinations\".\"bucket\", \"import_destinations\".\"key\", \"import_destinations\".\"generation\", \"import_destinations\".\"owner_job_id\", \"import_destinations\".\"mutation_id\", \"import_destinations\".\"mutation_prefix\", \"import_destinations\".\"updated_at\" FROM \"import_destinations\" WHERE \"import_destinations\".\"bucket\" = ? AND \"import_destinations\".\"key\" = ? LIMIT ?\n" rows_affected=0 rows_returned=1 elapsed=26.248碌s elapsed_secs=2.6248e-5
ipfs-s3-gateway  | 2026-08-13T00:48:39.533744Z  INFO sqlx::query: summary="SELECT \"objects\".\"id\", \"objects\".\"bucket\", \"objects\".\"key\", 鈥? db.statement="\n\nSELECT \"objects\".\"id\", \"objects\".\"bucket\", \"objects\".\"key\", \"objects\".\"cid\", \"objects\".\"size\", \"objects\".\"content_type\", \"objects\".\"etag\", \"objects\".\"metadata\", \"objects\".\"encrypted\", \"objects\".\"key_wrap\", \"objects\".\"sse_c_key_fingerprint\", \"objects\".\"multipart\", \"objects\".\"is_latest\", \"objects\".\"created_at\" FROM \"objects\" WHERE \"objects\".\"bucket\" = ? AND \"objects\".\"key\" = ? AND \"objects\".\"is_latest\" = ? LIMIT ?\n" rows_affected=1 rows_returned=0 elapsed=322.386碌s elapsed_secs=0.000322386
ipfs-s3-gateway  | 2026-08-13T00:48:39.534178Z  INFO sqlx::query: summary="SELECT \"objects\".\"id\", \"objects\".\"bucket\", \"objects\".\"key\", 鈥? db.statement="\n\nSELECT \"objects\".\"id\", \"objects\".\"bucket\", \"objects\".\"key\", \"objects\".\"cid\", \"objects\".\"size\", \"objects\".\"content_type\", \"objects\".\"etag\", \"objects\".\"metadata\", \"objects\".\"encrypted\", \"objects\".\"key_wrap\", \"objects\".\"sse_c_key_fingerprint\", \"objects\".\"multipart\", \"objects\".\"is_latest\", \"objects\".\"created_at\" FROM \"objects\" WHERE \"objects\".\"bucket\" = ? AND \"objects\".\"key\" = ? AND \"objects\".\"is_latest\" = ? LIMIT ?\n" rows_affected=1 rows_returned=0 elapsed=177.693碌s elapsed_secs=0.000177693
ipfs-s3-gateway  | 2026-08-13T00:48:39.534438Z  INFO sqlx::query: summary="UPDATE \"objects\" SET \"is_latest\" 鈥? db.statement="\n\nUPDATE \"objects\" SET \"is_latest\" = ? WHERE \"objects\".\"bucket\" = ? AND \"objects\".\"key\" = ? AND \"objects\".\"is_latest\" = ?\n" rows_affected=0 rows_returned=0 elapsed=87.983碌s elapsed_secs=8.7983e-5
ipfs-s3-gateway  | 2026-08-13T00:48:39.534726Z  INFO sqlx::query: summary="INSERT INTO \"objects\" (\"id\", 鈥? db.statement="\n\nINSERT INTO \"objects\" (\"id\", \"bucket\", \"key\", \"cid\", \"size\", \"content_type\", \"etag\", \"metadata\", \"encrypted\", \"key_wrap\", \"sse_c_key_fingerprint\", \"multipart\", \"is_latest\", \"created_at\") VALUES (?, ?, ?, ?, ?, ?, ?, ?, ?, ?, ?, ?, ?, ?)\n" rows_affected=1 rows_returned=0 elapsed=135.19碌s elapsed_secs=0.00013519
ipfs-s3-gateway  | 2026-08-13T00:48:39.534976Z  INFO sqlx::query: summary="SELECT \"objects\".\"id\", \"objects\".\"bucket\", \"objects\".\"key\", 鈥? db.statement="\n\nSELECT \"objects\".\"id\", \"objects\".\"bucket\", \"objects\".\"key\", \"objects\".\"cid\", \"objects\".\"size\", \"objects\".\"content_type\", \"objects\".\"etag\", \"objects\".\"metadata\", \"objects\".\"encrypted\", \"objects\".\"key_wrap\", \"objects\".\"sse_c_key_fingerprint\", \"objects\".\"multipart\", \"objects\".\"is_latest\", \"objects\".\"created_at\" FROM \"objects\" WHERE \"objects\".\"id\" = ? LIMIT ?\n" rows_affected=0 rows_returned=1 elapsed=19.566碌s elapsed_secs=1.9566e-5
ipfs-s3-gateway  | 2026-08-13T00:48:39.535295Z  INFO sqlx::query: summary="DELETE FROM \"object_tags\" WHERE 鈥? db.statement="\n\nDELETE FROM \"object_tags\" WHERE \"object_tags\".\"object_id\" = ?\n" rows_affected=0 rows_returned=0 elapsed=32.295碌s elapsed_secs=3.2295e-5
ipfs-s3-gateway  | 2026-08-13T00:48:39.535616Z  INFO sqlx::query: summary="UPDATE \"import_destinations\" SET \"mutation_id\" 鈥? db.statement="\n\nUPDATE \"import_destinations\" SET \"mutation_id\" = ?, \"mutation_prefix\" = ?, \"updated_at\" = ? WHERE \"import_destinations\".\"bucket\" = ? AND \"import_destinations\".\"key\" = ? AND \"import_destinations\".\"generation\" = ? AND \"import_destinations\".\"owner_job_id\" IS NULL AND \"import_destinations\".\"mutation_id\" = ?\n" rows_affected=1 rows_returned=0 elapsed=102.785碌s elapsed_secs=0.000102785
ipfs-s3-gateway  | 2026-08-13T00:48:39.800051Z  INFO sqlx::query: summary="SELECT \"import_jobs\".\"id\", \"import_jobs\".\"bucket\", \"import_jobs\".\"key\", 鈥? db.statement="\n\nSELECT \"import_jobs\".\"id\", \"import_jobs\".\"bucket\", \"import_jobs\".\"key\", \"import_jobs\".\"source_type\", \"import_jobs\".\"source_value\", \"import_jobs\".\"request_fingerprint\", \"import_jobs\".\"client_token\", \"import_jobs\".\"object_content_type\", \"import_jobs\".\"metadata_json\", \"import_jobs\".\"tags_json\", \"import_jobs\".\"decompress_prefix\", \"import_jobs\".\"state\", \"import_jobs\".\"phase\", \"import_jobs\".\"attempts\", \"import_jobs\".\"next_attempt_at\", \"import_jobs\".\"locked_by\", \"import_jobs\".\"locked_until\", \"import_jobs\".\"claim_epoch\", \"import_jobs\".\"providers_observed\", \"import_jobs\".\"pin_nodes_processed\", \"import_jobs\".\"pin_bytes_processed\", \"import_jobs\".\"downloaded_bytes\", \"import_jobs\".\"download_total\", \"import_jobs\".\"ipfs_add_bytes\", \"import_jobs\".\"logical_size\", \"import_jobs\".\"entries_processed\", \"import_jobs\".\"entries_succeeded\", \"import_jobs\".\"entries_failed\", \"import_jobs\".\"decompressed_bytes\", \"import_jobs\".\"final_cid\", \"import_jobs\".\"failure_code\", \"import_jobs\".\"failure_message\", \"import_jobs\".\"created_at\", \"import_jobs\".\"updated_at\", \"import_jobs\".\"completed_at\" FROM \"import_jobs\" WHERE (\"import_jobs\".\"state\" = ? AND \"import_jobs\".\"next_attempt_at\" <= ? AND \"import_jobs\".\"locked_by\" IS NULL AND \"import_jobs\".\"locked_until\" IS NULL) OR (\"import_jobs\".\"state\" = ? AND \"import_jobs\".\"locked_until\" <= ?) ORDER BY \"import_jobs\".\"next_attempt_at\" ASC, \"import_jobs\".\"created_at\" ASC, \"import_jobs\".\"id\" ASC LIMIT ?\n" rows_affected=1 rows_returned=0 elapsed=338.292碌s elapsed_secs=0.000338292
ipfs-s3-gateway  | 2026-08-13T00:48:40.299900Z  INFO sqlx::query: summary="SELECT \"import_jobs\".\"id\", \"import_jobs\".\"bucket\", \"import_jobs\".\"key\", 鈥? db.statement="\n\nSELECT \"import_jobs\".\"id\", \"import_jobs\".\"bucket\", \"import_jobs\".\"key\", \"import_jobs\".\"source_type\", \"import_jobs\".\"source_value\", \"import_jobs\".\"request_fingerprint\", \"import_jobs\".\"client_token\", \"import_jobs\".\"object_content_type\", \"import_jobs\".\"metadata_json\", \"import_jobs\".\"tags_json\", \"import_jobs\".\"decompress_prefix\", \"import_jobs\".\"state\", \"import_jobs\".\"phase\", \"import_jobs\".\"attempts\", \"import_jobs\".\"next_attempt_at\", \"import_jobs\".\"locked_by\", \"import_jobs\".\"locked_until\", \"import_jobs\".\"claim_epoch\", \"import_jobs\".\"providers_observed\", \"import_jobs\".\"pin_nodes_processed\", \"import_jobs\".\"pin_bytes_processed\", \"import_jobs\".\"downloaded_bytes\", \"import_jobs\".\"download_total\", \"import_jobs\".\"ipfs_add_bytes\", \"import_jobs\".\"logical_size\", \"import_jobs\".\"entries_processed\", \"import_jobs\".\"entries_succeeded\", \"import_jobs\".\"entries_failed\", \"import_jobs\".\"decompressed_bytes\", \"import_jobs\".\"final_cid\", \"import_jobs\".\"failure_code\", \"import_jobs\".\"failure_message\", \"import_jobs\".\"created_at\", \"import_jobs\".\"updated_at\", \"import_jobs\".\"completed_at\" FROM \"import_jobs\" WHERE (\"import_jobs\".\"state\" = ? AND \"import_jobs\".\"next_attempt_at\" <= ? AND \"import_jobs\".\"locked_by\" IS NULL AND \"import_jobs\".\"locked_until\" IS NULL) OR (\"import_jobs\".\"state\" = ? AND \"import_jobs\".\"locked_until\" <= ?) ORDER BY \"import_jobs\".\"next_attempt_at\" ASC, \"import_jobs\".\"created_at\" ASC, \"import_jobs\".\"id\" ASC LIMIT ?\n" rows_affected=1 rows_returned=0 elapsed=128.388碌s elapsed_secs=0.000128388
ipfs-s3-gateway  | 2026-08-13T00:48:40.800104Z  INFO sqlx::query: summary="SELECT \"import_jobs\".\"id\", \"import_jobs\".\"bucket\", \"import_jobs\".\"key\", 鈥? db.statement="\n\nSELECT \"import_jobs\".\"id\", \"import_jobs\".\"bucket\", \"import_jobs\".\"key\", \"import_jobs\".\"source_type\", \"import_jobs\".\"source_value\", \"import_jobs\".\"request_fingerprint\", \"import_jobs\".\"client_token\", \"import_jobs\".\"object_content_type\", \"import_jobs\".\"metadata_json\", \"import_jobs\".\"tags_json\", \"import_jobs\".\"decompress_prefix\", \"import_jobs\".\"state\", \"import_jobs\".\"phase\", \"import_jobs\".\"attempts\", \"import_jobs\".\"next_attempt_at\", \"import_jobs\".\"locked_by\", \"import_jobs\".\"locked_until\", \"import_jobs\".\"claim_epoch\", \"import_jobs\".\"providers_observed\", \"import_jobs\".\"pin_nodes_processed\", \"import_jobs\".\"pin_bytes_processed\", \"import_jobs\".\"downloaded_bytes\", \"import_jobs\".\"download_total\", \"import_jobs\".\"ipfs_add_bytes\", \"import_jobs\".\"logical_size\", \"import_jobs\".\"entries_processed\", \"import_jobs\".\"entries_succeeded\", \"import_jobs\".\"entries_failed\", \"import_jobs\".\"decompressed_bytes\", \"import_jobs\".\"final_cid\", \"import_jobs\".\"failure_code\", \"import_jobs\".\"failure_message\", \"import_jobs\".\"created_at\", \"import_jobs\".\"updated_at\", \"import_jobs\".\"completed_at\" FROM \"import_jobs\" WHERE (\"import_jobs\".\"state\" = ? AND \"import_jobs\".\"next_attempt_at\" <= ? AND \"import_jobs\".\"locked_by\" IS NULL AND \"import_jobs\".\"locked_until\" IS NULL) OR (\"import_jobs\".\"state\" = ? AND \"import_jobs\".\"locked_until\" <= ?) ORDER BY \"import_jobs\".\"next_attempt_at\" ASC, \"import_jobs\".\"created_at\" ASC, \"import_jobs\".\"id\" ASC LIMIT ?\n" rows_affected=1 rows_returned=0 elapsed=129.199碌s elapsed_secs=0.000129199
ipfs-s3-gateway  | 2026-08-13T00:48:41.300025Z  INFO sqlx::query: summary="SELECT \"import_jobs\".\"id\", \"import_jobs\".\"bucket\", \"import_jobs\".\"key\", 鈥? db.statement="\n\nSELECT \"import_jobs\".\"id\", \"import_jobs\".\"bucket\", \"import_jobs\".\"key\", \"import_jobs\".\"source_type\", \"import_jobs\".\"source_value\", \"import_jobs\".\"request_fingerprint\", \"import_jobs\".\"client_token\", \"import_jobs\".\"object_content_type\", \"import_jobs\".\"metadata_json\", \"import_jobs\".\"tags_json\", \"import_jobs\".\"decompress_prefix\", \"import_jobs\".\"state\", \"import_jobs\".\"phase\", \"import_jobs\".\"attempts\", \"import_jobs\".\"next_attempt_at\", \"import_jobs\".\"locked_by\", \"import_jobs\".\"locked_until\", \"import_jobs\".\"claim_epoch\", \"import_jobs\".\"providers_observed\", \"import_jobs\".\"pin_nodes_processed\", \"import_jobs\".\"pin_bytes_processed\", \"import_jobs\".\"downloaded_bytes\", \"import_jobs\".\"download_total\", \"import_jobs\".\"ipfs_add_bytes\", \"import_jobs\".\"logical_size\", \"import_jobs\".\"entries_processed\", \"import_jobs\".\"entries_succeeded\", \"import_jobs\".\"entries_failed\", \"import_jobs\".\"decompressed_bytes\", \"import_jobs\".\"final_cid\", \"import_jobs\".\"failure_code\", \"import_jobs\".\"failure_message\", \"import_jobs\".\"created_at\", \"import_jobs\".\"updated_at\", \"import_jobs\".\"completed_at\" FROM \"import_jobs\" WHERE (\"import_jobs\".\"state\" = ? AND \"import_jobs\".\"next_attempt_at\" <= ? AND \"import_jobs\".\"locked_by\" IS NULL AND \"import_jobs\".\"locked_until\" IS NULL) OR (\"import_jobs\".\"state\" = ? AND \"import_jobs\".\"locked_until\" <= ?) ORDER BY \"import_jobs\".\"next_attempt_at\" ASC, \"import_jobs\".\"created_at\" ASC, \"import_jobs\".\"id\" ASC LIMIT ?\n" rows_affected=1 rows_returned=0 elapsed=236.692碌s elapsed_secs=0.000236692
ipfs-s3-gateway  | 2026-08-13T00:48:41.301133Z  INFO sqlx::query: summary="SELECT \"pin_leases\".\"id\", \"pin_leases\".\"owner_object_id\", \"pin_leases\".\"source\", 鈥? db.statement="\n\nSELECT \"pin_leases\".\"id\", \"pin_leases\".\"owner_object_id\", \"pin_leases\".\"source\", \"pin_leases\".\"policy_id\", \"pin_leases\".\"provider_mode\", \"pin_leases\".\"content_mode\", \"pin_leases\".\"created_at\", \"pin_leases\".\"last_touched_at\", \"pin_leases\".\"expires_at\", \"pin_leases\".\"generation\", \"pin_leases\".\"state\" FROM \"pin_leases\" WHERE \"pin_leases\".\"state\" = ? AND \"pin_leases\".\"expires_at\" <= ? ORDER BY \"pin_leases\".\"expires_at\" ASC, \"pin_leases\".\"id\" ASC\n" rows_affected=1 rows_returned=0 elapsed=51.626碌s elapsed_secs=5.1626e-5
ipfs-s3-gateway  | 2026-08-13T00:48:41.301745Z  INFO sqlx::query: summary="SELECT \"pin_lease_targets\".\"id\", \"pin_lease_targets\".\"lease_id\", \"pin_lease_targets\".\"cid\", 鈥? db.statement="\n\nSELECT \"pin_lease_targets\".\"id\", \"pin_lease_targets\".\"lease_id\", \"pin_lease_targets\".\"cid\", \"pin_lease_targets\".\"logical_size\", \"pin_lease_targets\".\"provider\", \"pin_lease_targets\".\"state\", \"pin_lease_targets\".\"created_at\", \"pin_lease_targets\".\"last_touched_at\" FROM \"pin_lease_targets\" WHERE \"pin_lease_targets\".\"state\" = ? ORDER BY \"pin_lease_targets\".\"created_at\" ASC, \"pin_lease_targets\".\"id\" ASC\n" rows_affected=1 rows_returned=0 elapsed=42.721碌s elapsed_secs=4.2721e-5
ipfs-s3-gateway  | 2026-08-13T00:48:41.302297Z  INFO sqlx::query: summary="SELECT \"pin_jobs\".\"provider\" FROM \"pin_jobs\" 鈥? db.statement="\n\nSELECT \"pin_jobs\".\"provider\" FROM \"pin_jobs\" WHERE (\"pin_jobs\".\"state\" = ? AND \"pin_jobs\".\"next_attempt_at\" <= ? AND \"pin_jobs\".\"locked_until\" IS NULL) OR (\"pin_jobs\".\"state\" = ? AND \"pin_jobs\".\"locked_until\" < ?) GROUP BY \"pin_jobs\".\"provider\"\n" rows_affected=1 rows_returned=0 elapsed=42.397碌s elapsed_secs=4.2397e-5
ipfs-s3-gateway  | 2026-08-13T00:48:41.353756Z  INFO sqlx::query: summary="SELECT COUNT(*) AS num_items 鈥? db.statement="\n\nSELECT COUNT(*) AS num_items FROM (SELECT \"buckets\".\"name\", \"buckets\".\"created_at\", \"buckets\".\"owner\" FROM \"buckets\" WHERE \"buckets\".\"name\" = ?) AS \"sub_query\"\n" rows_affected=0 rows_returned=1 elapsed=72.181碌s elapsed_secs=7.2181e-5
ipfs-s3-gateway  | 2026-08-13T00:48:41.354494Z  INFO sqlx::query: summary="SELECT \"objects\".\"id\", \"objects\".\"bucket\", \"objects\".\"key\", 鈥? db.statement="\n\nSELECT \"objects\".\"id\", \"objects\".\"bucket\", \"objects\".\"key\", \"objects\".\"cid\", \"objects\".\"size\", \"objects\".\"content_type\", \"objects\".\"etag\", \"objects\".\"metadata\", \"objects\".\"encrypted\", \"objects\".\"key_wrap\", \"objects\".\"sse_c_key_fingerprint\", \"objects\".\"multipart\", \"objects\".\"is_latest\", \"objects\".\"created_at\" FROM \"objects\" WHERE \"objects\".\"bucket\" = ? AND \"objects\".\"is_latest\" = ? ORDER BY \"objects\".\"key\" ASC LIMIT ?\n" rows_affected=1 rows_returned=3 elapsed=178.126碌s elapsed_secs=0.000178126
ipfs-s3-gateway  | 2026-08-13T00:48:41.799960Z  INFO sqlx::query: summary="SELECT \"import_jobs\".\"id\", \"import_jobs\".\"bucket\", \"import_jobs\".\"key\", 鈥? db.statement="\n\nSELECT \"import_jobs\".\"id\", \"import_jobs\".\"bucket\", \"import_jobs\".\"key\", \"import_jobs\".\"source_type\", \"import_jobs\".\"source_value\", \"import_jobs\".\"request_fingerprint\", \"import_jobs\".\"client_token\", \"import_jobs\".\"object_content_type\", \"import_jobs\".\"metadata_json\", \"import_jobs\".\"tags_json\", \"import_jobs\".\"decompress_prefix\", \"import_jobs\".\"state\", \"import_jobs\".\"phase\", \"import_jobs\".\"attempts\", \"import_jobs\".\"next_attempt_at\", \"import_jobs\".\"locked_by\", \"import_jobs\".\"locked_until\", \"import_jobs\".\"claim_epoch\", \"import_jobs\".\"providers_observed\", \"import_jobs\".\"pin_nodes_processed\", \"import_jobs\".\"pin_bytes_processed\", \"import_jobs\".\"downloaded_bytes\", \"import_jobs\".\"download_total\", \"import_jobs\".\"ipfs_add_bytes\", \"import_jobs\".\"logical_size\", \"import_jobs\".\"entries_processed\", \"import_jobs\".\"entries_succeeded\", \"import_jobs\".\"entries_failed\", \"import_jobs\".\"decompressed_bytes\", \"import_jobs\".\"final_cid\", \"import_jobs\".\"failure_code\", \"import_jobs\".\"failure_message\", \"import_jobs\".\"created_at\", \"import_jobs\".\"updated_at\", \"import_jobs\".\"completed_at\" FROM \"import_jobs\" WHERE (\"import_jobs\".\"state\" = ? AND \"import_jobs\".\"next_attempt_at\" <= ? AND \"import_jobs\".\"locked_by\" IS NULL AND \"import_jobs\".\"locked_until\" IS NULL) OR (\"import_jobs\".\"state\" = ? AND \"import_jobs\".\"locked_until\" <= ?) ORDER BY \"import_jobs\".\"next_attempt_at\" ASC, \"import_jobs\".\"created_at\" ASC, \"import_jobs\".\"id\" ASC LIMIT ?\n" rows_affected=1 rows_returned=0 elapsed=150.684碌s elapsed_secs=0.000150684
ipfs-s3-gateway  | 2026-08-13T00:48:42.300299Z  INFO sqlx::query: summary="SELECT \"import_jobs\".\"id\", \"import_jobs\".\"bucket\", \"import_jobs\".\"key\", 鈥? db.statement="\n\nSELECT \"import_jobs\".\"id\", \"import_jobs\".\"bucket\", \"import_jobs\".\"key\", \"import_jobs\".\"source_type\", \"import_jobs\".\"source_value\", \"import_jobs\".\"request_fingerprint\", \"import_jobs\".\"client_token\", \"import_jobs\".\"object_content_type\", \"import_jobs\".\"metadata_json\", \"import_jobs\".\"tags_json\", \"import_jobs\".\"decompress_prefix\", \"import_jobs\".\"state\", \"import_jobs\".\"phase\", \"import_jobs\".\"attempts\", \"import_jobs\".\"next_attempt_at\", \"import_jobs\".\"locked_by\", \"import_jobs\".\"locked_until\", \"import_jobs\".\"claim_epoch\", \"import_jobs\".\"providers_observed\", \"import_jobs\".\"pin_nodes_processed\", \"import_jobs\".\"pin_bytes_processed\", \"import_jobs\".\"downloaded_bytes\", \"import_jobs\".\"download_total\", \"import_jobs\".\"ipfs_add_bytes\", \"import_jobs\".\"logical_size\", \"import_jobs\".\"entries_processed\", \"import_jobs\".\"entries_succeeded\", \"import_jobs\".\"entries_failed\", \"import_jobs\".\"decompressed_bytes\", \"import_jobs\".\"final_cid\", \"import_jobs\".\"failure_code\", \"import_jobs\".\"failure_message\", \"import_jobs\".\"created_at\", \"import_jobs\".\"updated_at\", \"import_jobs\".\"completed_at\" FROM \"import_jobs\" WHERE (\"import_jobs\".\"state\" = ? AND \"import_jobs\".\"next_attempt_at\" <= ? AND \"import_jobs\".\"locked_by\" IS NULL AND \"import_jobs\".\"locked_until\" IS NULL) OR (\"import_jobs\".\"state\" = ? AND \"import_jobs\".\"locked_until\" <= ?) ORDER BY \"import_jobs\".\"next_attempt_at\" ASC, \"import_jobs\".\"created_at\" ASC, \"import_jobs\".\"id\" ASC LIMIT ?\n" rows_affected=1 rows_returned=0 elapsed=148.696碌s elapsed_secs=0.000148696
ipfs-s3-gateway  | 2026-08-13T00:48:42.799652Z  INFO sqlx::query: summary="SELECT \"import_jobs\".\"id\", \"import_jobs\".\"bucket\", \"import_jobs\".\"key\", 鈥? db.statement="\n\nSELECT \"import_jobs\".\"id\", \"import_jobs\".\"bucket\", \"import_jobs\".\"key\", \"import_jobs\".\"source_type\", \"import_jobs\".\"source_value\", \"import_jobs\".\"request_fingerprint\", \"import_jobs\".\"client_token\", \"import_jobs\".\"object_content_type\", \"import_jobs\".\"metadata_json\", \"import_jobs\".\"tags_json\", \"import_jobs\".\"decompress_prefix\", \"import_jobs\".\"state\", \"import_jobs\".\"phase\", \"import_jobs\".\"attempts\", \"import_jobs\".\"next_attempt_at\", \"import_jobs\".\"locked_by\", \"import_jobs\".\"locked_until\", \"import_jobs\".\"claim_epoch\", \"import_jobs\".\"providers_observed\", \"import_jobs\".\"pin_nodes_processed\", \"import_jobs\".\"pin_bytes_processed\", \"import_jobs\".\"downloaded_bytes\", \"import_jobs\".\"download_total\", \"import_jobs\".\"ipfs_add_bytes\", \"import_jobs\".\"logical_size\", \"import_jobs\".\"entries_processed\", \"import_jobs\".\"entries_succeeded\", \"import_jobs\".\"entries_failed\", \"import_jobs\".\"decompressed_bytes\", \"import_jobs\".\"final_cid\", \"import_jobs\".\"failure_code\", \"import_jobs\".\"failure_message\", \"import_jobs\".\"created_at\", \"import_jobs\".\"updated_at\", \"import_jobs\".\"completed_at\" FROM \"import_jobs\" WHERE (\"import_jobs\".\"state\" = ? AND \"import_jobs\".\"next_attempt_at\" <= ? AND \"import_jobs\".\"locked_by\" IS NULL AND \"import_jobs\".\"locked_until\" IS NULL) OR (\"import_jobs\".\"state\" = ? AND \"import_jobs\".\"locked_until\" <= ?) ORDER BY \"import_jobs\".\"next_attempt_at\" ASC, \"import_jobs\".\"created_at\" ASC, \"import_jobs\".\"id\" ASC LIMIT ?\n" rows_affected=1 rows_returned=0 elapsed=133.903碌s elapsed_secs=0.000133903
ipfs-s3-gateway  | 2026-08-13T00:48:43.076323Z  INFO sqlx::query: summary="SELECT \"objects\".\"id\", \"objects\".\"bucket\", \"objects\".\"key\", 鈥? db.statement="\n\nSELECT \"objects\".\"id\", \"objects\".\"bucket\", \"objects\".\"key\", \"objects\".\"cid\", \"objects\".\"size\", \"objects\".\"content_type\", \"objects\".\"etag\", \"objects\".\"metadata\", \"objects\".\"encrypted\", \"objects\".\"key_wrap\", \"objects\".\"sse_c_key_fingerprint\", \"objects\".\"multipart\", \"objects\".\"is_latest\", \"objects\".\"created_at\" FROM \"objects\" WHERE \"objects\".\"bucket\" = ? AND \"objects\".\"key\" = ? AND \"objects\".\"is_latest\" = ? LIMIT ?\n" rows_affected=0 rows_returned=1 elapsed=148.707碌s elapsed_secs=0.000148707
ipfs-s3-gateway  | 2026-08-13T00:48:43.081616Z  INFO sqlx::query: summary="SELECT \"objects\".\"id\", \"objects\".\"bucket\", \"objects\".\"key\", 鈥? db.statement="\n\nSELECT \"objects\".\"id\", \"objects\".\"bucket\", \"objects\".\"key\", \"objects\".\"cid\", \"objects\".\"size\", \"objects\".\"content_type\", \"objects\".\"etag\", \"objects\".\"metadata\", \"objects\".\"encrypted\", \"objects\".\"key_wrap\", \"objects\".\"sse_c_key_fingerprint\", \"objects\".\"multipart\", \"objects\".\"is_latest\", \"objects\".\"created_at\" FROM \"objects\" WHERE \"objects\".\"bucket\" = ? AND \"objects\".\"key\" = ? AND \"objects\".\"is_latest\" = ? LIMIT ?\n" rows_affected=0 rows_returned=1 elapsed=213.31碌s elapsed_secs=0.00021331
ipfs-s3-gateway  | 2026-08-13T00:48:43.299675Z  INFO sqlx::query: summary="SELECT \"import_jobs\".\"id\", \"import_jobs\".\"bucket\", \"import_jobs\".\"key\", 鈥? db.statement="\n\nSELECT \"import_jobs\".\"id\", \"import_jobs\".\"bucket\", \"import_jobs\".\"key\", \"import_jobs\".\"source_type\", \"import_jobs\".\"source_value\", \"import_jobs\".\"request_fingerprint\", \"import_jobs\".\"client_token\", \"import_jobs\".\"object_content_type\", \"import_jobs\".\"metadata_json\", \"import_jobs\".\"tags_json\", \"import_jobs\".\"decompress_prefix\", \"import_jobs\".\"state\", \"import_jobs\".\"phase\", \"import_jobs\".\"attempts\", \"import_jobs\".\"next_attempt_at\", \"import_jobs\".\"locked_by\", \"import_jobs\".\"locked_until\", \"import_jobs\".\"claim_epoch\", \"import_jobs\".\"providers_observed\", \"import_jobs\".\"pin_nodes_processed\", \"import_jobs\".\"pin_bytes_processed\", \"import_jobs\".\"downloaded_bytes\", \"import_jobs\".\"download_total\", \"import_jobs\".\"ipfs_add_bytes\", \"import_jobs\".\"logical_size\", \"import_jobs\".\"entries_processed\", \"import_jobs\".\"entries_succeeded\", \"import_jobs\".\"entries_failed\", \"import_jobs\".\"decompressed_bytes\", \"import_jobs\".\"final_cid\", \"import_jobs\".\"failure_code\", \"import_jobs\".\"failure_message\", \"import_jobs\".\"created_at\", \"import_jobs\".\"updated_at\", \"import_jobs\".\"completed_at\" FROM \"import_jobs\" WHERE (\"import_jobs\".\"state\" = ? AND \"import_jobs\".\"next_attempt_at\" <= ? AND \"import_jobs\".\"locked_by\" IS NULL AND \"import_jobs\".\"locked_until\" IS NULL) OR (\"import_jobs\".\"state\" = ? AND \"import_jobs\".\"locked_until\" <= ?) ORDER BY \"import_jobs\".\"next_attempt_at\" ASC, \"import_jobs\".\"created_at\" ASC, \"import_jobs\".\"id\" ASC LIMIT ?\n" rows_affected=1 rows_returned=0 elapsed=186.109碌s elapsed_secs=0.000186109
ipfs-s3-gateway  | 2026-08-13T00:48:43.800935Z  INFO sqlx::query: summary="SELECT \"import_jobs\".\"id\", \"import_jobs\".\"bucket\", \"import_jobs\".\"key\", 鈥? db.statement="\n\nSELECT \"import_jobs\".\"id\", \"import_jobs\".\"bucket\", \"import_jobs\".\"key\", \"import_jobs\".\"source_type\", \"import_jobs\".\"source_value\", \"import_jobs\".\"request_fingerprint\", \"import_jobs\".\"client_token\", \"import_jobs\".\"object_content_type\", \"import_jobs\".\"metadata_json\", \"import_jobs\".\"tags_json\", \"import_jobs\".\"decompress_prefix\", \"import_jobs\".\"state\", \"import_jobs\".\"phase\", \"import_jobs\".\"attempts\", \"import_jobs\".\"next_attempt_at\", \"import_jobs\".\"locked_by\", \"import_jobs\".\"locked_until\", \"import_jobs\".\"claim_epoch\", \"import_jobs\".\"providers_observed\", \"import_jobs\".\"pin_nodes_processed\", \"import_jobs\".\"pin_bytes_processed\", \"import_jobs\".\"downloaded_bytes\", \"import_jobs\".\"download_total\", \"import_jobs\".\"ipfs_add_bytes\", \"import_jobs\".\"logical_size\", \"import_jobs\".\"entries_processed\", \"import_jobs\".\"entries_succeeded\", \"import_jobs\".\"entries_failed\", \"import_jobs\".\"decompressed_bytes\", \"import_jobs\".\"final_cid\", \"import_jobs\".\"failure_code\", \"import_jobs\".\"failure_message\", \"import_jobs\".\"created_at\", \"import_jobs\".\"updated_at\", \"import_jobs\".\"completed_at\" FROM \"import_jobs\" WHERE (\"import_jobs\".\"state\" = ? AND \"import_jobs\".\"next_attempt_at\" <= ? AND \"import_jobs\".\"locked_by\" IS NULL AND \"import_jobs\".\"locked_until\" IS NULL) OR (\"import_jobs\".\"state\" = ? AND \"import_jobs\".\"locked_until\" <= ?) ORDER BY \"import_jobs\".\"next_attempt_at\" ASC, \"import_jobs\".\"created_at\" ASC, \"import_jobs\".\"id\" ASC LIMIT ?\n" rows_affected=1 rows_returned=0 elapsed=100.121碌s elapsed_secs=0.000100121
ipfs-s3-gateway  | 2026-08-13T00:48:44.299981Z  INFO sqlx::query: summary="SELECT \"import_jobs\".\"id\", \"import_jobs\".\"bucket\", \"import_jobs\".\"key\", 鈥? db.statement="\n\nSELECT \"import_jobs\".\"id\", \"import_jobs\".\"bucket\", \"import_jobs\".\"key\", \"import_jobs\".\"source_type\", \"import_jobs\".\"source_value\", \"import_jobs\".\"request_fingerprint\", \"import_jobs\".\"client_token\", \"import_jobs\".\"object_content_type\", \"import_jobs\".\"metadata_json\", \"import_jobs\".\"tags_json\", \"import_jobs\".\"decompress_prefix\", \"import_jobs\".\"state\", \"import_jobs\".\"phase\", \"import_jobs\".\"attempts\", \"import_jobs\".\"next_attempt_at\", \"import_jobs\".\"locked_by\", \"import_jobs\".\"locked_until\", \"import_jobs\".\"claim_epoch\", \"import_jobs\".\"providers_observed\", \"import_jobs\".\"pin_nodes_processed\", \"import_jobs\".\"pin_bytes_processed\", \"import_jobs\".\"downloaded_bytes\", \"import_jobs\".\"download_total\", \"import_jobs\".\"ipfs_add_bytes\", \"import_jobs\".\"logical_size\", \"import_jobs\".\"entries_processed\", \"import_jobs\".\"entries_succeeded\", \"import_jobs\".\"entries_failed\", \"import_jobs\".\"decompressed_bytes\", \"import_jobs\".\"final_cid\", \"import_jobs\".\"failure_code\", \"import_jobs\".\"failure_message\", \"import_jobs\".\"created_at\", \"import_jobs\".\"updated_at\", \"import_jobs\".\"completed_at\" FROM \"import_jobs\" WHERE (\"import_jobs\".\"state\" = ? AND \"import_jobs\".\"next_attempt_at\" <= ? AND \"import_jobs\".\"locked_by\" IS NULL AND \"import_jobs\".\"locked_until\" IS NULL) OR (\"import_jobs\".\"state\" = ? AND \"import_jobs\".\"locked_until\" <= ?) ORDER BY \"import_jobs\".\"next_attempt_at\" ASC, \"import_jobs\".\"created_at\" ASC, \"import_jobs\".\"id\" ASC LIMIT ?\n" rows_affected=1 rows_returned=0 elapsed=86.142碌s elapsed_secs=8.6142e-5
ipfs-s3-gateway  | 2026-08-13T00:48:44.799667Z  INFO sqlx::query: summary="SELECT \"import_jobs\".\"id\", \"import_jobs\".\"bucket\", \"import_jobs\".\"key\", 鈥? db.statement="\n\nSELECT \"import_jobs\".\"id\", \"import_jobs\".\"bucket\", \"import_jobs\".\"key\", \"import_jobs\".\"source_type\", \"import_jobs\".\"source_value\", \"import_jobs\".\"request_fingerprint\", \"import_jobs\".\"client_token\", \"import_jobs\".\"object_content_type\", \"import_jobs\".\"metadata_json\", \"import_jobs\".\"tags_json\", \"import_jobs\".\"decompress_prefix\", \"import_jobs\".\"state\", \"import_jobs\".\"phase\", \"import_jobs\".\"attempts\", \"import_jobs\".\"next_attempt_at\", \"import_jobs\".\"locked_by\", \"import_jobs\".\"locked_until\", \"import_jobs\".\"claim_epoch\", \"import_jobs\".\"providers_observed\", \"import_jobs\".\"pin_nodes_processed\", \"import_jobs\".\"pin_bytes_processed\", \"import_jobs\".\"downloaded_bytes\", \"import_jobs\".\"download_total\", \"import_jobs\".\"ipfs_add_bytes\", \"import_jobs\".\"logical_size\", \"import_jobs\".\"entries_processed\", \"import_jobs\".\"entries_succeeded\", \"import_jobs\".\"entries_failed\", \"import_jobs\".\"decompressed_bytes\", \"import_jobs\".\"final_cid\", \"import_jobs\".\"failure_code\", \"import_jobs\".\"failure_message\", \"import_jobs\".\"created_at\", \"import_jobs\".\"updated_at\", \"import_jobs\".\"completed_at\" FROM \"import_jobs\" WHERE (\"import_jobs\".\"state\" = ? AND \"import_jobs\".\"next_attempt_at\" <= ? AND \"import_jobs\".\"locked_by\" IS NULL AND \"import_jobs\".\"locked_until\" IS NULL) OR (\"import_jobs\".\"state\" = ? AND \"import_jobs\".\"locked_until\" <= ?) ORDER BY \"import_jobs\".\"next_attempt_at\" ASC, \"import_jobs\".\"created_at\" ASC, \"import_jobs\".\"id\" ASC LIMIT ?\n" rows_affected=1 rows_returned=0 elapsed=79.494碌s elapsed_secs=7.9494e-5
ipfs-s3-gateway  | 2026-08-13T00:48:44.852310Z  INFO sqlx::query: summary="SELECT COUNT(*) AS num_items 鈥? db.statement="\n\nSELECT COUNT(*) AS num_items FROM (SELECT \"buckets\".\"name\", \"buckets\".\"created_at\", \"buckets\".\"owner\" FROM \"buckets\" WHERE \"buckets\".\"name\" = ?) AS \"sub_query\"\n" rows_affected=0 rows_returned=1 elapsed=80.692碌s elapsed_secs=8.0692e-5
ipfs-s3-gateway  | 2026-08-13T00:48:45.299794Z  INFO sqlx::query: summary="SELECT \"import_jobs\".\"id\", \"import_jobs\".\"bucket\", \"import_jobs\".\"key\", 鈥? db.statement="\n\nSELECT \"import_jobs\".\"id\", \"import_jobs\".\"bucket\", \"import_jobs\".\"key\", \"import_jobs\".\"source_type\", \"import_jobs\".\"source_value\", \"import_jobs\".\"request_fingerprint\", \"import_jobs\".\"client_token\", \"import_jobs\".\"object_content_type\", \"import_jobs\".\"metadata_json\", \"import_jobs\".\"tags_json\", \"import_jobs\".\"decompress_prefix\", \"import_jobs\".\"state\", \"import_jobs\".\"phase\", \"import_jobs\".\"attempts\", \"import_jobs\".\"next_attempt_at\", \"import_jobs\".\"locked_by\", \"import_jobs\".\"locked_until\", \"import_jobs\".\"claim_epoch\", \"import_jobs\".\"providers_observed\", \"import_jobs\".\"pin_nodes_processed\", \"import_jobs\".\"pin_bytes_processed\", \"import_jobs\".\"downloaded_bytes\", \"import_jobs\".\"download_total\", \"import_jobs\".\"ipfs_add_bytes\", \"import_jobs\".\"logical_size\", \"import_jobs\".\"entries_processed\", \"import_jobs\".\"entries_succeeded\", \"import_jobs\".\"entries_failed\", \"import_jobs\".\"decompressed_bytes\", \"import_jobs\".\"final_cid\", \"import_jobs\".\"failure_code\", \"import_jobs\".\"failure_message\", \"import_jobs\".\"created_at\", \"import_jobs\".\"updated_at\", \"import_jobs\".\"completed_at\" FROM \"import_jobs\" WHERE (\"import_jobs\".\"state\" = ? AND \"import_jobs\".\"next_attempt_at\" <= ? AND \"import_jobs\".\"locked_by\" IS NULL AND \"import_jobs\".\"locked_until\" IS NULL) OR (\"import_jobs\".\"state\" = ? AND \"import_jobs\".\"locked_until\" <= ?) ORDER BY \"import_jobs\".\"next_attempt_at\" ASC, \"import_jobs\".\"created_at\" ASC, \"import_jobs\".\"id\" ASC LIMIT ?\n" rows_affected=1 rows_returned=0 elapsed=267.894碌s elapsed_secs=0.000267894
ipfs-s3-gateway  | 2026-08-13T00:48:45.800029Z  INFO sqlx::query: summary="SELECT \"import_jobs\".\"id\", \"import_jobs\".\"bucket\", \"import_jobs\".\"key\", 鈥? db.statement="\n\nSELECT \"import_jobs\".\"id\", \"import_jobs\".\"bucket\", \"import_jobs\".\"key\", \"import_jobs\".\"source_type\", \"import_jobs\".\"source_value\", \"import_jobs\".\"request_fingerprint\", \"import_jobs\".\"client_token\", \"import_jobs\".\"object_content_type\", \"import_jobs\".\"metadata_json\", \"import_jobs\".\"tags_json\", \"import_jobs\".\"decompress_prefix\", \"import_jobs\".\"state\", \"import_jobs\".\"phase\", \"import_jobs\".\"attempts\", \"import_jobs\".\"next_attempt_at\", \"import_jobs\".\"locked_by\", \"import_jobs\".\"locked_until\", \"import_jobs\".\"claim_epoch\", \"import_jobs\".\"providers_observed\", \"import_jobs\".\"pin_nodes_processed\", \"import_jobs\".\"pin_bytes_processed\", \"import_jobs\".\"downloaded_bytes\", \"import_jobs\".\"download_total\", \"import_jobs\".\"ipfs_add_bytes\", \"import_jobs\".\"logical_size\", \"import_jobs\".\"entries_processed\", \"import_jobs\".\"entries_succeeded\", \"import_jobs\".\"entries_failed\", \"import_jobs\".\"decompressed_bytes\", \"import_jobs\".\"final_cid\", \"import_jobs\".\"failure_code\", \"import_jobs\".\"failure_message\", \"import_jobs\".\"created_at\", \"import_jobs\".\"updated_at\", \"import_jobs\".\"completed_at\" FROM \"import_jobs\" WHERE (\"import_jobs\".\"state\" = ? AND \"import_jobs\".\"next_attempt_at\" <= ? AND \"import_jobs\".\"locked_by\" IS NULL AND \"import_jobs\".\"locked_until\" IS NULL) OR (\"import_jobs\".\"state\" = ? AND \"import_jobs\".\"locked_until\" <= ?) ORDER BY \"import_jobs\".\"next_attempt_at\" ASC, \"import_jobs\".\"created_at\" ASC, \"import_jobs\".\"id\" ASC LIMIT ?\n" rows_affected=1 rows_returned=0 elapsed=218.644碌s elapsed_secs=0.000218644
ipfs-s3-gateway  | 2026-08-13T00:48:46.300374Z  INFO sqlx::query: summary="SELECT \"import_jobs\".\"id\", \"import_jobs\".\"bucket\", \"import_jobs\".\"key\", 鈥? db.statement="\n\nSELECT \"import_jobs\".\"id\", \"import_jobs\".\"bucket\", \"import_jobs\".\"key\", \"import_jobs\".\"source_type\", \"import_jobs\".\"source_value\", \"import_jobs\".\"request_fingerprint\", \"import_jobs\".\"client_token\", \"import_jobs\".\"object_content_type\", \"import_jobs\".\"metadata_json\", \"import_jobs\".\"tags_json\", \"import_jobs\".\"decompress_prefix\", \"import_jobs\".\"state\", \"import_jobs\".\"phase\", \"import_jobs\".\"attempts\", \"import_jobs\".\"next_attempt_at\", \"import_jobs\".\"locked_by\", \"import_jobs\".\"locked_until\", \"import_jobs\".\"claim_epoch\", \"import_jobs\".\"providers_observed\", \"import_jobs\".\"pin_nodes_processed\", \"import_jobs\".\"pin_bytes_processed\", \"import_jobs\".\"downloaded_bytes\", \"import_jobs\".\"download_total\", \"import_jobs\".\"ipfs_add_bytes\", \"import_jobs\".\"logical_size\", \"import_jobs\".\"entries_processed\", \"import_jobs\".\"entries_succeeded\", \"import_jobs\".\"entries_failed\", \"import_jobs\".\"decompressed_bytes\", \"import_jobs\".\"final_cid\", \"import_jobs\".\"failure_code\", \"import_jobs\".\"failure_message\", \"import_jobs\".\"created_at\", \"import_jobs\".\"updated_at\", \"import_jobs\".\"completed_at\" FROM \"import_jobs\" WHERE (\"import_jobs\".\"state\" = ? AND \"import_jobs\".\"next_attempt_at\" <= ? AND \"import_jobs\".\"locked_by\" IS NULL AND \"import_jobs\".\"locked_until\" IS NULL) OR (\"import_jobs\".\"state\" = ? AND \"import_jobs\".\"locked_until\" <= ?) ORDER BY \"import_jobs\".\"next_attempt_at\" ASC, \"import_jobs\".\"created_at\" ASC, \"import_jobs\".\"id\" ASC LIMIT ?\n" rows_affected=1 rows_returned=0 elapsed=170.83碌s elapsed_secs=0.00017083
ipfs-s3-gateway  | 2026-08-13T00:48:46.301333Z  INFO sqlx::query: summary="SELECT \"pin_leases\".\"id\", \"pin_leases\".\"owner_object_id\", \"pin_leases\".\"source\", 鈥? db.statement="\n\nSELECT \"pin_leases\".\"id\", \"pin_leases\".\"owner_object_id\", \"pin_leases\".\"source\", \"pin_leases\".\"policy_id\", \"pin_leases\".\"provider_mode\", \"pin_leases\".\"content_mode\", \"pin_leases\".\"created_at\", \"pin_leases\".\"last_touched_at\", \"pin_leases\".\"expires_at\", \"pin_leases\".\"generation\", \"pin_leases\".\"state\" FROM \"pin_leases\" WHERE \"pin_leases\".\"state\" = ? AND \"pin_leases\".\"expires_at\" <= ? ORDER BY \"pin_leases\".\"expires_at\" ASC, \"pin_leases\".\"id\" ASC\n" rows_affected=1 rows_returned=0 elapsed=82.376碌s elapsed_secs=8.2376e-5
ipfs-s3-gateway  | 2026-08-13T00:48:46.302362Z  INFO sqlx::query: summary="SELECT \"pin_lease_targets\".\"id\", \"pin_lease_targets\".\"lease_id\", \"pin_lease_targets\".\"cid\", 鈥? db.statement="\n\nSELECT \"pin_lease_targets\".\"id\", \"pin_lease_targets\".\"lease_id\", \"pin_lease_targets\".\"cid\", \"pin_lease_targets\".\"logical_size\", \"pin_lease_targets\".\"provider\", \"pin_lease_targets\".\"state\", \"pin_lease_targets\".\"created_at\", \"pin_lease_targets\".\"last_touched_at\" FROM \"pin_lease_targets\" WHERE \"pin_lease_targets\".\"state\" = ? ORDER BY \"pin_lease_targets\".\"created_at\" ASC, \"pin_lease_targets\".\"id\" ASC\n" rows_affected=1 rows_returned=0 elapsed=90.232碌s elapsed_secs=9.0232e-5
ipfs-s3-gateway  | 2026-08-13T00:48:46.303168Z  INFO sqlx::query: summary="SELECT \"pin_jobs\".\"provider\" FROM \"pin_jobs\" 鈥? db.statement="\n\nSELECT \"pin_jobs\".\"provider\" FROM \"pin_jobs\" WHERE (\"pin_jobs\".\"state\" = ? AND \"pin_jobs\".\"next_attempt_at\" <= ? AND \"pin_jobs\".\"locked_until\" IS NULL) OR (\"pin_jobs\".\"state\" = ? AND \"pin_jobs\".\"locked_until\" < ?) GROUP BY \"pin_jobs\".\"provider\"\n" rows_affected=1 rows_returned=0 elapsed=59.846碌s elapsed_secs=5.9846e-5
ipfs-s3-gateway  | 2026-08-13T00:48:46.449021Z  INFO sqlx::query: summary="SELECT COUNT(*) AS num_items 鈥? db.statement="\n\nSELECT COUNT(*) AS num_items FROM (SELECT \"buckets\".\"name\", \"buckets\".\"created_at\", \"buckets\".\"owner\" FROM \"buckets\" WHERE \"buckets\".\"name\" = ?) AS \"sub_query\"\n" rows_affected=0 rows_returned=1 elapsed=62.706碌s elapsed_secs=6.2706e-5
ipfs-s3-gateway  | 2026-08-13T00:48:46.449716Z  INFO sqlx::query: summary="SELECT \"objects\".\"id\", \"objects\".\"bucket\", \"objects\".\"key\", 鈥? db.statement="\n\nSELECT \"objects\".\"id\", \"objects\".\"bucket\", \"objects\".\"key\", \"objects\".\"cid\", \"objects\".\"size\", \"objects\".\"content_type\", \"objects\".\"etag\", \"objects\".\"metadata\", \"objects\".\"encrypted\", \"objects\".\"key_wrap\", \"objects\".\"sse_c_key_fingerprint\", \"objects\".\"multipart\", \"objects\".\"is_latest\", \"objects\".\"created_at\" FROM \"objects\" WHERE \"objects\".\"bucket\" = ? AND \"objects\".\"is_latest\" = ? ORDER BY \"objects\".\"key\" ASC LIMIT ?\n" rows_affected=1 rows_returned=3 elapsed=190.174碌s elapsed_secs=0.000190174
ipfs-s3-gateway  | 2026-08-13T00:48:46.799878Z  INFO sqlx::query: summary="SELECT \"import_jobs\".\"id\", \"import_jobs\".\"bucket\", \"import_jobs\".\"key\", 鈥? db.statement="\n\nSELECT \"import_jobs\".\"id\", \"import_jobs\".\"bucket\", \"import_jobs\".\"key\", \"import_jobs\".\"source_type\", \"import_jobs\".\"source_value\", \"import_jobs\".\"request_fingerprint\", \"import_jobs\".\"client_token\", \"import_jobs\".\"object_content_type\", \"import_jobs\".\"metadata_json\", \"import_jobs\".\"tags_json\", \"import_jobs\".\"decompress_prefix\", \"import_jobs\".\"state\", \"import_jobs\".\"phase\", \"import_jobs\".\"attempts\", \"import_jobs\".\"next_attempt_at\", \"import_jobs\".\"locked_by\", \"import_jobs\".\"locked_until\", \"import_jobs\".\"claim_epoch\", \"import_jobs\".\"providers_observed\", \"import_jobs\".\"pin_nodes_processed\", \"import_jobs\".\"pin_bytes_processed\", \"import_jobs\".\"downloaded_bytes\", \"import_jobs\".\"download_total\", \"import_jobs\".\"ipfs_add_bytes\", \"import_jobs\".\"logical_size\", \"import_jobs\".\"entries_processed\", \"import_jobs\".\"entries_succeeded\", \"import_jobs\".\"entries_failed\", \"import_jobs\".\"decompressed_bytes\", \"import_jobs\".\"final_cid\", \"import_jobs\".\"failure_code\", \"import_jobs\".\"failure_message\", \"import_jobs\".\"created_at\", \"import_jobs\".\"updated_at\", \"import_jobs\".\"completed_at\" FROM \"import_jobs\" WHERE (\"import_jobs\".\"state\" = ? AND \"import_jobs\".\"next_attempt_at\" <= ? AND \"import_jobs\".\"locked_by\" IS NULL AND \"import_jobs\".\"locked_until\" IS NULL) OR (\"import_jobs\".\"state\" = ? AND \"import_jobs\".\"locked_until\" <= ?) ORDER BY \"import_jobs\".\"next_attempt_at\" ASC, \"import_jobs\".\"created_at\" ASC, \"import_jobs\".\"id\" ASC LIMIT ?\n" rows_affected=1 rows_returned=0 elapsed=128.579碌s elapsed_secs=0.000128579
ipfs-s3-gateway  | 2026-08-13T00:48:47.299802Z  INFO sqlx::query: summary="SELECT \"import_jobs\".\"id\", \"import_jobs\".\"bucket\", \"import_jobs\".\"key\", 鈥? db.statement="\n\nSELECT \"import_jobs\".\"id\", \"import_jobs\".\"bucket\", \"import_jobs\".\"key\", \"import_jobs\".\"source_type\", \"import_jobs\".\"source_value\", \"import_jobs\".\"request_fingerprint\", \"import_jobs\".\"client_token\", \"import_jobs\".\"object_content_type\", \"import_jobs\".\"metadata_json\", \"import_jobs\".\"tags_json\", \"import_jobs\".\"decompress_prefix\", \"import_jobs\".\"state\", \"import_jobs\".\"phase\", \"import_jobs\".\"attempts\", \"import_jobs\".\"next_attempt_at\", \"import_jobs\".\"locked_by\", \"import_jobs\".\"locked_until\", \"import_jobs\".\"claim_epoch\", \"import_jobs\".\"providers_observed\", \"import_jobs\".\"pin_nodes_processed\", \"import_jobs\".\"pin_bytes_processed\", \"import_jobs\".\"downloaded_bytes\", \"import_jobs\".\"download_total\", \"import_jobs\".\"ipfs_add_bytes\", \"import_jobs\".\"logical_size\", \"import_jobs\".\"entries_processed\", \"import_jobs\".\"entries_succeeded\", \"import_jobs\".\"entries_failed\", \"import_jobs\".\"decompressed_bytes\", \"import_jobs\".\"final_cid\", \"import_jobs\".\"failure_code\", \"import_jobs\".\"failure_message\", \"import_jobs\".\"created_at\", \"import_jobs\".\"updated_at\", \"import_jobs\".\"completed_at\" FROM \"import_jobs\" WHERE (\"import_jobs\".\"state\" = ? AND \"import_jobs\".\"next_attempt_at\" <= ? AND \"import_jobs\".\"locked_by\" IS NULL AND \"import_jobs\".\"locked_until\" IS NULL) OR (\"import_jobs\".\"state\" = ? AND \"import_jobs\".\"locked_until\" <= ?) ORDER BY \"import_jobs\".\"next_attempt_at\" ASC, \"import_jobs\".\"created_at\" ASC, \"import_jobs\".\"id\" ASC LIMIT ?\n" rows_affected=1 rows_returned=0 elapsed=94.541碌s elapsed_secs=9.4541e-5
ipfs-s3-gateway  | 2026-08-13T00:48:47.798728Z  INFO sqlx::query: summary="SELECT \"import_jobs\".\"id\", \"import_jobs\".\"bucket\", \"import_jobs\".\"key\", 鈥? db.statement="\n\nSELECT \"import_jobs\".\"id\", \"import_jobs\".\"bucket\", \"import_jobs\".\"key\", \"import_jobs\".\"source_type\", \"import_jobs\".\"source_value\", \"import_jobs\".\"request_fingerprint\", \"import_jobs\".\"client_token\", \"import_jobs\".\"object_content_type\", \"import_jobs\".\"metadata_json\", \"import_jobs\".\"tags_json\", \"import_jobs\".\"decompress_prefix\", \"import_jobs\".\"state\", \"import_jobs\".\"phase\", \"import_jobs\".\"attempts\", \"import_jobs\".\"next_attempt_at\", \"import_jobs\".\"locked_by\", \"import_jobs\".\"locked_until\", \"import_jobs\".\"claim_epoch\", \"import_jobs\".\"providers_observed\", \"import_jobs\".\"pin_nodes_processed\", \"import_jobs\".\"pin_bytes_processed\", \"import_jobs\".\"downloaded_bytes\", \"import_jobs\".\"download_total\", \"import_jobs\".\"ipfs_add_bytes\", \"import_jobs\".\"logical_size\", \"import_jobs\".\"entries_processed\", \"import_jobs\".\"entries_succeeded\", \"import_jobs\".\"entries_failed\", \"import_jobs\".\"decompressed_bytes\", \"import_jobs\".\"final_cid\", \"import_jobs\".\"failure_code\", \"import_jobs\".\"failure_message\", \"import_jobs\".\"created_at\", \"import_jobs\".\"updated_at\", \"import_jobs\".\"completed_at\" FROM \"import_jobs\" WHERE (\"import_jobs\".\"state\" = ? AND \"import_jobs\".\"next_attempt_at\" <= ? AND \"import_jobs\".\"locked_by\" IS NULL AND \"import_jobs\".\"locked_until\" IS NULL) OR (\"import_jobs\".\"state\" = ? AND \"import_jobs\".\"locked_until\" <= ?) ORDER BY \"import_jobs\".\"next_attempt_at\" ASC, \"import_jobs\".\"created_at\" ASC, \"import_jobs\".\"id\" ASC LIMIT ?\n" rows_affected=1 rows_returned=0 elapsed=148.985碌s elapsed_secs=0.000148985
ipfs-s3-gateway  | 2026-08-13T00:48:48.067995Z  INFO sqlx::query: summary="SELECT \"objects\".\"id\", \"objects\".\"bucket\", \"objects\".\"key\", 鈥? db.statement="\n\nSELECT \"objects\".\"id\", \"objects\".\"bucket\", \"objects\".\"key\", \"objects\".\"cid\", \"objects\".\"size\", \"objects\".\"content_type\", \"objects\".\"etag\", \"objects\".\"metadata\", \"objects\".\"encrypted\", \"objects\".\"key_wrap\", \"objects\".\"sse_c_key_fingerprint\", \"objects\".\"multipart\", \"objects\".\"is_latest\", \"objects\".\"created_at\" FROM \"objects\" WHERE \"objects\".\"bucket\" = ? AND \"objects\".\"key\" = ? AND \"objects\".\"is_latest\" = ? LIMIT ?\n" rows_affected=0 rows_returned=1 elapsed=224.12碌s elapsed_secs=0.00022412
ipfs-s3-gateway  | 2026-08-13T00:48:48.299306Z  INFO sqlx::query: summary="SELECT \"import_jobs\".\"id\", \"import_jobs\".\"bucket\", \"import_jobs\".\"key\", 鈥? db.statement="\n\nSELECT \"import_jobs\".\"id\", \"import_jobs\".\"bucket\", \"import_jobs\".\"key\", \"import_jobs\".\"source_type\", \"import_jobs\".\"source_value\", \"import_jobs\".\"request_fingerprint\", \"import_jobs\".\"client_token\", \"import_jobs\".\"object_content_type\", \"import_jobs\".\"metadata_json\", \"import_jobs\".\"tags_json\", \"import_jobs\".\"decompress_prefix\", \"import_jobs\".\"state\", \"import_jobs\".\"phase\", \"import_jobs\".\"attempts\", \"import_jobs\".\"next_attempt_at\", \"import_jobs\".\"locked_by\", \"import_jobs\".\"locked_until\", \"import_jobs\".\"claim_epoch\", \"import_jobs\".\"providers_observed\", \"import_jobs\".\"pin_nodes_processed\", \"import_jobs\".\"pin_bytes_processed\", \"import_jobs\".\"downloaded_bytes\", \"import_jobs\".\"download_total\", \"import_jobs\".\"ipfs_add_bytes\", \"import_jobs\".\"logical_size\", \"import_jobs\".\"entries_processed\", \"import_jobs\".\"entries_succeeded\", \"import_jobs\".\"entries_failed\", \"import_jobs\".\"decompressed_bytes\", \"import_jobs\".\"final_cid\", \"import_jobs\".\"failure_code\", \"import_jobs\".\"failure_message\", \"import_jobs\".\"created_at\", \"import_jobs\".\"updated_at\", \"import_jobs\".\"completed_at\" FROM \"import_jobs\" WHERE (\"import_jobs\".\"state\" = ? AND \"import_jobs\".\"next_attempt_at\" <= ? AND \"import_jobs\".\"locked_by\" IS NULL AND \"import_jobs\".\"locked_until\" IS NULL) OR (\"import_jobs\".\"state\" = ? AND \"import_jobs\".\"locked_until\" <= ?) ORDER BY \"import_jobs\".\"next_attempt_at\" ASC, \"import_jobs\".\"created_at\" ASC, \"import_jobs\".\"id\" ASC LIMIT ?\n" rows_affected=1 rows_returned=0 elapsed=282.9碌s elapsed_secs=0.0002829
ipfs-s3-gateway  | 2026-08-13T00:48:48.798826Z  INFO sqlx::query: summary="SELECT \"import_jobs\".\"id\", \"import_jobs\".\"bucket\", \"import_jobs\".\"key\", 鈥? db.statement="\n\nSELECT \"import_jobs\".\"id\", \"import_jobs\".\"bucket\", \"import_jobs\".\"key\", \"import_jobs\".\"source_type\", \"import_jobs\".\"source_value\", \"import_jobs\".\"request_fingerprint\", \"import_jobs\".\"client_token\", \"import_jobs\".\"object_content_type\", \"import_jobs\".\"metadata_json\", \"import_jobs\".\"tags_json\", \"import_jobs\".\"decompress_prefix\", \"import_jobs\".\"state\", \"import_jobs\".\"phase\", \"import_jobs\".\"attempts\", \"import_jobs\".\"next_attempt_at\", \"import_jobs\".\"locked_by\", \"import_jobs\".\"locked_until\", \"import_jobs\".\"claim_epoch\", \"import_jobs\".\"providers_observed\", \"import_jobs\".\"pin_nodes_processed\", \"import_jobs\".\"pin_bytes_processed\", \"import_jobs\".\"downloaded_bytes\", \"import_jobs\".\"download_total\", \"import_jobs\".\"ipfs_add_bytes\", \"import_jobs\".\"logical_size\", \"import_jobs\".\"entries_processed\", \"import_jobs\".\"entries_succeeded\", \"import_jobs\".\"entries_failed\", \"import_jobs\".\"decompressed_bytes\", \"import_jobs\".\"final_cid\", \"import_jobs\".\"failure_code\", \"import_jobs\".\"failure_message\", \"import_jobs\".\"created_at\", \"import_jobs\".\"updated_at\", \"import_jobs\".\"completed_at\" FROM \"import_jobs\" WHERE (\"import_jobs\".\"state\" = ? AND \"import_jobs\".\"next_attempt_at\" <= ? AND \"import_jobs\".\"locked_by\" IS NULL AND \"import_jobs\".\"locked_until\" IS NULL) OR (\"import_jobs\".\"state\" = ? AND \"import_jobs\".\"locked_until\" <= ?) ORDER BY \"import_jobs\".\"next_attempt_at\" ASC, \"import_jobs\".\"created_at\" ASC, \"import_jobs\".\"id\" ASC LIMIT ?\n" rows_affected=1 rows_returned=0 elapsed=237.829碌s elapsed_secs=0.000237829
ipfs-s3-gateway  | 2026-08-13T00:48:49.298080Z  INFO sqlx::query: summary="SELECT \"import_jobs\".\"id\", \"import_jobs\".\"bucket\", \"import_jobs\".\"key\", 鈥? db.statement="\n\nSELECT \"import_jobs\".\"id\", \"import_jobs\".\"bucket\", \"import_jobs\".\"key\", \"import_jobs\".\"source_type\", \"import_jobs\".\"source_value\", \"import_jobs\".\"request_fingerprint\", \"import_jobs\".\"client_token\", \"import_jobs\".\"object_content_type\", \"import_jobs\".\"metadata_json\", \"import_jobs\".\"tags_json\", \"import_jobs\".\"decompress_prefix\", \"import_jobs\".\"state\", \"import_jobs\".\"phase\", \"import_jobs\".\"attempts\", \"import_jobs\".\"next_attempt_at\", \"import_jobs\".\"locked_by\", \"import_jobs\".\"locked_until\", \"import_jobs\".\"claim_epoch\", \"import_jobs\".\"providers_observed\", \"import_jobs\".\"pin_nodes_processed\", \"import_jobs\".\"pin_bytes_processed\", \"import_jobs\".\"downloaded_bytes\", \"import_jobs\".\"download_total\", \"import_jobs\".\"ipfs_add_bytes\", \"import_jobs\".\"logical_size\", \"import_jobs\".\"entries_processed\", \"import_jobs\".\"entries_succeeded\", \"import_jobs\".\"entries_failed\", \"import_jobs\".\"decompressed_bytes\", \"import_jobs\".\"final_cid\", \"import_jobs\".\"failure_code\", \"import_jobs\".\"failure_message\", \"import_jobs\".\"created_at\", \"import_jobs\".\"updated_at\", \"import_jobs\".\"completed_at\" FROM \"import_jobs\" WHERE (\"import_jobs\".\"state\" = ? AND \"import_jobs\".\"next_attempt_at\" <= ? AND \"import_jobs\".\"locked_by\" IS NULL AND \"import_jobs\".\"locked_until\" IS NULL) OR (\"import_jobs\".\"state\" = ? AND \"import_jobs\".\"locked_until\" <= ?) ORDER BY \"import_jobs\".\"next_attempt_at\" ASC, \"import_jobs\".\"created_at\" ASC, \"import_jobs\".\"id\" ASC LIMIT ?\n" rows_affected=1 rows_returned=0 elapsed=89.934碌s elapsed_secs=8.9934e-5
ipfs-s3-gateway  | 2026-08-13T00:48:49.598194Z  INFO sqlx::query: summary="SELECT \"objects\".\"id\", \"objects\".\"bucket\", \"objects\".\"key\", 鈥? db.statement="\n\nSELECT \"objects\".\"id\", \"objects\".\"bucket\", \"objects\".\"key\", \"objects\".\"cid\", \"objects\".\"size\", \"objects\".\"content_type\", \"objects\".\"etag\", \"objects\".\"metadata\", \"objects\".\"encrypted\", \"objects\".\"key_wrap\", \"objects\".\"sse_c_key_fingerprint\", \"objects\".\"multipart\", \"objects\".\"is_latest\", \"objects\".\"created_at\" FROM \"objects\" WHERE \"objects\".\"bucket\" = ? AND \"objects\".\"key\" = ? AND \"objects\".\"is_latest\" = ? LIMIT ?\n" rows_affected=0 rows_returned=1 elapsed=177.35碌s elapsed_secs=0.00017735
ipfs-s3-gateway  | 2026-08-13T00:48:49.798606Z  INFO sqlx::query: summary="SELECT \"import_jobs\".\"id\", \"import_jobs\".\"bucket\", \"import_jobs\".\"key\", 鈥? db.statement="\n\nSELECT \"import_jobs\".\"id\", \"import_jobs\".\"bucket\", \"import_jobs\".\"key\", \"import_jobs\".\"source_type\", \"import_jobs\".\"source_value\", \"import_jobs\".\"request_fingerprint\", \"import_jobs\".\"client_token\", \"import_jobs\".\"object_content_type\", \"import_jobs\".\"metadata_json\", \"import_jobs\".\"tags_json\", \"import_jobs\".\"decompress_prefix\", \"import_jobs\".\"state\", \"import_jobs\".\"phase\", \"import_jobs\".\"attempts\", \"import_jobs\".\"next_attempt_at\", \"import_jobs\".\"locked_by\", \"import_jobs\".\"locked_until\", \"import_jobs\".\"claim_epoch\", \"import_jobs\".\"providers_observed\", \"import_jobs\".\"pin_nodes_processed\", \"import_jobs\".\"pin_bytes_processed\", \"import_jobs\".\"downloaded_bytes\", \"import_jobs\".\"download_total\", \"import_jobs\".\"ipfs_add_bytes\", \"import_jobs\".\"logical_size\", \"import_jobs\".\"entries_processed\", \"import_jobs\".\"entries_succeeded\", \"import_jobs\".\"entries_failed\", \"import_jobs\".\"decompressed_bytes\", \"import_jobs\".\"final_cid\", \"import_jobs\".\"failure_code\", \"import_jobs\".\"failure_message\", \"import_jobs\".\"created_at\", \"import_jobs\".\"updated_at\", \"import_jobs\".\"completed_at\" FROM \"import_jobs\" WHERE (\"import_jobs\".\"state\" = ? AND \"import_jobs\".\"next_attempt_at\" <= ? AND \"import_jobs\".\"locked_by\" IS NULL AND \"import_jobs\".\"locked_until\" IS NULL) OR (\"import_jobs\".\"state\" = ? AND \"import_jobs\".\"locked_until\" <= ?) ORDER BY \"import_jobs\".\"next_attempt_at\" ASC, \"import_jobs\".\"created_at\" ASC, \"import_jobs\".\"id\" ASC LIMIT ?\n" rows_affected=1 rows_returned=0 elapsed=103.609碌s elapsed_secs=0.000103609
ipfs-s3-gateway  | 2026-08-13T00:48:50.299059Z  INFO sqlx::query: summary="SELECT \"import_jobs\".\"id\", \"import_jobs\".\"bucket\", \"import_jobs\".\"key\", 鈥? db.statement="\n\nSELECT \"import_jobs\".\"id\", \"import_jobs\".\"bucket\", \"import_jobs\".\"key\", \"import_jobs\".\"source_type\", \"import_jobs\".\"source_value\", \"import_jobs\".\"request_fingerprint\", \"import_jobs\".\"client_token\", \"import_jobs\".\"object_content_type\", \"import_jobs\".\"metadata_json\", \"import_jobs\".\"tags_json\", \"import_jobs\".\"decompress_prefix\", \"import_jobs\".\"state\", \"import_jobs\".\"phase\", \"import_jobs\".\"attempts\", \"import_jobs\".\"next_attempt_at\", \"import_jobs\".\"locked_by\", \"import_jobs\".\"locked_until\", \"import_jobs\".\"claim_epoch\", \"import_jobs\".\"providers_observed\", \"import_jobs\".\"pin_nodes_processed\", \"import_jobs\".\"pin_bytes_processed\", \"import_jobs\".\"downloaded_bytes\", \"import_jobs\".\"download_total\", \"import_jobs\".\"ipfs_add_bytes\", \"import_jobs\".\"logical_size\", \"import_jobs\".\"entries_processed\", \"import_jobs\".\"entries_succeeded\", \"import_jobs\".\"entries_failed\", \"import_jobs\".\"decompressed_bytes\", \"import_jobs\".\"final_cid\", \"import_jobs\".\"failure_code\", \"import_jobs\".\"failure_message\", \"import_jobs\".\"created_at\", \"import_jobs\".\"updated_at\", \"import_jobs\".\"completed_at\" FROM \"import_jobs\" WHERE (\"import_jobs\".\"state\" = ? AND \"import_jobs\".\"next_attempt_at\" <= ? AND \"import_jobs\".\"locked_by\" IS NULL AND \"import_jobs\".\"locked_until\" IS NULL) OR (\"import_jobs\".\"state\" = ? AND \"import_jobs\".\"locked_until\" <= ?) ORDER BY \"import_jobs\".\"next_attempt_at\" ASC, \"import_jobs\".\"created_at\" ASC, \"import_jobs\".\"id\" ASC LIMIT ?\n" rows_affected=1 rows_returned=0 elapsed=87.121碌s elapsed_secs=8.7121e-5
ipfs-s3-gateway  | 2026-08-13T00:48:50.799277Z  INFO sqlx::query: summary="SELECT \"import_jobs\".\"id\", \"import_jobs\".\"bucket\", \"import_jobs\".\"key\", 鈥? db.statement="\n\nSELECT \"import_jobs\".\"id\", \"import_jobs\".\"bucket\", \"import_jobs\".\"key\", \"import_jobs\".\"source_type\", \"import_jobs\".\"source_value\", \"import_jobs\".\"request_fingerprint\", \"import_jobs\".\"client_token\", \"import_jobs\".\"object_content_type\", \"import_jobs\".\"metadata_json\", \"import_jobs\".\"tags_json\", \"import_jobs\".\"decompress_prefix\", \"import_jobs\".\"state\", \"import_jobs\".\"phase\", \"import_jobs\".\"attempts\", \"import_jobs\".\"next_attempt_at\", \"import_jobs\".\"locked_by\", \"import_jobs\".\"locked_until\", \"import_jobs\".\"claim_epoch\", \"import_jobs\".\"providers_observed\", \"import_jobs\".\"pin_nodes_processed\", \"import_jobs\".\"pin_bytes_processed\", \"import_jobs\".\"downloaded_bytes\", \"import_jobs\".\"download_total\", \"import_jobs\".\"ipfs_add_bytes\", \"import_jobs\".\"logical_size\", \"import_jobs\".\"entries_processed\", \"import_jobs\".\"entries_succeeded\", \"import_jobs\".\"entries_failed\", \"import_jobs\".\"decompressed_bytes\", \"import_jobs\".\"final_cid\", \"import_jobs\".\"failure_code\", \"import_jobs\".\"failure_message\", \"import_jobs\".\"created_at\", \"import_jobs\".\"updated_at\", \"import_jobs\".\"completed_at\" FROM \"import_jobs\" WHERE (\"import_jobs\".\"state\" = ? AND \"import_jobs\".\"next_attempt_at\" <= ? AND \"import_jobs\".\"locked_by\" IS NULL AND \"import_jobs\".\"locked_until\" IS NULL) OR (\"import_jobs\".\"state\" = ? AND \"import_jobs\".\"locked_until\" <= ?) ORDER BY \"import_jobs\".\"next_attempt_at\" ASC, \"import_jobs\".\"created_at\" ASC, \"import_jobs\".\"id\" ASC LIMIT ?\n" rows_affected=1 rows_returned=0 elapsed=171.736碌s elapsed_secs=0.000171736
ipfs-s3-gateway  | 2026-08-13T00:48:51.049027Z  INFO sqlx::query: summary="SELECT COUNT(*) AS num_items 鈥? db.statement="\n\nSELECT COUNT(*) AS num_items FROM (SELECT \"buckets\".\"name\", \"buckets\".\"created_at\", \"buckets\".\"owner\" FROM \"buckets\" WHERE \"buckets\".\"name\" = ?) AS \"sub_query\"\n" rows_affected=0 rows_returned=1 elapsed=55.611碌s elapsed_secs=5.5611e-5
ipfs-s3-gateway  | 2026-08-13T00:48:51.049858Z  INFO sqlx::query: summary="UPDATE \"buckets\" SET \"created_at\" 鈥? db.statement="\n\nUPDATE \"buckets\" SET \"created_at\" = \"created_at\" WHERE \"buckets\".\"name\" = ?\n" rows_affected=1 rows_returned=0 elapsed=63.973碌s elapsed_secs=6.3973e-5
ipfs-s3-gateway  | 2026-08-13T00:48:51.050124Z  INFO sqlx::query: summary="SELECT \"import_destinations\".\"bucket\", \"import_destinations\".\"key\", \"import_destinations\".\"generation\", 鈥? db.statement="\n\nSELECT \"import_destinations\".\"bucket\", \"import_destinations\".\"key\", \"import_destinations\".\"generation\", \"import_destinations\".\"owner_job_id\", \"import_destinations\".\"mutation_id\", \"import_destinations\".\"mutation_prefix\", \"import_destinations\".\"updated_at\" FROM \"import_destinations\" WHERE \"import_destinations\".\"bucket\" = ? AND \"import_destinations\".\"key\" = ? LIMIT ?\n" rows_affected=0 rows_returned=1 elapsed=30.807碌s elapsed_secs=3.0807e-5
ipfs-s3-gateway  | 2026-08-13T00:48:51.050378Z  INFO sqlx::query: summary="SELECT \"import_destinations\".\"bucket\", \"import_destinations\".\"key\", \"import_destinations\".\"generation\", 鈥? db.statement="\n\nSELECT \"import_destinations\".\"bucket\", \"import_destinations\".\"key\", \"import_destinations\".\"generation\", \"import_destinations\".\"owner_job_id\", \"import_destinations\".\"mutation_id\", \"import_destinations\".\"mutation_prefix\", \"import_destinations\".\"updated_at\" FROM \"import_destinations\" WHERE \"import_destinations\".\"bucket\" = ? AND \"import_destinations\".\"key\" = ? LIMIT ?\n" rows_affected=1 rows_returned=0 elapsed=50.21碌s elapsed_secs=5.021e-5
ipfs-s3-gateway  | 2026-08-13T00:48:51.050556Z  INFO sqlx::query: summary="SELECT \"import_destinations\".\"bucket\", \"import_destinations\".\"key\", \"import_destinations\".\"generation\", 鈥? db.statement="\n\nSELECT \"import_destinations\".\"bucket\", \"import_destinations\".\"key\", \"import_destinations\".\"generation\", \"import_destinations\".\"owner_job_id\", \"import_destinations\".\"mutation_id\", \"import_destinations\".\"mutation_prefix\", \"import_destinations\".\"updated_at\" FROM \"import_destinations\" WHERE \"import_destinations\".\"bucket\" = ? AND \"import_destinations\".\"key\" = ? LIMIT ?\n" rows_affected=0 rows_returned=1 elapsed=15.515碌s elapsed_secs=1.5515e-5
ipfs-s3-gateway  | 2026-08-13T00:48:51.050774Z  INFO sqlx::query: summary="SELECT \"import_destinations\".\"bucket\", \"import_destinations\".\"key\", \"import_destinations\".\"generation\", 鈥? db.statement="\n\nSELECT \"import_destinations\".\"bucket\", \"import_destinations\".\"key\", \"import_destinations\".\"generation\", \"import_destinations\".\"owner_job_id\", \"import_destinations\".\"mutation_id\", \"import_destinations\".\"mutation_prefix\", \"import_destinations\".\"updated_at\" FROM \"import_destinations\" WHERE \"import_destinations\".\"bucket\" = ? AND \"import_destinations\".\"key\" = ? LIMIT ?\n" rows_affected=0 rows_returned=1 elapsed=12.923碌s elapsed_secs=1.2923e-5
ipfs-s3-gateway  | 2026-08-13T00:48:51.051100Z  INFO sqlx::query: summary="SELECT DISTINCT c.job_id AS 鈥? db.statement="\n\nSELECT DISTINCT c.job_id AS job_id FROM import_prefix_claims c JOIN import_jobs j ON j.id = c.job_id WHERE c.bucket = ?1 AND j.state IN ('queued', 'running') AND c.prefix = substr(?2, 1, length(c.prefix)) AND (?3 IS NULL OR c.job_id > ?3) AND (?4 IS NULL OR c.job_id <> ?4) ORDER BY c.job_id LIMIT ?5\n" rows_affected=1 rows_returned=0 elapsed=33.308碌s elapsed_secs=3.3308e-5
ipfs-s3-gateway  | 2026-08-13T00:48:51.051219Z  INFO sqlx::query: summary="SELECT DISTINCT c.job_id AS 鈥? db.statement="\n\nSELECT DISTINCT c.job_id AS job_id FROM import_prefix_claims c JOIN import_jobs j ON j.id = c.job_id WHERE c.bucket = ?1 AND j.state IN ('queued', 'running') AND c.prefix = substr(?2, 1, length(c.prefix)) AND (?3 IS NULL OR c.job_id > ?3) AND (?4 IS NULL OR c.job_id <> ?4) ORDER BY c.job_id LIMIT ?5\n" rows_affected=1 rows_returned=0 elapsed=25.159碌s elapsed_secs=2.5159e-5
ipfs-s3-gateway  | 2026-08-13T00:48:51.051506Z  INFO sqlx::query: summary="SELECT DISTINCT c.job_id AS 鈥? db.statement="\n\nSELECT DISTINCT c.job_id AS job_id FROM import_prefix_claims c JOIN import_jobs j ON j.id = c.job_id WHERE c.bucket = ?1 AND j.state IN ('queued', 'running') AND c.prefix = substr(?2, 1, length(c.prefix)) AND (?3 IS NULL OR c.job_id > ?3) AND (?4 IS NULL OR c.job_id <> ?4) ORDER BY c.job_id LIMIT ?5\n" rows_affected=1 rows_returned=0 elapsed=55.561碌s elapsed_secs=5.5561e-5
ipfs-s3-gateway  | 2026-08-13T00:48:51.051708Z  INFO sqlx::query: summary="SELECT DISTINCT c.job_id AS 鈥? db.statement="\n\nSELECT DISTINCT c.job_id AS job_id FROM import_prefix_claims c JOIN import_jobs j ON j.id = c.job_id WHERE c.bucket = ?1 AND j.state IN ('queued', 'running') AND c.prefix = substr(?2, 1, length(c.prefix)) AND (?3 IS NULL OR c.job_id > ?3) AND (?4 IS NULL OR c.job_id <> ?4) ORDER BY c.job_id LIMIT ?5\n" rows_affected=1 rows_returned=0 elapsed=37.913碌s elapsed_secs=3.7913e-5
ipfs-s3-gateway  | 2026-08-13T00:48:51.052017Z  INFO sqlx::query: summary="SELECT \"import_destinations\".\"bucket\", \"import_destinations\".\"key\", \"import_destinations\".\"generation\", 鈥? db.statement="\n\nSELECT \"import_destinations\".\"bucket\", \"import_destinations\".\"key\", \"import_destinations\".\"generation\", \"import_destinations\".\"owner_job_id\", \"import_destinations\".\"mutation_id\", \"import_destinations\".\"mutation_prefix\", \"import_destinations\".\"updated_at\" FROM \"import_destinations\" WHERE \"import_destinations\".\"bucket\" = ? AND \"import_destinations\".\"mutation_id\" IS NOT NULL ORDER BY \"import_destinations\".\"key\" ASC LIMIT ?\n" rows_affected=1 rows_returned=0 elapsed=57.16碌s elapsed_secs=5.716e-5
ipfs-s3-gateway  | 2026-08-13T00:48:51.052188Z  INFO sqlx::query: summary="SELECT \"import_destinations\".\"bucket\", \"import_destinations\".\"key\", \"import_destinations\".\"generation\", 鈥? db.statement="\n\nSELECT \"import_destinations\".\"bucket\", \"import_destinations\".\"key\", \"import_destinations\".\"generation\", \"import_destinations\".\"owner_job_id\", \"import_destinations\".\"mutation_id\", \"import_destinations\".\"mutation_prefix\", \"import_destinations\".\"updated_at\" FROM \"import_destinations\" WHERE \"import_destinations\".\"bucket\" = ? AND \"import_destinations\".\"key\" = ? LIMIT ?\n" rows_affected=0 rows_returned=1 elapsed=14.92碌s elapsed_secs=1.492e-5
ipfs-s3-gateway  | 2026-08-13T00:48:51.052645Z  INFO sqlx::query: summary="UPDATE \"import_destinations\" SET \"generation\" 鈥? db.statement="\n\nUPDATE \"import_destinations\" SET \"generation\" = ?, \"owner_job_id\" = ?, \"mutation_id\" = ?, \"mutation_prefix\" = ?, \"updated_at\" = ? WHERE \"import_destinations\".\"bucket\" = ? AND \"import_destinations\".\"key\" = ? AND \"import_destinations\".\"generation\" = ?\n" rows_affected=1 rows_returned=0 elapsed=171.097碌s elapsed_secs=0.000171097
ipfs-s3-gateway  | 2026-08-13T00:48:51.052736Z  INFO sqlx::query: summary="SELECT \"import_destinations\".\"bucket\", \"import_destinations\".\"key\", \"import_destinations\".\"generation\", 鈥? db.statement="\n\nSELECT \"import_destinations\".\"bucket\", \"import_destinations\".\"key\", \"import_destinations\".\"generation\", \"import_destinations\".\"owner_job_id\", \"import_destinations\".\"mutation_id\", \"import_destinations\".\"mutation_prefix\", \"import_destinations\".\"updated_at\" FROM \"import_destinations\" WHERE \"import_destinations\".\"bucket\" = ? AND \"import_destinations\".\"key\" = ? LIMIT ?\n" rows_affected=1 rows_returned=0 elapsed=4.442碌s elapsed_secs=4.442e-6
ipfs-s3-gateway  | 2026-08-13T00:48:51.053045Z  INFO sqlx::query: summary="INSERT INTO \"import_destinations\" (\"bucket\", 鈥? db.statement="\n\nINSERT INTO \"import_destinations\" (\"bucket\", \"key\", \"generation\", \"owner_job_id\", \"mutation_id\", \"mutation_prefix\", \"updated_at\") VALUES (?, ?, ?, ?, ?, ?, ?)\n" rows_affected=1 rows_returned=0 elapsed=92.356碌s elapsed_secs=9.2356e-5
ipfs-s3-gateway  | 2026-08-13T00:48:51.053350Z  INFO sqlx::query: summary="SELECT \"import_destinations\".\"bucket\", \"import_destinations\".\"key\", \"import_destinations\".\"generation\", 鈥? db.statement="\n\nSELECT \"import_destinations\".\"bucket\", \"import_destinations\".\"key\", \"import_destinations\".\"generation\", \"import_destinations\".\"owner_job_id\", \"import_destinations\".\"mutation_id\", \"import_destinations\".\"mutation_prefix\", \"import_destinations\".\"updated_at\" FROM \"import_destinations\" WHERE \"import_destinations\".\"bucket\" = ? AND \"import_destinations\".\"key\" = ? LIMIT ?\n" rows_affected=0 rows_returned=1 elapsed=10.73碌s elapsed_secs=1.073e-5
ipfs-s3-gateway  | 2026-08-13T00:48:51.053729Z  INFO sqlx::query: summary="UPDATE \"import_destinations\" SET \"generation\" 鈥? db.statement="\n\nUPDATE \"import_destinations\" SET \"generation\" = ?, \"owner_job_id\" = ?, \"mutation_id\" = ?, \"mutation_prefix\" = ?, \"updated_at\" = ? WHERE \"import_destinations\".\"bucket\" = ? AND \"import_destinations\".\"key\" = ? AND \"import_destinations\".\"generation\" = ?\n" rows_affected=1 rows_returned=0 elapsed=82.32碌s elapsed_secs=8.232e-5
ipfs-s3-gateway  | 2026-08-13T00:48:51.053963Z  INFO sqlx::query: summary="SELECT \"import_destinations\".\"bucket\", \"import_destinations\".\"key\", \"import_destinations\".\"generation\", 鈥? db.statement="\n\nSELECT \"import_destinations\".\"bucket\", \"import_destinations\".\"key\", \"import_destinations\".\"generation\", \"import_destinations\".\"owner_job_id\", \"import_destinations\".\"mutation_id\", \"import_destinations\".\"mutation_prefix\", \"import_destinations\".\"updated_at\" FROM \"import_destinations\" WHERE \"import_destinations\".\"bucket\" = ? AND \"import_destinations\".\"key\" = ? LIMIT ?\n" rows_affected=0 rows_returned=1 elapsed=13.37碌s elapsed_secs=1.337e-5
ipfs-s3-gateway  | 2026-08-13T00:48:51.054402Z  INFO sqlx::query: summary="UPDATE \"import_destinations\" SET \"generation\" 鈥? db.statement="\n\nUPDATE \"import_destinations\" SET \"generation\" = ?, \"owner_job_id\" = ?, \"mutation_id\" = ?, \"mutation_prefix\" = ?, \"updated_at\" = ? WHERE \"import_destinations\".\"bucket\" = ? AND \"import_destinations\".\"key\" = ? AND \"import_destinations\".\"generation\" = ?\n" rows_affected=1 rows_returned=0 elapsed=68.273碌s elapsed_secs=6.8273e-5
ipfs-s3-gateway  | 2026-08-13T00:48:51.060728Z  INFO sqlx::query: summary="UPDATE \"buckets\" SET \"created_at\" 鈥? db.statement="\n\nUPDATE \"buckets\" SET \"created_at\" = \"created_at\" WHERE \"buckets\".\"name\" = ?\n" rows_affected=1 rows_returned=0 elapsed=95.071碌s elapsed_secs=9.5071e-5
ipfs-s3-gateway  | 2026-08-13T00:48:51.061123Z  INFO sqlx::query: summary="SELECT \"import_destinations\".\"bucket\", \"import_destinations\".\"key\", \"import_destinations\".\"generation\", 鈥? db.statement="\n\nSELECT \"import_destinations\".\"bucket\", \"import_destinations\".\"key\", \"import_destinations\".\"generation\", \"import_destinations\".\"owner_job_id\", \"import_destinations\".\"mutation_id\", \"import_destinations\".\"mutation_prefix\", \"import_destinations\".\"updated_at\" FROM \"import_destinations\" WHERE \"import_destinations\".\"bucket\" = ? AND \"import_destinations\".\"key\" = ? LIMIT ?\n" rows_affected=0 rows_returned=1 elapsed=33.469碌s elapsed_secs=3.3469e-5
ipfs-s3-gateway  | 2026-08-13T00:48:51.061615Z  INFO sqlx::query: summary="SELECT \"objects\".\"id\", \"objects\".\"bucket\", \"objects\".\"key\", 鈥? db.statement="\n\nSELECT \"objects\".\"id\", \"objects\".\"bucket\", \"objects\".\"key\", \"objects\".\"cid\", \"objects\".\"size\", \"objects\".\"content_type\", \"objects\".\"etag\", \"objects\".\"metadata\", \"objects\".\"encrypted\", \"objects\".\"key_wrap\", \"objects\".\"sse_c_key_fingerprint\", \"objects\".\"multipart\", \"objects\".\"is_latest\", \"objects\".\"created_at\" FROM \"objects\" WHERE \"objects\".\"bucket\" = ? AND \"objects\".\"key\" = ? AND \"objects\".\"is_latest\" = ? LIMIT ?\n" rows_affected=0 rows_returned=1 elapsed=202.643碌s elapsed_secs=0.000202643
ipfs-s3-gateway  | 2026-08-13T00:48:51.061836Z  INFO sqlx::query: summary="UPDATE \"objects\" SET \"is_latest\" 鈥? db.statement="\n\nUPDATE \"objects\" SET \"is_latest\" = ? WHERE \"objects\".\"id\" = ? AND \"objects\".\"is_latest\" = ?\n" rows_affected=1 rows_returned=0 elapsed=103.066碌s elapsed_secs=0.000103066
ipfs-s3-gateway  | 2026-08-13T00:48:51.061971Z  INFO sqlx::query: summary="SELECT \"pin_leases\".\"id\", \"pin_leases\".\"owner_object_id\", \"pin_leases\".\"source\", 鈥? db.statement="\n\nSELECT \"pin_leases\".\"id\", \"pin_leases\".\"owner_object_id\", \"pin_leases\".\"source\", \"pin_leases\".\"policy_id\", \"pin_leases\".\"provider_mode\", \"pin_leases\".\"content_mode\", \"pin_leases\".\"created_at\", \"pin_leases\".\"last_touched_at\", \"pin_leases\".\"expires_at\", \"pin_leases\".\"generation\", \"pin_leases\".\"state\" FROM \"pin_leases\" WHERE \"pin_leases\".\"owner_object_id\" = ? AND \"pin_leases\".\"state\" = ? ORDER BY \"pin_leases\".\"id\" ASC\n" rows_affected=1 rows_returned=0 elapsed=32.735碌s elapsed_secs=3.2735e-5
ipfs-s3-gateway  | 2026-08-13T00:48:51.062105Z  INFO sqlx::query: summary="UPDATE \"import_destinations\" SET \"mutation_id\" 鈥? db.statement="\n\nUPDATE \"import_destinations\" SET \"mutation_id\" = ?, \"mutation_prefix\" = ?, \"updated_at\" = ? WHERE \"import_destinations\".\"bucket\" = ? AND \"import_destinations\".\"key\" = ? AND \"import_destinations\".\"generation\" = ? AND \"import_destinations\".\"owner_job_id\" IS NULL AND \"import_destinations\".\"mutation_id\" = ?\n" rows_affected=1 rows_returned=0 elapsed=47.717碌s elapsed_secs=4.7717e-5
ipfs-s3-gateway  | 2026-08-13T00:48:51.070820Z  INFO sqlx::query: summary="UPDATE \"buckets\" SET \"created_at\" 鈥? db.statement="\n\nUPDATE \"buckets\" SET \"created_at\" = \"created_at\" WHERE \"buckets\".\"name\" = ?\n" rows_affected=1 rows_returned=0 elapsed=199.333碌s elapsed_secs=0.000199333
ipfs-s3-gateway  | 2026-08-13T00:48:51.071163Z  INFO sqlx::query: summary="SELECT \"import_destinations\".\"bucket\", \"import_destinations\".\"key\", \"import_destinations\".\"generation\", 鈥? db.statement="\n\nSELECT \"import_destinations\".\"bucket\", \"import_destinations\".\"key\", \"import_destinations\".\"generation\", \"import_destinations\".\"owner_job_id\", \"import_destinations\".\"mutation_id\", \"import_destinations\".\"mutation_prefix\", \"import_destinations\".\"updated_at\" FROM \"import_destinations\" WHERE \"import_destinations\".\"bucket\" = ? AND \"import_destinations\".\"key\" = ? LIMIT ?\n" rows_affected=0 rows_returned=1 elapsed=19.883碌s elapsed_secs=1.9883e-5
ipfs-s3-gateway  | 2026-08-13T00:48:51.071493Z  INFO sqlx::query: summary="SELECT \"objects\".\"id\", \"objects\".\"bucket\", \"objects\".\"key\", 鈥? db.statement="\n\nSELECT \"objects\".\"id\", \"objects\".\"bucket\", \"objects\".\"key\", \"objects\".\"cid\", \"objects\".\"size\", \"objects\".\"content_type\", \"objects\".\"etag\", \"objects\".\"metadata\", \"objects\".\"encrypted\", \"objects\".\"key_wrap\", \"objects\".\"sse_c_key_fingerprint\", \"objects\".\"multipart\", \"objects\".\"is_latest\", \"objects\".\"created_at\" FROM \"objects\" WHERE \"objects\".\"bucket\" = ? AND \"objects\".\"key\" = ? AND \"objects\".\"is_latest\" = ? LIMIT ?\n" rows_affected=0 rows_returned=1 elapsed=143.631碌s elapsed_secs=0.000143631
ipfs-s3-gateway  | 2026-08-13T00:48:51.071893Z  INFO sqlx::query: summary="UPDATE \"objects\" SET \"is_latest\" 鈥? db.statement="\n\nUPDATE \"objects\" SET \"is_latest\" = ? WHERE \"objects\".\"id\" = ? AND \"objects\".\"is_latest\" = ?\n" rows_affected=1 rows_returned=0 elapsed=107.94碌s elapsed_secs=0.00010794
ipfs-s3-gateway  | 2026-08-13T00:48:51.072075Z  INFO sqlx::query: summary="SELECT \"pin_leases\".\"id\", \"pin_leases\".\"owner_object_id\", \"pin_leases\".\"source\", 鈥? db.statement="\n\nSELECT \"pin_leases\".\"id\", \"pin_leases\".\"owner_object_id\", \"pin_leases\".\"source\", \"pin_leases\".\"policy_id\", \"pin_leases\".\"provider_mode\", \"pin_leases\".\"content_mode\", \"pin_leases\".\"created_at\", \"pin_leases\".\"last_touched_at\", \"pin_leases\".\"expires_at\", \"pin_leases\".\"generation\", \"pin_leases\".\"state\" FROM \"pin_leases\" WHERE \"pin_leases\".\"owner_object_id\" = ? AND \"pin_leases\".\"state\" = ? ORDER BY \"pin_leases\".\"id\" ASC\n" rows_affected=1 rows_returned=0 elapsed=61.51碌s elapsed_secs=6.151e-5
ipfs-s3-gateway  | 2026-08-13T00:48:51.072343Z  INFO sqlx::query: summary="UPDATE \"import_destinations\" SET \"mutation_id\" 鈥? db.statement="\n\nUPDATE \"import_destinations\" SET \"mutation_id\" = ?, \"mutation_prefix\" = ?, \"updated_at\" = ? WHERE \"import_destinations\".\"bucket\" = ? AND \"import_destinations\".\"key\" = ? AND \"import_destinations\".\"generation\" = ? AND \"import_destinations\".\"owner_job_id\" IS NULL AND \"import_destinations\".\"mutation_id\" = ?\n" rows_affected=1 rows_returned=0 elapsed=52.699碌s elapsed_secs=5.2699e-5
ipfs-s3-gateway  | 2026-08-13T00:48:51.077061Z  INFO sqlx::query: summary="UPDATE \"buckets\" SET \"created_at\" 鈥? db.statement="\n\nUPDATE \"buckets\" SET \"created_at\" = \"created_at\" WHERE \"buckets\".\"name\" = ?\n" rows_affected=1 rows_returned=0 elapsed=61.615碌s elapsed_secs=6.1615e-5
ipfs-s3-gateway  | 2026-08-13T00:48:51.077248Z  INFO sqlx::query: summary="SELECT \"import_destinations\".\"bucket\", \"import_destinations\".\"key\", \"import_destinations\".\"generation\", 鈥? db.statement="\n\nSELECT \"import_destinations\".\"bucket\", \"import_destinations\".\"key\", \"import_destinations\".\"generation\", \"import_destinations\".\"owner_job_id\", \"import_destinations\".\"mutation_id\", \"import_destinations\".\"mutation_prefix\", \"import_destinations\".\"updated_at\" FROM \"import_destinations\" WHERE \"import_destinations\".\"bucket\" = ? AND \"import_destinations\".\"key\" = ? LIMIT ?\n" rows_affected=0 rows_returned=1 elapsed=17.588碌s elapsed_secs=1.7588e-5
ipfs-s3-gateway  | 2026-08-13T00:48:51.077526Z  INFO sqlx::query: summary="SELECT \"objects\".\"id\", \"objects\".\"bucket\", \"objects\".\"key\", 鈥? db.statement="\n\nSELECT \"objects\".\"id\", \"objects\".\"bucket\", \"objects\".\"key\", \"objects\".\"cid\", \"objects\".\"size\", \"objects\".\"content_type\", \"objects\".\"etag\", \"objects\".\"metadata\", \"objects\".\"encrypted\", \"objects\".\"key_wrap\", \"objects\".\"sse_c_key_fingerprint\", \"objects\".\"multipart\", \"objects\".\"is_latest\", \"objects\".\"created_at\" FROM \"objects\" WHERE \"objects\".\"bucket\" = ? AND \"objects\".\"key\" = ? AND \"objects\".\"is_latest\" = ? LIMIT ?\n" rows_affected=0 rows_returned=1 elapsed=124.216碌s elapsed_secs=0.000124216
ipfs-s3-gateway  | 2026-08-13T00:48:51.077847Z  INFO sqlx::query: summary="UPDATE \"objects\" SET \"is_latest\" 鈥? db.statement="\n\nUPDATE \"objects\" SET \"is_latest\" = ? WHERE \"objects\".\"id\" = ? AND \"objects\".\"is_latest\" = ?\n" rows_affected=1 rows_returned=0 elapsed=99.646碌s elapsed_secs=9.9646e-5
ipfs-s3-gateway  | 2026-08-13T00:48:51.077983Z  INFO sqlx::query: summary="SELECT \"pin_leases\".\"id\", \"pin_leases\".\"owner_object_id\", \"pin_leases\".\"source\", 鈥? db.statement="\n\nSELECT \"pin_leases\".\"id\", \"pin_leases\".\"owner_object_id\", \"pin_leases\".\"source\", \"pin_leases\".\"policy_id\", \"pin_leases\".\"provider_mode\", \"pin_leases\".\"content_mode\", \"pin_leases\".\"created_at\", \"pin_leases\".\"last_touched_at\", \"pin_leases\".\"expires_at\", \"pin_leases\".\"generation\", \"pin_leases\".\"state\" FROM \"pin_leases\" WHERE \"pin_leases\".\"owner_object_id\" = ? AND \"pin_leases\".\"state\" = ? ORDER BY \"pin_leases\".\"id\" ASC\n" rows_affected=1 rows_returned=0 elapsed=26.314碌s elapsed_secs=2.6314e-5
ipfs-s3-gateway  | 2026-08-13T00:48:51.078261Z  INFO sqlx::query: summary="UPDATE \"import_destinations\" SET \"mutation_id\" 鈥? db.statement="\n\nUPDATE \"import_destinations\" SET \"mutation_id\" = ?, \"mutation_prefix\" = ?, \"updated_at\" = ? WHERE \"import_destinations\".\"bucket\" = ? AND \"import_destinations\".\"key\" = ? AND \"import_destinations\".\"generation\" = ? AND \"import_destinations\".\"owner_job_id\" IS NULL AND \"import_destinations\".\"mutation_id\" = ?\n" rows_affected=1 rows_returned=0 elapsed=54.066碌s elapsed_secs=5.4066e-5
ipfs-s3-gateway  | 2026-08-13T00:48:51.085137Z  INFO sqlx::query: summary="UPDATE \"buckets\" SET \"created_at\" 鈥? db.statement="\n\nUPDATE \"buckets\" SET \"created_at\" = \"created_at\" WHERE \"buckets\".\"name\" = ?\n" rows_affected=1 rows_returned=0 elapsed=70.329碌s elapsed_secs=7.0329e-5
ipfs-s3-gateway  | 2026-08-13T00:48:51.085281Z  INFO sqlx::query: summary="SELECT \"import_destinations\".\"bucket\", \"import_destinations\".\"key\", \"import_destinations\".\"generation\", 鈥? db.statement="\n\nSELECT \"import_destinations\".\"bucket\", \"import_destinations\".\"key\", \"import_destinations\".\"generation\", \"import_destinations\".\"owner_job_id\", \"import_destinations\".\"mutation_id\", \"import_destinations\".\"mutation_prefix\", \"import_destinations\".\"updated_at\" FROM \"import_destinations\" WHERE \"import_destinations\".\"bucket\" = ? AND \"import_destinations\".\"key\" = ? LIMIT ?\n" rows_affected=0 rows_returned=1 elapsed=11.373碌s elapsed_secs=1.1373e-5
ipfs-s3-gateway  | 2026-08-13T00:48:51.085605Z  INFO sqlx::query: summary="SELECT \"objects\".\"id\", \"objects\".\"bucket\", \"objects\".\"key\", 鈥? db.statement="\n\nSELECT \"objects\".\"id\", \"objects\".\"bucket\", \"objects\".\"key\", \"objects\".\"cid\", \"objects\".\"size\", \"objects\".\"content_type\", \"objects\".\"etag\", \"objects\".\"metadata\", \"objects\".\"encrypted\", \"objects\".\"key_wrap\", \"objects\".\"sse_c_key_fingerprint\", \"objects\".\"multipart\", \"objects\".\"is_latest\", \"objects\".\"created_at\" FROM \"objects\" WHERE \"objects\".\"bucket\" = ? AND \"objects\".\"key\" = ? AND \"objects\".\"is_latest\" = ? LIMIT ?\n" rows_affected=1 rows_returned=0 elapsed=175.944碌s elapsed_secs=0.000175944
ipfs-s3-gateway  | 2026-08-13T00:48:51.085944Z  INFO sqlx::query: summary="UPDATE \"import_destinations\" SET \"mutation_id\" 鈥? db.statement="\n\nUPDATE \"import_destinations\" SET \"mutation_id\" = ?, \"mutation_prefix\" = ?, \"updated_at\" = ? WHERE \"import_destinations\".\"bucket\" = ? AND \"import_destinations\".\"key\" = ? AND \"import_destinations\".\"generation\" = ? AND \"import_destinations\".\"owner_job_id\" IS NULL AND \"import_destinations\".\"mutation_id\" = ?\n" rows_affected=1 rows_returned=0 elapsed=126.391碌s elapsed_secs=0.000126391
ipfs-s3-gateway  | 2026-08-13T00:48:51.298142Z  INFO sqlx::query: summary="SELECT \"import_jobs\".\"id\", \"import_jobs\".\"bucket\", \"import_jobs\".\"key\", 鈥? db.statement="\n\nSELECT \"import_jobs\".\"id\", \"import_jobs\".\"bucket\", \"import_jobs\".\"key\", \"import_jobs\".\"source_type\", \"import_jobs\".\"source_value\", \"import_jobs\".\"request_fingerprint\", \"import_jobs\".\"client_token\", \"import_jobs\".\"object_content_type\", \"import_jobs\".\"metadata_json\", \"import_jobs\".\"tags_json\", \"import_jobs\".\"decompress_prefix\", \"import_jobs\".\"state\", \"import_jobs\".\"phase\", \"import_jobs\".\"attempts\", \"import_jobs\".\"next_attempt_at\", \"import_jobs\".\"locked_by\", \"import_jobs\".\"locked_until\", \"import_jobs\".\"claim_epoch\", \"import_jobs\".\"providers_observed\", \"import_jobs\".\"pin_nodes_processed\", \"import_jobs\".\"pin_bytes_processed\", \"import_jobs\".\"downloaded_bytes\", \"import_jobs\".\"download_total\", \"import_jobs\".\"ipfs_add_bytes\", \"import_jobs\".\"logical_size\", \"import_jobs\".\"entries_processed\", \"import_jobs\".\"entries_succeeded\", \"import_jobs\".\"entries_failed\", \"import_jobs\".\"decompressed_bytes\", \"import_jobs\".\"final_cid\", \"import_jobs\".\"failure_code\", \"import_jobs\".\"failure_message\", \"import_jobs\".\"created_at\", \"import_jobs\".\"updated_at\", \"import_jobs\".\"completed_at\" FROM \"import_jobs\" WHERE (\"import_jobs\".\"state\" = ? AND \"import_jobs\".\"next_attempt_at\" <= ? AND \"import_jobs\".\"locked_by\" IS NULL AND \"import_jobs\".\"locked_until\" IS NULL) OR (\"import_jobs\".\"state\" = ? AND \"import_jobs\".\"locked_until\" <= ?) ORDER BY \"import_jobs\".\"next_attempt_at\" ASC, \"import_jobs\".\"created_at\" ASC, \"import_jobs\".\"id\" ASC LIMIT ?\n" rows_affected=1 rows_returned=0 elapsed=115.122碌s elapsed_secs=0.000115122
ipfs-s3-gateway  | 2026-08-13T00:48:51.299006Z  INFO sqlx::query: summary="SELECT \"pin_leases\".\"id\", \"pin_leases\".\"owner_object_id\", \"pin_leases\".\"source\", 鈥? db.statement="\n\nSELECT \"pin_leases\".\"id\", \"pin_leases\".\"owner_object_id\", \"pin_leases\".\"source\", \"pin_leases\".\"policy_id\", \"pin_leases\".\"provider_mode\", \"pin_leases\".\"content_mode\", \"pin_leases\".\"created_at\", \"pin_leases\".\"last_touched_at\", \"pin_leases\".\"expires_at\", \"pin_leases\".\"generation\", \"pin_leases\".\"state\" FROM \"pin_leases\" WHERE \"pin_leases\".\"state\" = ? AND \"pin_leases\".\"expires_at\" <= ? ORDER BY \"pin_leases\".\"expires_at\" ASC, \"pin_leases\".\"id\" ASC\n" rows_affected=1 rows_returned=0 elapsed=89.751碌s elapsed_secs=8.9751e-5
ipfs-s3-gateway  | 2026-08-13T00:48:51.299951Z  INFO sqlx::query: summary="SELECT \"pin_lease_targets\".\"id\", \"pin_lease_targets\".\"lease_id\", \"pin_lease_targets\".\"cid\", 鈥? db.statement="\n\nSELECT \"pin_lease_targets\".\"id\", \"pin_lease_targets\".\"lease_id\", \"pin_lease_targets\".\"cid\", \"pin_lease_targets\".\"logical_size\", \"pin_lease_targets\".\"provider\", \"pin_lease_targets\".\"state\", \"pin_lease_targets\".\"created_at\", \"pin_lease_targets\".\"last_touched_at\" FROM \"pin_lease_targets\" WHERE \"pin_lease_targets\".\"state\" = ? ORDER BY \"pin_lease_targets\".\"created_at\" ASC, \"pin_lease_targets\".\"id\" ASC\n" rows_affected=1 rows_returned=0 elapsed=44.512碌s elapsed_secs=4.4512e-5
ipfs-s3-gateway  | 2026-08-13T00:48:51.300707Z  INFO sqlx::query: summary="SELECT \"pin_jobs\".\"provider\" FROM \"pin_jobs\" 鈥? db.statement="\n\nSELECT \"pin_jobs\".\"provider\" FROM \"pin_jobs\" WHERE (\"pin_jobs\".\"state\" = ? AND \"pin_jobs\".\"next_attempt_at\" <= ? AND \"pin_jobs\".\"locked_until\" IS NULL) OR (\"pin_jobs\".\"state\" = ? AND \"pin_jobs\".\"locked_until\" < ?) GROUP BY \"pin_jobs\".\"provider\"\n" rows_affected=1 rows_returned=0 elapsed=40.736碌s elapsed_secs=4.0736e-5
ipfs-s3-gateway  | 2026-08-13T00:48:51.798424Z  INFO sqlx::query: summary="SELECT \"import_jobs\".\"id\", \"import_jobs\".\"bucket\", \"import_jobs\".\"key\", 鈥? db.statement="\n\nSELECT \"import_jobs\".\"id\", \"import_jobs\".\"bucket\", \"import_jobs\".\"key\", \"import_jobs\".\"source_type\", \"import_jobs\".\"source_value\", \"import_jobs\".\"request_fingerprint\", \"import_jobs\".\"client_token\", \"import_jobs\".\"object_content_type\", \"import_jobs\".\"metadata_json\", \"import_jobs\".\"tags_json\", \"import_jobs\".\"decompress_prefix\", \"import_jobs\".\"state\", \"import_jobs\".\"phase\", \"import_jobs\".\"attempts\", \"import_jobs\".\"next_attempt_at\", \"import_jobs\".\"locked_by\", \"import_jobs\".\"locked_until\", \"import_jobs\".\"claim_epoch\", \"import_jobs\".\"providers_observed\", \"import_jobs\".\"pin_nodes_processed\", \"import_jobs\".\"pin_bytes_processed\", \"import_jobs\".\"downloaded_bytes\", \"import_jobs\".\"download_total\", \"import_jobs\".\"ipfs_add_bytes\", \"import_jobs\".\"logical_size\", \"import_jobs\".\"entries_processed\", \"import_jobs\".\"entries_succeeded\", \"import_jobs\".\"entries_failed\", \"import_jobs\".\"decompressed_bytes\", \"import_jobs\".\"final_cid\", \"import_jobs\".\"failure_code\", \"import_jobs\".\"failure_message\", \"import_jobs\".\"created_at\", \"import_jobs\".\"updated_at\", \"import_jobs\".\"completed_at\" FROM \"import_jobs\" WHERE (\"import_jobs\".\"state\" = ? AND \"import_jobs\".\"next_attempt_at\" <= ? AND \"import_jobs\".\"locked_by\" IS NULL AND \"import_jobs\".\"locked_until\" IS NULL) OR (\"import_jobs\".\"state\" = ? AND \"import_jobs\".\"locked_until\" <= ?) ORDER BY \"import_jobs\".\"next_attempt_at\" ASC, \"import_jobs\".\"created_at\" ASC, \"import_jobs\".\"id\" ASC LIMIT ?\n" rows_affected=1 rows_returned=0 elapsed=77.17碌s elapsed_secs=7.717e-5
ipfs-s3-gateway  | 2026-08-13T00:48:52.298315Z  INFO sqlx::query: summary="SELECT \"import_jobs\".\"id\", \"import_jobs\".\"bucket\", \"import_jobs\".\"key\", 鈥? db.statement="\n\nSELECT \"import_jobs\".\"id\", \"import_jobs\".\"bucket\", \"import_jobs\".\"key\", \"import_jobs\".\"source_type\", \"import_jobs\".\"source_value\", \"import_jobs\".\"request_fingerprint\", \"import_jobs\".\"client_token\", \"import_jobs\".\"object_content_type\", \"import_jobs\".\"metadata_json\", \"import_jobs\".\"tags_json\", \"import_jobs\".\"decompress_prefix\", \"import_jobs\".\"state\", \"import_jobs\".\"phase\", \"import_jobs\".\"attempts\", \"import_jobs\".\"next_attempt_at\", \"import_jobs\".\"locked_by\", \"import_jobs\".\"locked_until\", \"import_jobs\".\"claim_epoch\", \"import_jobs\".\"providers_observed\", \"import_jobs\".\"pin_nodes_processed\", \"import_jobs\".\"pin_bytes_processed\", \"import_jobs\".\"downloaded_bytes\", \"import_jobs\".\"download_total\", \"import_jobs\".\"ipfs_add_bytes\", \"import_jobs\".\"logical_size\", \"import_jobs\".\"entries_processed\", \"import_jobs\".\"entries_succeeded\", \"import_jobs\".\"entries_failed\", \"import_jobs\".\"decompressed_bytes\", \"import_jobs\".\"final_cid\", \"import_jobs\".\"failure_code\", \"import_jobs\".\"failure_message\", \"import_jobs\".\"created_at\", \"import_jobs\".\"updated_at\", \"import_jobs\".\"completed_at\" FROM \"import_jobs\" WHERE (\"import_jobs\".\"state\" = ? AND \"import_jobs\".\"next_attempt_at\" <= ? AND \"import_jobs\".\"locked_by\" IS NULL AND \"import_jobs\".\"locked_until\" IS NULL) OR (\"import_jobs\".\"state\" = ? AND \"import_jobs\".\"locked_until\" <= ?) ORDER BY \"import_jobs\".\"next_attempt_at\" ASC, \"import_jobs\".\"created_at\" ASC, \"import_jobs\".\"id\" ASC LIMIT ?\n" rows_affected=1 rows_returned=0 elapsed=82.345碌s elapsed_secs=8.2345e-5
ipfs-s3-gateway  | 2026-08-13T00:48:52.641810Z  INFO sqlx::query: summary="SELECT COUNT(*) AS num_items 鈥? db.statement="\n\nSELECT COUNT(*) AS num_items FROM (SELECT \"buckets\".\"name\", \"buckets\".\"created_at\", \"buckets\".\"owner\" FROM \"buckets\" WHERE \"buckets\".\"name\" = ?) AS \"sub_query\"\n" rows_affected=0 rows_returned=1 elapsed=59.936碌s elapsed_secs=5.9936e-5
ipfs-s3-gateway  | 2026-08-13T00:48:52.642423Z  INFO sqlx::query: summary="UPDATE \"buckets\" SET \"created_at\" 鈥? db.statement="\n\nUPDATE \"buckets\" SET \"created_at\" = \"created_at\" WHERE \"buckets\".\"name\" = ?\n" rows_affected=1 rows_returned=0 elapsed=64.553碌s elapsed_secs=6.4553e-5
ipfs-s3-gateway  | 2026-08-13T00:48:52.642694Z  INFO sqlx::query: summary="SELECT \"import_destinations\".\"bucket\", \"import_destinations\".\"key\", \"import_destinations\".\"generation\", 鈥? db.statement="\n\nSELECT \"import_destinations\".\"bucket\", \"import_destinations\".\"key\", \"import_destinations\".\"generation\", \"import_destinations\".\"owner_job_id\", \"import_destinations\".\"mutation_id\", \"import_destinations\".\"mutation_prefix\", \"import_destinations\".\"updated_at\" FROM \"import_destinations\" WHERE \"import_destinations\".\"bucket\" = ? AND \"import_destinations\".\"key\" = ? LIMIT ?\n" rows_affected=1 rows_returned=0 elapsed=36.336碌s elapsed_secs=3.6336e-5
ipfs-s3-gateway  | 2026-08-13T00:48:52.642837Z  INFO sqlx::query: summary="SELECT DISTINCT c.job_id AS 鈥? db.statement="\n\nSELECT DISTINCT c.job_id AS job_id FROM import_prefix_claims c JOIN import_jobs j ON j.id = c.job_id WHERE c.bucket = ?1 AND j.state IN ('queued', 'running') AND c.prefix = substr(?2, 1, length(c.prefix)) AND (?3 IS NULL OR c.job_id > ?3) AND (?4 IS NULL OR c.job_id <> ?4) ORDER BY c.job_id LIMIT ?5\n" rows_affected=1 rows_returned=0 elapsed=43.594碌s elapsed_secs=4.3594e-5
ipfs-s3-gateway  | 2026-08-13T00:48:52.643031Z  INFO sqlx::query: summary="SELECT \"import_destinations\".\"bucket\", \"import_destinations\".\"key\", \"import_destinations\".\"generation\", 鈥? db.statement="\n\nSELECT \"import_destinations\".\"bucket\", \"import_destinations\".\"key\", \"import_destinations\".\"generation\", \"import_destinations\".\"owner_job_id\", \"import_destinations\".\"mutation_id\", \"import_destinations\".\"mutation_prefix\", \"import_destinations\".\"updated_at\" FROM \"import_destinations\" WHERE \"import_destinations\".\"bucket\" = ? AND \"import_destinations\".\"mutation_id\" IS NOT NULL ORDER BY \"import_destinations\".\"key\" ASC LIMIT ?\n" rows_affected=1 rows_returned=0 elapsed=25.033碌s elapsed_secs=2.5033e-5
ipfs-s3-gateway  | 2026-08-13T00:48:52.643179Z  INFO sqlx::query: summary="SELECT \"import_destinations\".\"bucket\", \"import_destinations\".\"key\", \"import_destinations\".\"generation\", 鈥? db.statement="\n\nSELECT \"import_destinations\".\"bucket\", \"import_destinations\".\"key\", \"import_destinations\".\"generation\", \"import_destinations\".\"owner_job_id\", \"import_destinations\".\"mutation_id\", \"import_destinations\".\"mutation_prefix\", \"import_destinations\".\"updated_at\" FROM \"import_destinations\" WHERE \"import_destinations\".\"bucket\" = ? AND \"import_destinations\".\"key\" = ? LIMIT ?\n" rows_affected=1 rows_returned=0 elapsed=23.568碌s elapsed_secs=2.3568e-5
ipfs-s3-gateway  | 2026-08-13T00:48:52.643462Z  INFO sqlx::query: summary="INSERT INTO \"import_destinations\" (\"bucket\", 鈥? db.statement="\n\nINSERT INTO \"import_destinations\" (\"bucket\", \"key\", \"generation\", \"owner_job_id\", \"mutation_id\", \"mutation_prefix\", \"updated_at\") VALUES (?, ?, ?, ?, ?, ?, ?)\n" rows_affected=1 rows_returned=0 elapsed=138.086碌s elapsed_secs=0.000138086
ipfs-s3-gateway  | 2026-08-13T00:48:52.668965Z  INFO sqlx::query: summary="UPDATE \"buckets\" SET \"created_at\" 鈥? db.statement="\n\nUPDATE \"buckets\" SET \"created_at\" = \"created_at\" WHERE \"buckets\".\"name\" = ?\n" rows_affected=1 rows_returned=0 elapsed=118.413碌s elapsed_secs=0.000118413
ipfs-s3-gateway  | 2026-08-13T00:48:52.669244Z  INFO sqlx::query: summary="SELECT \"import_destinations\".\"bucket\", \"import_destinations\".\"key\", \"import_destinations\".\"generation\", 鈥? db.statement="\n\nSELECT \"import_destinations\".\"bucket\", \"import_destinations\".\"key\", \"import_destinations\".\"generation\", \"import_destinations\".\"owner_job_id\", \"import_destinations\".\"mutation_id\", \"import_destinations\".\"mutation_prefix\", \"import_destinations\".\"updated_at\" FROM \"import_destinations\" WHERE \"import_destinations\".\"bucket\" = ? AND \"import_destinations\".\"key\" = ? LIMIT ?\n" rows_affected=0 rows_returned=1 elapsed=23.992碌s elapsed_secs=2.3992e-5
ipfs-s3-gateway  | 2026-08-13T00:48:52.669772Z  INFO sqlx::query: summary="SELECT \"objects\".\"id\", \"objects\".\"bucket\", \"objects\".\"key\", 鈥? db.statement="\n\nSELECT \"objects\".\"id\", \"objects\".\"bucket\", \"objects\".\"key\", \"objects\".\"cid\", \"objects\".\"size\", \"objects\".\"content_type\", \"objects\".\"etag\", \"objects\".\"metadata\", \"objects\".\"encrypted\", \"objects\".\"key_wrap\", \"objects\".\"sse_c_key_fingerprint\", \"objects\".\"multipart\", \"objects\".\"is_latest\", \"objects\".\"created_at\" FROM \"objects\" WHERE \"objects\".\"bucket\" = ? AND \"objects\".\"key\" = ? AND \"objects\".\"is_latest\" = ? LIMIT ?\n" rows_affected=1 rows_returned=0 elapsed=173.592碌s elapsed_secs=0.000173592
ipfs-s3-gateway  | 2026-08-13T00:48:52.670128Z  INFO sqlx::query: summary="SELECT \"objects\".\"id\", \"objects\".\"bucket\", \"objects\".\"key\", 鈥? db.statement="\n\nSELECT \"objects\".\"id\", \"objects\".\"bucket\", \"objects\".\"key\", \"objects\".\"cid\", \"objects\".\"size\", \"objects\".\"content_type\", \"objects\".\"etag\", \"objects\".\"metadata\", \"objects\".\"encrypted\", \"objects\".\"key_wrap\", \"objects\".\"sse_c_key_fingerprint\", \"objects\".\"multipart\", \"objects\".\"is_latest\", \"objects\".\"created_at\" FROM \"objects\" WHERE \"objects\".\"bucket\" = ? AND \"objects\".\"key\" = ? AND \"objects\".\"is_latest\" = ? LIMIT ?\n" rows_affected=1 rows_returned=0 elapsed=99.589碌s elapsed_secs=9.9589e-5
ipfs-s3-gateway  | 2026-08-13T00:48:52.670274Z  INFO sqlx::query: summary="UPDATE \"objects\" SET \"is_latest\" 鈥? db.statement="\n\nUPDATE \"objects\" SET \"is_latest\" = ? WHERE \"objects\".\"bucket\" = ? AND \"objects\".\"key\" = ? AND \"objects\".\"is_latest\" = ?\n" rows_affected=0 rows_returned=0 elapsed=55.404碌s elapsed_secs=5.5404e-5
ipfs-s3-gateway  | 2026-08-13T00:48:52.670601Z  INFO sqlx::query: summary="INSERT INTO \"objects\" (\"id\", 鈥? db.statement="\n\nINSERT INTO \"objects\" (\"id\", \"bucket\", \"key\", \"cid\", \"size\", \"content_type\", \"etag\", \"metadata\", \"encrypted\", \"key_wrap\", \"sse_c_key_fingerprint\", \"multipart\", \"is_latest\", \"created_at\") VALUES (?, ?, ?, ?, ?, ?, ?, ?, ?, ?, ?, ?, ?, ?)\n" rows_affected=1 rows_returned=0 elapsed=203.829碌s elapsed_secs=0.000203829
ipfs-s3-gateway  | 2026-08-13T00:48:52.670791Z  INFO sqlx::query: summary="SELECT \"objects\".\"id\", \"objects\".\"bucket\", \"objects\".\"key\", 鈥? db.statement="\n\nSELECT \"objects\".\"id\", \"objects\".\"bucket\", \"objects\".\"key\", \"objects\".\"cid\", \"objects\".\"size\", \"objects\".\"content_type\", \"objects\".\"etag\", \"objects\".\"metadata\", \"objects\".\"encrypted\", \"objects\".\"key_wrap\", \"objects\".\"sse_c_key_fingerprint\", \"objects\".\"multipart\", \"objects\".\"is_latest\", \"objects\".\"created_at\" FROM \"objects\" WHERE \"objects\".\"id\" = ? LIMIT ?\n" rows_affected=0 rows_returned=1 elapsed=17.424碌s elapsed_secs=1.7424e-5
ipfs-s3-gateway  | 2026-08-13T00:48:52.671029Z  INFO sqlx::query: summary="DELETE FROM \"object_tags\" WHERE 鈥? db.statement="\n\nDELETE FROM \"object_tags\" WHERE \"object_tags\".\"object_id\" = ?\n" rows_affected=0 rows_returned=0 elapsed=9.173碌s elapsed_secs=9.173e-6
ipfs-s3-gateway  | 2026-08-13T00:48:52.671219Z  INFO sqlx::query: summary="UPDATE \"import_destinations\" SET \"mutation_id\" 鈥? db.statement="\n\nUPDATE \"import_destinations\" SET \"mutation_id\" = ?, \"mutation_prefix\" = ?, \"updated_at\" = ? WHERE \"import_destinations\".\"bucket\" = ? AND \"import_destinations\".\"key\" = ? AND \"import_destinations\".\"generation\" = ? AND \"import_destinations\".\"owner_job_id\" IS NULL AND \"import_destinations\".\"mutation_id\" = ?\n" rows_affected=1 rows_returned=0 elapsed=79.353碌s elapsed_secs=7.9353e-5
ipfs-s3-gateway  | 2026-08-13T00:48:52.798390Z  INFO sqlx::query: summary="SELECT \"import_jobs\".\"id\", \"import_jobs\".\"bucket\", \"import_jobs\".\"key\", 鈥? db.statement="\n\nSELECT \"import_jobs\".\"id\", \"import_jobs\".\"bucket\", \"import_jobs\".\"key\", \"import_jobs\".\"source_type\", \"import_jobs\".\"source_value\", \"import_jobs\".\"request_fingerprint\", \"import_jobs\".\"client_token\", \"import_jobs\".\"object_content_type\", \"import_jobs\".\"metadata_json\", \"import_jobs\".\"tags_json\", \"import_jobs\".\"decompress_prefix\", \"import_jobs\".\"state\", \"import_jobs\".\"phase\", \"import_jobs\".\"attempts\", \"import_jobs\".\"next_attempt_at\", \"import_jobs\".\"locked_by\", \"import_jobs\".\"locked_until\", \"import_jobs\".\"claim_epoch\", \"import_jobs\".\"providers_observed\", \"import_jobs\".\"pin_nodes_processed\", \"import_jobs\".\"pin_bytes_processed\", \"import_jobs\".\"downloaded_bytes\", \"import_jobs\".\"download_total\", \"import_jobs\".\"ipfs_add_bytes\", \"import_jobs\".\"logical_size\", \"import_jobs\".\"entries_processed\", \"import_jobs\".\"entries_succeeded\", \"import_jobs\".\"entries_failed\", \"import_jobs\".\"decompressed_bytes\", \"import_jobs\".\"final_cid\", \"import_jobs\".\"failure_code\", \"import_jobs\".\"failure_message\", \"import_jobs\".\"created_at\", \"import_jobs\".\"updated_at\", \"import_jobs\".\"completed_at\" FROM \"import_jobs\" WHERE (\"import_jobs\".\"state\" = ? AND \"import_jobs\".\"next_attempt_at\" <= ? AND \"import_jobs\".\"locked_by\" IS NULL AND \"import_jobs\".\"locked_until\" IS NULL) OR (\"import_jobs\".\"state\" = ? AND \"import_jobs\".\"locked_until\" <= ?) ORDER BY \"import_jobs\".\"next_attempt_at\" ASC, \"import_jobs\".\"created_at\" ASC, \"import_jobs\".\"id\" ASC LIMIT ?\n" rows_affected=1 rows_returned=0 elapsed=110.039碌s elapsed_secs=0.000110039
ipfs-s3-gateway  | 2026-08-13T00:48:53.298762Z  INFO sqlx::query: summary="SELECT \"import_jobs\".\"id\", \"import_jobs\".\"bucket\", \"import_jobs\".\"key\", 鈥? db.statement="\n\nSELECT \"import_jobs\".\"id\", \"import_jobs\".\"bucket\", \"import_jobs\".\"key\", \"import_jobs\".\"source_type\", \"import_jobs\".\"source_value\", \"import_jobs\".\"request_fingerprint\", \"import_jobs\".\"client_token\", \"import_jobs\".\"object_content_type\", \"import_jobs\".\"metadata_json\", \"import_jobs\".\"tags_json\", \"import_jobs\".\"decompress_prefix\", \"import_jobs\".\"state\", \"import_jobs\".\"phase\", \"import_jobs\".\"attempts\", \"import_jobs\".\"next_attempt_at\", \"import_jobs\".\"locked_by\", \"import_jobs\".\"locked_until\", \"import_jobs\".\"claim_epoch\", \"import_jobs\".\"providers_observed\", \"import_jobs\".\"pin_nodes_processed\", \"import_jobs\".\"pin_bytes_processed\", \"import_jobs\".\"downloaded_bytes\", \"import_jobs\".\"download_total\", \"import_jobs\".\"ipfs_add_bytes\", \"import_jobs\".\"logical_size\", \"import_jobs\".\"entries_processed\", \"import_jobs\".\"entries_succeeded\", \"import_jobs\".\"entries_failed\", \"import_jobs\".\"decompressed_bytes\", \"import_jobs\".\"final_cid\", \"import_jobs\".\"failure_code\", \"import_jobs\".\"failure_message\", \"import_jobs\".\"created_at\", \"import_jobs\".\"updated_at\", \"import_jobs\".\"completed_at\" FROM \"import_jobs\" WHERE (\"import_jobs\".\"state\" = ? AND \"import_jobs\".\"next_attempt_at\" <= ? AND \"import_jobs\".\"locked_by\" IS NULL AND \"import_jobs\".\"locked_until\" IS NULL) OR (\"import_jobs\".\"state\" = ? AND \"import_jobs\".\"locked_until\" <= ?) ORDER BY \"import_jobs\".\"next_attempt_at\" ASC, \"import_jobs\".\"created_at\" ASC, \"import_jobs\".\"id\" ASC LIMIT ?\n" rows_affected=1 rows_returned=0 elapsed=155.244碌s elapsed_secs=0.000155244
ipfs-s3-gateway  | 2026-08-13T00:48:53.798945Z  INFO sqlx::query: summary="SELECT \"import_jobs\".\"id\", \"import_jobs\".\"bucket\", \"import_jobs\".\"key\", 鈥? db.statement="\n\nSELECT \"import_jobs\".\"id\", \"import_jobs\".\"bucket\", \"import_jobs\".\"key\", \"import_jobs\".\"source_type\", \"import_jobs\".\"source_value\", \"import_jobs\".\"request_fingerprint\", \"import_jobs\".\"client_token\", \"import_jobs\".\"object_content_type\", \"import_jobs\".\"metadata_json\", \"import_jobs\".\"tags_json\", \"import_jobs\".\"decompress_prefix\", \"import_jobs\".\"state\", \"import_jobs\".\"phase\", \"import_jobs\".\"attempts\", \"import_jobs\".\"next_attempt_at\", \"import_jobs\".\"locked_by\", \"import_jobs\".\"locked_until\", \"import_jobs\".\"claim_epoch\", \"import_jobs\".\"providers_observed\", \"import_jobs\".\"pin_nodes_processed\", \"import_jobs\".\"pin_bytes_processed\", \"import_jobs\".\"downloaded_bytes\", \"import_jobs\".\"download_total\", \"import_jobs\".\"ipfs_add_bytes\", \"import_jobs\".\"logical_size\", \"import_jobs\".\"entries_processed\", \"import_jobs\".\"entries_succeeded\", \"import_jobs\".\"entries_failed\", \"import_jobs\".\"decompressed_bytes\", \"import_jobs\".\"final_cid\", \"import_jobs\".\"failure_code\", \"import_jobs\".\"failure_message\", \"import_jobs\".\"created_at\", \"import_jobs\".\"updated_at\", \"import_jobs\".\"completed_at\" FROM \"import_jobs\" WHERE (\"import_jobs\".\"state\" = ? AND \"import_jobs\".\"next_attempt_at\" <= ? AND \"import_jobs\".\"locked_by\" IS NULL AND \"import_jobs\".\"locked_until\" IS NULL) OR (\"import_jobs\".\"state\" = ? AND \"import_jobs\".\"locked_until\" <= ?) ORDER BY \"import_jobs\".\"next_attempt_at\" ASC, \"import_jobs\".\"created_at\" ASC, \"import_jobs\".\"id\" ASC LIMIT ?\n" rows_affected=1 rows_returned=0 elapsed=89.136碌s elapsed_secs=8.9136e-5
ipfs-s3-gateway  | 2026-08-13T00:48:54.293687Z  INFO sqlx::query: summary="UPDATE \"buckets\" SET \"created_at\" 鈥? db.statement="\n\nUPDATE \"buckets\" SET \"created_at\" = \"created_at\" WHERE \"buckets\".\"name\" = ?\n" rows_affected=1 rows_returned=0 elapsed=62.192碌s elapsed_secs=6.2192e-5
ipfs-s3-gateway  | 2026-08-13T00:48:54.294021Z  INFO sqlx::query: summary="SELECT \"import_destinations\".\"bucket\", \"import_destinations\".\"key\", \"import_destinations\".\"generation\", 鈥? db.statement="\n\nSELECT \"import_destinations\".\"bucket\", \"import_destinations\".\"key\", \"import_destinations\".\"generation\", \"import_destinations\".\"owner_job_id\", \"import_destinations\".\"mutation_id\", \"import_destinations\".\"mutation_prefix\", \"import_destinations\".\"updated_at\" FROM \"import_destinations\" WHERE \"import_destinations\".\"bucket\" = ? AND \"import_destinations\".\"key\" = ? LIMIT ?\n" rows_affected=0 rows_returned=1 elapsed=26.112碌s elapsed_secs=2.6112e-5
ipfs-s3-gateway  | 2026-08-13T00:48:54.294258Z  INFO sqlx::query: summary="SELECT DISTINCT c.job_id AS 鈥? db.statement="\n\nSELECT DISTINCT c.job_id AS job_id FROM import_prefix_claims c JOIN import_jobs j ON j.id = c.job_id WHERE c.bucket = ?1 AND j.state IN ('queued', 'running') AND c.prefix = substr(?2, 1, length(c.prefix)) AND (?3 IS NULL OR c.job_id > ?3) AND (?4 IS NULL OR c.job_id <> ?4) ORDER BY c.job_id LIMIT ?5\n" rows_affected=1 rows_returned=0 elapsed=29.451碌s elapsed_secs=2.9451e-5
ipfs-s3-gateway  | 2026-08-13T00:48:54.294455Z  INFO sqlx::query: summary="SELECT \"import_destinations\".\"bucket\", \"import_destinations\".\"key\", \"import_destinations\".\"generation\", 鈥? db.statement="\n\nSELECT \"import_destinations\".\"bucket\", \"import_destinations\".\"key\", \"import_destinations\".\"generation\", \"import_destinations\".\"owner_job_id\", \"import_destinations\".\"mutation_id\", \"import_destinations\".\"mutation_prefix\", \"import_destinations\".\"updated_at\" FROM \"import_destinations\" WHERE \"import_destinations\".\"bucket\" = ? AND \"import_destinations\".\"mutation_id\" IS NOT NULL ORDER BY \"import_destinations\".\"key\" ASC LIMIT ?\n" rows_affected=1 rows_returned=0 elapsed=56.636碌s elapsed_secs=5.6636e-5
ipfs-s3-gateway  | 2026-08-13T00:48:54.294748Z  INFO sqlx::query: summary="SELECT \"import_destinations\".\"bucket\", \"import_destinations\".\"key\", \"import_destinations\".\"generation\", 鈥? db.statement="\n\nSELECT \"import_destinations\".\"bucket\", \"import_destinations\".\"key\", \"import_destinations\".\"generation\", \"import_destinations\".\"owner_job_id\", \"import_destinations\".\"mutation_id\", \"import_destinations\".\"mutation_prefix\", \"import_destinations\".\"updated_at\" FROM \"import_destinations\" WHERE \"import_destinations\".\"bucket\" = ? AND \"import_destinations\".\"key\" = ? LIMIT ?\n" rows_affected=0 rows_returned=1 elapsed=15.354碌s elapsed_secs=1.5354e-5
ipfs-s3-gateway  | 2026-08-13T00:48:54.295095Z  INFO sqlx::query: summary="UPDATE \"import_destinations\" SET \"generation\" 鈥? db.statement="\n\nUPDATE \"import_destinations\" SET \"generation\" = ?, \"owner_job_id\" = ?, \"mutation_id\" = ?, \"mutation_prefix\" = ?, \"updated_at\" = ? WHERE \"import_destinations\".\"bucket\" = ? AND \"import_destinations\".\"key\" = ? AND \"import_destinations\".\"generation\" = ?\n" rows_affected=1 rows_returned=0 elapsed=151.508碌s elapsed_secs=0.000151508
ipfs-s3-gateway  | 2026-08-13T00:48:54.301413Z  INFO sqlx::query: summary="SELECT \"import_jobs\".\"id\", \"import_jobs\".\"bucket\", \"import_jobs\".\"key\", 鈥? db.statement="\n\nSELECT \"import_jobs\".\"id\", \"import_jobs\".\"bucket\", \"import_jobs\".\"key\", \"import_jobs\".\"source_type\", \"import_jobs\".\"source_value\", \"import_jobs\".\"request_fingerprint\", \"import_jobs\".\"client_token\", \"import_jobs\".\"object_content_type\", \"import_jobs\".\"metadata_json\", \"import_jobs\".\"tags_json\", \"import_jobs\".\"decompress_prefix\", \"import_jobs\".\"state\", \"import_jobs\".\"phase\", \"import_jobs\".\"attempts\", \"import_jobs\".\"next_attempt_at\", \"import_jobs\".\"locked_by\", \"import_jobs\".\"locked_until\", \"import_jobs\".\"claim_epoch\", \"import_jobs\".\"providers_observed\", \"import_jobs\".\"pin_nodes_processed\", \"import_jobs\".\"pin_bytes_processed\", \"import_jobs\".\"downloaded_bytes\", \"import_jobs\".\"download_total\", \"import_jobs\".\"ipfs_add_bytes\", \"import_jobs\".\"logical_size\", \"import_jobs\".\"entries_processed\", \"import_jobs\".\"entries_succeeded\", \"import_jobs\".\"entries_failed\", \"import_jobs\".\"decompressed_bytes\", \"import_jobs\".\"final_cid\", \"import_jobs\".\"failure_code\", \"import_jobs\".\"failure_message\", \"import_jobs\".\"created_at\", \"import_jobs\".\"updated_at\", \"import_jobs\".\"completed_at\" FROM \"import_jobs\" WHERE (\"import_jobs\".\"state\" = ? AND \"import_jobs\".\"next_attempt_at\" <= ? AND \"import_jobs\".\"locked_by\" IS NULL AND \"import_jobs\".\"locked_until\" IS NULL) OR (\"import_jobs\".\"state\" = ? AND \"import_jobs\".\"locked_until\" <= ?) ORDER BY \"import_jobs\".\"next_attempt_at\" ASC, \"import_jobs\".\"created_at\" ASC, \"import_jobs\".\"id\" ASC LIMIT ?\n" rows_affected=1 rows_returned=0 elapsed=84.276碌s elapsed_secs=8.4276e-5
ipfs-s3-gateway  | 2026-08-13T00:48:54.302869Z  INFO sqlx::query: summary="UPDATE \"buckets\" SET \"created_at\" 鈥? db.statement="\n\nUPDATE \"buckets\" SET \"created_at\" = \"created_at\" WHERE \"buckets\".\"name\" = ?\n" rows_affected=1 rows_returned=0 elapsed=116.987碌s elapsed_secs=0.000116987
ipfs-s3-gateway  | 2026-08-13T00:48:54.303111Z  INFO sqlx::query: summary="SELECT \"import_destinations\".\"bucket\", \"import_destinations\".\"key\", \"import_destinations\".\"generation\", 鈥? db.statement="\n\nSELECT \"import_destinations\".\"bucket\", \"import_destinations\".\"key\", \"import_destinations\".\"generation\", \"import_destinations\".\"owner_job_id\", \"import_destinations\".\"mutation_id\", \"import_destinations\".\"mutation_prefix\", \"import_destinations\".\"updated_at\" FROM \"import_destinations\" WHERE \"import_destinations\".\"bucket\" = ? AND \"import_destinations\".\"key\" = ? LIMIT ?\n" rows_affected=0 rows_returned=1 elapsed=18.923碌s elapsed_secs=1.8923e-5
ipfs-s3-gateway  | 2026-08-13T00:48:54.303677Z  INFO sqlx::query: summary="SELECT \"objects\".\"id\", \"objects\".\"bucket\", \"objects\".\"key\", 鈥? db.statement="\n\nSELECT \"objects\".\"id\", \"objects\".\"bucket\", \"objects\".\"key\", \"objects\".\"cid\", \"objects\".\"size\", \"objects\".\"content_type\", \"objects\".\"etag\", \"objects\".\"metadata\", \"objects\".\"encrypted\", \"objects\".\"key_wrap\", \"objects\".\"sse_c_key_fingerprint\", \"objects\".\"multipart\", \"objects\".\"is_latest\", \"objects\".\"created_at\" FROM \"objects\" WHERE \"objects\".\"bucket\" = ? AND \"objects\".\"key\" = ? AND \"objects\".\"is_latest\" = ? LIMIT ?\n" rows_affected=0 rows_returned=1 elapsed=248.728碌s elapsed_secs=0.000248728
ipfs-s3-gateway  | 2026-08-13T00:48:54.304155Z  INFO sqlx::query: summary="UPDATE \"objects\" SET \"is_latest\" 鈥? db.statement="\n\nUPDATE \"objects\" SET \"is_latest\" = ? WHERE \"objects\".\"id\" = ? AND \"objects\".\"is_latest\" = ?\n" rows_affected=1 rows_returned=0 elapsed=253.045碌s elapsed_secs=0.000253045
ipfs-s3-gateway  | 2026-08-13T00:48:54.304448Z  INFO sqlx::query: summary="SELECT \"pin_leases\".\"id\", \"pin_leases\".\"owner_object_id\", \"pin_leases\".\"source\", 鈥? db.statement="\n\nSELECT \"pin_leases\".\"id\", \"pin_leases\".\"owner_object_id\", \"pin_leases\".\"source\", \"pin_leases\".\"policy_id\", \"pin_leases\".\"provider_mode\", \"pin_leases\".\"content_mode\", \"pin_leases\".\"created_at\", \"pin_leases\".\"last_touched_at\", \"pin_leases\".\"expires_at\", \"pin_leases\".\"generation\", \"pin_leases\".\"state\" FROM \"pin_leases\" WHERE \"pin_leases\".\"owner_object_id\" = ? AND \"pin_leases\".\"state\" = ? ORDER BY \"pin_leases\".\"id\" ASC\n" rows_affected=1 rows_returned=0 elapsed=25.163碌s elapsed_secs=2.5163e-5
ipfs-s3-gateway  | 2026-08-13T00:48:54.304662Z  INFO sqlx::query: summary="UPDATE \"import_destinations\" SET \"mutation_id\" 鈥? db.statement="\n\nUPDATE \"import_destinations\" SET \"mutation_id\" = ?, \"mutation_prefix\" = ?, \"updated_at\" = ? WHERE \"import_destinations\".\"bucket\" = ? AND \"import_destinations\".\"key\" = ? AND \"import_destinations\".\"generation\" = ? AND \"import_destinations\".\"owner_job_id\" IS NULL AND \"import_destinations\".\"mutation_id\" = ?\n" rows_affected=1 rows_returned=0 elapsed=62.225碌s elapsed_secs=6.2225e-5
ipfs-s3-gateway  | 2026-08-13T00:48:54.799237Z  INFO sqlx::query: summary="SELECT \"import_jobs\".\"id\", \"import_jobs\".\"bucket\", \"import_jobs\".\"key\", 鈥? db.statement="\n\nSELECT \"import_jobs\".\"id\", \"import_jobs\".\"bucket\", \"import_jobs\".\"key\", \"import_jobs\".\"source_type\", \"import_jobs\".\"source_value\", \"import_jobs\".\"request_fingerprint\", \"import_jobs\".\"client_token\", \"import_jobs\".\"object_content_type\", \"import_jobs\".\"metadata_json\", \"import_jobs\".\"tags_json\", \"import_jobs\".\"decompress_prefix\", \"import_jobs\".\"state\", \"import_jobs\".\"phase\", \"import_jobs\".\"attempts\", \"import_jobs\".\"next_attempt_at\", \"import_jobs\".\"locked_by\", \"import_jobs\".\"locked_until\", \"import_jobs\".\"claim_epoch\", \"import_jobs\".\"providers_observed\", \"import_jobs\".\"pin_nodes_processed\", \"import_jobs\".\"pin_bytes_processed\", \"import_jobs\".\"downloaded_bytes\", \"import_jobs\".\"download_total\", \"import_jobs\".\"ipfs_add_bytes\", \"import_jobs\".\"logical_size\", \"import_jobs\".\"entries_processed\", \"import_jobs\".\"entries_succeeded\", \"import_jobs\".\"entries_failed\", \"import_jobs\".\"decompressed_bytes\", \"import_jobs\".\"final_cid\", \"import_jobs\".\"failure_code\", \"import_jobs\".\"failure_message\", \"import_jobs\".\"created_at\", \"import_jobs\".\"updated_at\", \"import_jobs\".\"completed_at\" FROM \"import_jobs\" WHERE (\"import_jobs\".\"state\" = ? AND \"import_jobs\".\"next_attempt_at\" <= ? AND \"import_jobs\".\"locked_by\" IS NULL AND \"import_jobs\".\"locked_until\" IS NULL) OR (\"import_jobs\".\"state\" = ? AND \"import_jobs\".\"locked_until\" <= ?) ORDER BY \"import_jobs\".\"next_attempt_at\" ASC, \"import_jobs\".\"created_at\" ASC, \"import_jobs\".\"id\" ASC LIMIT ?\n" rows_affected=1 rows_returned=0 elapsed=359.847碌s elapsed_secs=0.000359847
ipfs-s3-gateway  | 2026-08-13T00:48:55.298863Z  INFO sqlx::query: summary="SELECT \"import_jobs\".\"id\", \"import_jobs\".\"bucket\", \"import_jobs\".\"key\", 鈥? db.statement="\n\nSELECT \"import_jobs\".\"id\", \"import_jobs\".\"bucket\", \"import_jobs\".\"key\", \"import_jobs\".\"source_type\", \"import_jobs\".\"source_value\", \"import_jobs\".\"request_fingerprint\", \"import_jobs\".\"client_token\", \"import_jobs\".\"object_content_type\", \"import_jobs\".\"metadata_json\", \"import_jobs\".\"tags_json\", \"import_jobs\".\"decompress_prefix\", \"import_jobs\".\"state\", \"import_jobs\".\"phase\", \"import_jobs\".\"attempts\", \"import_jobs\".\"next_attempt_at\", \"import_jobs\".\"locked_by\", \"import_jobs\".\"locked_until\", \"import_jobs\".\"claim_epoch\", \"import_jobs\".\"providers_observed\", \"import_jobs\".\"pin_nodes_processed\", \"import_jobs\".\"pin_bytes_processed\", \"import_jobs\".\"downloaded_bytes\", \"import_jobs\".\"download_total\", \"import_jobs\".\"ipfs_add_bytes\", \"import_jobs\".\"logical_size\", \"import_jobs\".\"entries_processed\", \"import_jobs\".\"entries_succeeded\", \"import_jobs\".\"entries_failed\", \"import_jobs\".\"decompressed_bytes\", \"import_jobs\".\"final_cid\", \"import_jobs\".\"failure_code\", \"import_jobs\".\"failure_message\", \"import_jobs\".\"created_at\", \"import_jobs\".\"updated_at\", \"import_jobs\".\"completed_at\" FROM \"import_jobs\" WHERE (\"import_jobs\".\"state\" = ? AND \"import_jobs\".\"next_attempt_at\" <= ? AND \"import_jobs\".\"locked_by\" IS NULL AND \"import_jobs\".\"locked_until\" IS NULL) OR (\"import_jobs\".\"state\" = ? AND \"import_jobs\".\"locked_until\" <= ?) ORDER BY \"import_jobs\".\"next_attempt_at\" ASC, \"import_jobs\".\"created_at\" ASC, \"import_jobs\".\"id\" ASC LIMIT ?\n" rows_affected=1 rows_returned=0 elapsed=202.258碌s elapsed_secs=0.000202258
ipfs-s3-gateway  | 2026-08-13T00:48:55.799060Z  INFO sqlx::query: summary="SELECT \"import_jobs\".\"id\", \"import_jobs\".\"bucket\", \"import_jobs\".\"key\", 鈥? db.statement="\n\nSELECT \"import_jobs\".\"id\", \"import_jobs\".\"bucket\", \"import_jobs\".\"key\", \"import_jobs\".\"source_type\", \"import_jobs\".\"source_value\", \"import_jobs\".\"request_fingerprint\", \"import_jobs\".\"client_token\", \"import_jobs\".\"object_content_type\", \"import_jobs\".\"metadata_json\", \"import_jobs\".\"tags_json\", \"import_jobs\".\"decompress_prefix\", \"import_jobs\".\"state\", \"import_jobs\".\"phase\", \"import_jobs\".\"attempts\", \"import_jobs\".\"next_attempt_at\", \"import_jobs\".\"locked_by\", \"import_jobs\".\"locked_until\", \"import_jobs\".\"claim_epoch\", \"import_jobs\".\"providers_observed\", \"import_jobs\".\"pin_nodes_processed\", \"import_jobs\".\"pin_bytes_processed\", \"import_jobs\".\"downloaded_bytes\", \"import_jobs\".\"download_total\", \"import_jobs\".\"ipfs_add_bytes\", \"import_jobs\".\"logical_size\", \"import_jobs\".\"entries_processed\", \"import_jobs\".\"entries_succeeded\", \"import_jobs\".\"entries_failed\", \"import_jobs\".\"decompressed_bytes\", \"import_jobs\".\"final_cid\", \"import_jobs\".\"failure_code\", \"import_jobs\".\"failure_message\", \"import_jobs\".\"created_at\", \"import_jobs\".\"updated_at\", \"import_jobs\".\"completed_at\" FROM \"import_jobs\" WHERE (\"import_jobs\".\"state\" = ? AND \"import_jobs\".\"next_attempt_at\" <= ? AND \"import_jobs\".\"locked_by\" IS NULL AND \"import_jobs\".\"locked_until\" IS NULL) OR (\"import_jobs\".\"state\" = ? AND \"import_jobs\".\"locked_until\" <= ?) ORDER BY \"import_jobs\".\"next_attempt_at\" ASC, \"import_jobs\".\"created_at\" ASC, \"import_jobs\".\"id\" ASC LIMIT ?\n" rows_affected=1 rows_returned=0 elapsed=144.116碌s elapsed_secs=0.000144116
ipfs-s3-gateway  | 2026-08-13T00:48:55.962938Z  INFO sqlx::query: summary="UPDATE \"buckets\" SET \"created_at\" 鈥? db.statement="\n\nUPDATE \"buckets\" SET \"created_at\" = \"created_at\" WHERE \"buckets\".\"name\" = ?\n" rows_affected=1 rows_returned=0 elapsed=78.232碌s elapsed_secs=7.8232e-5
ipfs-s3-gateway  | 2026-08-13T00:48:55.963372Z  INFO sqlx::query: summary="SELECT COUNT(*) AS num_items 鈥? db.statement="\n\nSELECT COUNT(*) AS num_items FROM (SELECT \"objects\".\"id\", \"objects\".\"bucket\", \"objects\".\"key\", \"objects\".\"cid\", \"objects\".\"size\", \"objects\".\"content_type\", \"objects\".\"etag\", \"objects\".\"metadata\", \"objects\".\"encrypted\", \"objects\".\"key_wrap\", \"objects\".\"sse_c_key_fingerprint\", \"objects\".\"multipart\", \"objects\".\"is_latest\", \"objects\".\"created_at\" FROM \"objects\" WHERE \"objects\".\"bucket\" = ? AND \"objects\".\"is_latest\" = ?) AS \"sub_query\"\n" rows_affected=0 rows_returned=1 elapsed=140.396碌s elapsed_secs=0.000140396
ipfs-s3-gateway  | 2026-08-13T00:48:55.963735Z  INFO sqlx::query: summary="SELECT \"import_jobs\".\"id\", \"import_jobs\".\"bucket\", \"import_jobs\".\"key\", 鈥? db.statement="\n\nSELECT \"import_jobs\".\"id\", \"import_jobs\".\"bucket\", \"import_jobs\".\"key\", \"import_jobs\".\"source_type\", \"import_jobs\".\"source_value\", \"import_jobs\".\"request_fingerprint\", \"import_jobs\".\"client_token\", \"import_jobs\".\"object_content_type\", \"import_jobs\".\"metadata_json\", \"import_jobs\".\"tags_json\", \"import_jobs\".\"decompress_prefix\", \"import_jobs\".\"state\", \"import_jobs\".\"phase\", \"import_jobs\".\"attempts\", \"import_jobs\".\"next_attempt_at\", \"import_jobs\".\"locked_by\", \"import_jobs\".\"locked_until\", \"import_jobs\".\"claim_epoch\", \"import_jobs\".\"providers_observed\", \"import_jobs\".\"pin_nodes_processed\", \"import_jobs\".\"pin_bytes_processed\", \"import_jobs\".\"downloaded_bytes\", \"import_jobs\".\"download_total\", \"import_jobs\".\"ipfs_add_bytes\", \"import_jobs\".\"logical_size\", \"import_jobs\".\"entries_processed\", \"import_jobs\".\"entries_succeeded\", \"import_jobs\".\"entries_failed\", \"import_jobs\".\"decompressed_bytes\", \"import_jobs\".\"final_cid\", \"import_jobs\".\"failure_code\", \"import_jobs\".\"failure_message\", \"import_jobs\".\"created_at\", \"import_jobs\".\"updated_at\", \"import_jobs\".\"completed_at\" FROM \"import_jobs\" WHERE \"import_jobs\".\"bucket\" = ? AND \"import_jobs\".\"state\" IN (?, ?) ORDER BY \"import_jobs\".\"id\" ASC LIMIT ?\n" rows_affected=1 rows_returned=0 elapsed=89.693碌s elapsed_secs=8.9693e-5
ipfs-s3-gateway  | 2026-08-13T00:48:55.964122Z  INFO sqlx::query: summary="DELETE FROM \"buckets\" WHERE 鈥? db.statement="\n\nDELETE FROM \"buckets\" WHERE \"buckets\".\"name\" = ?\n" rows_affected=1 rows_returned=0 elapsed=210.547碌s elapsed_secs=0.000210547
ipfs-s3-gateway  | 2026-08-13T00:48:56.298200Z  INFO sqlx::query: summary="SELECT \"import_jobs\".\"id\", \"import_jobs\".\"bucket\", \"import_jobs\".\"key\", 鈥? db.statement="\n\nSELECT \"import_jobs\".\"id\", \"import_jobs\".\"bucket\", \"import_jobs\".\"key\", \"import_jobs\".\"source_type\", \"import_jobs\".\"source_value\", \"import_jobs\".\"request_fingerprint\", \"import_jobs\".\"client_token\", \"import_jobs\".\"object_content_type\", \"import_jobs\".\"metadata_json\", \"import_jobs\".\"tags_json\", \"import_jobs\".\"decompress_prefix\", \"import_jobs\".\"state\", \"import_jobs\".\"phase\", \"import_jobs\".\"attempts\", \"import_jobs\".\"next_attempt_at\", \"import_jobs\".\"locked_by\", \"import_jobs\".\"locked_until\", \"import_jobs\".\"claim_epoch\", \"import_jobs\".\"providers_observed\", \"import_jobs\".\"pin_nodes_processed\", \"import_jobs\".\"pin_bytes_processed\", \"import_jobs\".\"downloaded_bytes\", \"import_jobs\".\"download_total\", \"import_jobs\".\"ipfs_add_bytes\", \"import_jobs\".\"logical_size\", \"import_jobs\".\"entries_processed\", \"import_jobs\".\"entries_succeeded\", \"import_jobs\".\"entries_failed\", \"import_jobs\".\"decompressed_bytes\", \"import_jobs\".\"final_cid\", \"import_jobs\".\"failure_code\", \"import_jobs\".\"failure_message\", \"import_jobs\".\"created_at\", \"import_jobs\".\"updated_at\", \"import_jobs\".\"completed_at\" FROM \"import_jobs\" WHERE (\"import_jobs\".\"state\" = ? AND \"import_jobs\".\"next_attempt_at\" <= ? AND \"import_jobs\".\"locked_by\" IS NULL AND \"import_jobs\".\"locked_until\" IS NULL) OR (\"import_jobs\".\"state\" = ? AND \"import_jobs\".\"locked_until\" <= ?) ORDER BY \"import_jobs\".\"next_attempt_at\" ASC, \"import_jobs\".\"created_at\" ASC, \"import_jobs\".\"id\" ASC LIMIT ?\n" rows_affected=1 rows_returned=0 elapsed=154.577碌s elapsed_secs=0.000154577
ipfs-s3-gateway  | 2026-08-13T00:48:56.299423Z  INFO sqlx::query: summary="SELECT \"pin_leases\".\"id\", \"pin_leases\".\"owner_object_id\", \"pin_leases\".\"source\", 鈥? db.statement="\n\nSELECT \"pin_leases\".\"id\", \"pin_leases\".\"owner_object_id\", \"pin_leases\".\"source\", \"pin_leases\".\"policy_id\", \"pin_leases\".\"provider_mode\", \"pin_leases\".\"content_mode\", \"pin_leases\".\"created_at\", \"pin_leases\".\"last_touched_at\", \"pin_leases\".\"expires_at\", \"pin_leases\".\"generation\", \"pin_leases\".\"state\" FROM \"pin_leases\" WHERE \"pin_leases\".\"state\" = ? AND \"pin_leases\".\"expires_at\" <= ? ORDER BY \"pin_leases\".\"expires_at\" ASC, \"pin_leases\".\"id\" ASC\n" rows_affected=1 rows_returned=0 elapsed=51.503碌s elapsed_secs=5.1503e-5
ipfs-s3-gateway  | 2026-08-13T00:48:56.300089Z  INFO sqlx::query: summary="SELECT \"pin_lease_targets\".\"id\", \"pin_lease_targets\".\"lease_id\", \"pin_lease_targets\".\"cid\", 鈥? db.statement="\n\nSELECT \"pin_lease_targets\".\"id\", \"pin_lease_targets\".\"lease_id\", \"pin_lease_targets\".\"cid\", \"pin_lease_targets\".\"logical_size\", \"pin_lease_targets\".\"provider\", \"pin_lease_targets\".\"state\", \"pin_lease_targets\".\"created_at\", \"pin_lease_targets\".\"last_touched_at\" FROM \"pin_lease_targets\" WHERE \"pin_lease_targets\".\"state\" = ? ORDER BY \"pin_lease_targets\".\"created_at\" ASC, \"pin_lease_targets\".\"id\" ASC\n" rows_affected=1 rows_returned=0 elapsed=50.041碌s elapsed_secs=5.0041e-5
ipfs-s3-gateway  | 2026-08-13T00:48:56.300726Z  INFO sqlx::query: summary="SELECT \"pin_jobs\".\"provider\" FROM \"pin_jobs\" 鈥? db.statement="\n\nSELECT \"pin_jobs\".\"provider\" FROM \"pin_jobs\" WHERE (\"pin_jobs\".\"state\" = ? AND \"pin_jobs\".\"next_attempt_at\" <= ? AND \"pin_jobs\".\"locked_until\" IS NULL) OR (\"pin_jobs\".\"state\" = ? AND \"pin_jobs\".\"locked_until\" < ?) GROUP BY \"pin_jobs\".\"provider\"\n" rows_affected=1 rows_returned=0 elapsed=51.019碌s elapsed_secs=5.1019e-5
ipfs-s3-gateway  | 2026-08-13T00:48:56.798581Z  INFO sqlx::query: summary="SELECT \"import_jobs\".\"id\", \"import_jobs\".\"bucket\", \"import_jobs\".\"key\", 鈥? db.statement="\n\nSELECT \"import_jobs\".\"id\", \"import_jobs\".\"bucket\", \"import_jobs\".\"key\", \"import_jobs\".\"source_type\", \"import_jobs\".\"source_value\", \"import_jobs\".\"request_fingerprint\", \"import_jobs\".\"client_token\", \"import_jobs\".\"object_content_type\", \"import_jobs\".\"metadata_json\", \"import_jobs\".\"tags_json\", \"import_jobs\".\"decompress_prefix\", \"import_jobs\".\"state\", \"import_jobs\".\"phase\", \"import_jobs\".\"attempts\", \"import_jobs\".\"next_attempt_at\", \"import_jobs\".\"locked_by\", \"import_jobs\".\"locked_until\", \"import_jobs\".\"claim_epoch\", \"import_jobs\".\"providers_observed\", \"import_jobs\".\"pin_nodes_processed\", \"import_jobs\".\"pin_bytes_processed\", \"import_jobs\".\"downloaded_bytes\", \"import_jobs\".\"download_total\", \"import_jobs\".\"ipfs_add_bytes\", \"import_jobs\".\"logical_size\", \"import_jobs\".\"entries_processed\", \"import_jobs\".\"entries_succeeded\", \"import_jobs\".\"entries_failed\", \"import_jobs\".\"decompressed_bytes\", \"import_jobs\".\"final_cid\", \"import_jobs\".\"failure_code\", \"import_jobs\".\"failure_message\", \"import_jobs\".\"created_at\", \"import_jobs\".\"updated_at\", \"import_jobs\".\"completed_at\" FROM \"import_jobs\" WHERE (\"import_jobs\".\"state\" = ? AND \"import_jobs\".\"next_attempt_at\" <= ? AND \"import_jobs\".\"locked_by\" IS NULL AND \"import_jobs\".\"locked_until\" IS NULL) OR (\"import_jobs\".\"state\" = ? AND \"import_jobs\".\"locked_until\" <= ?) ORDER BY \"import_jobs\".\"next_attempt_at\" ASC, \"import_jobs\".\"created_at\" ASC, \"import_jobs\".\"id\" ASC LIMIT ?\n" rows_affected=1 rows_returned=0 elapsed=98.675碌s elapsed_secs=9.8675e-5
ipfs-s3-gateway  | 2026-08-13T00:48:57.299442Z  INFO sqlx::query: summary="SELECT \"import_jobs\".\"id\", \"import_jobs\".\"bucket\", \"import_jobs\".\"key\", 鈥? db.statement="\n\nSELECT \"import_jobs\".\"id\", \"import_jobs\".\"bucket\", \"import_jobs\".\"key\", \"import_jobs\".\"source_type\", \"import_jobs\".\"source_value\", \"import_jobs\".\"request_fingerprint\", \"import_jobs\".\"client_token\", \"import_jobs\".\"object_content_type\", \"import_jobs\".\"metadata_json\", \"import_jobs\".\"tags_json\", \"import_jobs\".\"decompress_prefix\", \"import_jobs\".\"state\", \"import_jobs\".\"phase\", \"import_jobs\".\"attempts\", \"import_jobs\".\"next_attempt_at\", \"import_jobs\".\"locked_by\", \"import_jobs\".\"locked_until\", \"import_jobs\".\"claim_epoch\", \"import_jobs\".\"providers_observed\", \"import_jobs\".\"pin_nodes_processed\", \"import_jobs\".\"pin_bytes_processed\", \"import_jobs\".\"downloaded_bytes\", \"import_jobs\".\"download_total\", \"import_jobs\".\"ipfs_add_bytes\", \"import_jobs\".\"logical_size\", \"import_jobs\".\"entries_processed\", \"import_jobs\".\"entries_succeeded\", \"import_jobs\".\"entries_failed\", \"import_jobs\".\"decompressed_bytes\", \"import_jobs\".\"final_cid\", \"import_jobs\".\"failure_code\", \"import_jobs\".\"failure_message\", \"import_jobs\".\"created_at\", \"import_jobs\".\"updated_at\", \"import_jobs\".\"completed_at\" FROM \"import_jobs\" WHERE (\"import_jobs\".\"state\" = ? AND \"import_jobs\".\"next_attempt_at\" <= ? AND \"import_jobs\".\"locked_by\" IS NULL AND \"import_jobs\".\"locked_until\" IS NULL) OR (\"import_jobs\".\"state\" = ? AND \"import_jobs\".\"locked_until\" <= ?) ORDER BY \"import_jobs\".\"next_attempt_at\" ASC, \"import_jobs\".\"created_at\" ASC, \"import_jobs\".\"id\" ASC LIMIT ?\n" rows_affected=1 rows_returned=0 elapsed=144.838碌s elapsed_secs=0.000144838
ipfs-s3-gateway  | 2026-08-13T00:48:57.799092Z  INFO sqlx::query: summary="SELECT \"import_jobs\".\"id\", \"import_jobs\".\"bucket\", \"import_jobs\".\"key\", 鈥? db.statement="\n\nSELECT \"import_jobs\".\"id\", \"import_jobs\".\"bucket\", \"import_jobs\".\"key\", \"import_jobs\".\"source_type\", \"import_jobs\".\"source_value\", \"import_jobs\".\"request_fingerprint\", \"import_jobs\".\"client_token\", \"import_jobs\".\"object_content_type\", \"import_jobs\".\"metadata_json\", \"import_jobs\".\"tags_json\", \"import_jobs\".\"decompress_prefix\", \"import_jobs\".\"state\", \"import_jobs\".\"phase\", \"import_jobs\".\"attempts\", \"import_jobs\".\"next_attempt_at\", \"import_jobs\".\"locked_by\", \"import_jobs\".\"locked_until\", \"import_jobs\".\"claim_epoch\", \"import_jobs\".\"providers_observed\", \"import_jobs\".\"pin_nodes_processed\", \"import_jobs\".\"pin_bytes_processed\", \"import_jobs\".\"downloaded_bytes\", \"import_jobs\".\"download_total\", \"import_jobs\".\"ipfs_add_bytes\", \"import_jobs\".\"logical_size\", \"import_jobs\".\"entries_processed\", \"import_jobs\".\"entries_succeeded\", \"import_jobs\".\"entries_failed\", \"import_jobs\".\"decompressed_bytes\", \"import_jobs\".\"final_cid\", \"import_jobs\".\"failure_code\", \"import_jobs\".\"failure_message\", \"import_jobs\".\"created_at\", \"import_jobs\".\"updated_at\", \"import_jobs\".\"completed_at\" FROM \"import_jobs\" WHERE (\"import_jobs\".\"state\" = ? AND \"import_jobs\".\"next_attempt_at\" <= ? AND \"import_jobs\".\"locked_by\" IS NULL AND \"import_jobs\".\"locked_until\" IS NULL) OR (\"import_jobs\".\"state\" = ? AND \"import_jobs\".\"locked_until\" <= ?) ORDER BY \"import_jobs\".\"next_attempt_at\" ASC, \"import_jobs\".\"created_at\" ASC, \"import_jobs\".\"id\" ASC LIMIT ?\n" rows_affected=1 rows_returned=0 elapsed=184.773碌s elapsed_secs=0.000184773
ipfs-s3-gateway  | 2026-08-13T00:48:58.298593Z  INFO sqlx::query: summary="SELECT \"import_jobs\".\"id\", \"import_jobs\".\"bucket\", \"import_jobs\".\"key\", 鈥? db.statement="\n\nSELECT \"import_jobs\".\"id\", \"import_jobs\".\"bucket\", \"import_jobs\".\"key\", \"import_jobs\".\"source_type\", \"import_jobs\".\"source_value\", \"import_jobs\".\"request_fingerprint\", \"import_jobs\".\"client_token\", \"import_jobs\".\"object_content_type\", \"import_jobs\".\"metadata_json\", \"import_jobs\".\"tags_json\", \"import_jobs\".\"decompress_prefix\", \"import_jobs\".\"state\", \"import_jobs\".\"phase\", \"import_jobs\".\"attempts\", \"import_jobs\".\"next_attempt_at\", \"import_jobs\".\"locked_by\", \"import_jobs\".\"locked_until\", \"import_jobs\".\"claim_epoch\", \"import_jobs\".\"providers_observed\", \"import_jobs\".\"pin_nodes_processed\", \"import_jobs\".\"pin_bytes_processed\", \"import_jobs\".\"downloaded_bytes\", \"import_jobs\".\"download_total\", \"import_jobs\".\"ipfs_add_bytes\", \"import_jobs\".\"logical_size\", \"import_jobs\".\"entries_processed\", \"import_jobs\".\"entries_succeeded\", \"import_jobs\".\"entries_failed\", \"import_jobs\".\"decompressed_bytes\", \"import_jobs\".\"final_cid\", \"import_jobs\".\"failure_code\", \"import_jobs\".\"failure_message\", \"import_jobs\".\"created_at\", \"import_jobs\".\"updated_at\", \"import_jobs\".\"completed_at\" FROM \"import_jobs\" WHERE (\"import_jobs\".\"state\" = ? AND \"import_jobs\".\"next_attempt_at\" <= ? AND \"import_jobs\".\"locked_by\" IS NULL AND \"import_jobs\".\"locked_until\" IS NULL) OR (\"import_jobs\".\"state\" = ? AND \"import_jobs\".\"locked_until\" <= ?) ORDER BY \"import_jobs\".\"next_attempt_at\" ASC, \"import_jobs\".\"created_at\" ASC, \"import_jobs\".\"id\" ASC LIMIT ?\n" rows_affected=1 rows_returned=0 elapsed=104.408碌s elapsed_secs=0.000104408
ipfs-s3-gateway  | 2026-08-13T00:48:58.798511Z  INFO sqlx::query: summary="SELECT \"import_jobs\".\"id\", \"import_jobs\".\"bucket\", \"import_jobs\".\"key\", 鈥? db.statement="\n\nSELECT \"import_jobs\".\"id\", \"import_jobs\".\"bucket\", \"import_jobs\".\"key\", \"import_jobs\".\"source_type\", \"import_jobs\".\"source_value\", \"import_jobs\".\"request_fingerprint\", \"import_jobs\".\"client_token\", \"import_jobs\".\"object_content_type\", \"import_jobs\".\"metadata_json\", \"import_jobs\".\"tags_json\", \"import_jobs\".\"decompress_prefix\", \"import_jobs\".\"state\", \"import_jobs\".\"phase\", \"import_jobs\".\"attempts\", \"import_jobs\".\"next_attempt_at\", \"import_jobs\".\"locked_by\", \"import_jobs\".\"locked_until\", \"import_jobs\".\"claim_epoch\", \"import_jobs\".\"providers_observed\", \"import_jobs\".\"pin_nodes_processed\", \"import_jobs\".\"pin_bytes_processed\", \"import_jobs\".\"downloaded_bytes\", \"import_jobs\".\"download_total\", \"import_jobs\".\"ipfs_add_bytes\", \"import_jobs\".\"logical_size\", \"import_jobs\".\"entries_processed\", \"import_jobs\".\"entries_succeeded\", \"import_jobs\".\"entries_failed\", \"import_jobs\".\"decompressed_bytes\", \"import_jobs\".\"final_cid\", \"import_jobs\".\"failure_code\", \"import_jobs\".\"failure_message\", \"import_jobs\".\"created_at\", \"import_jobs\".\"updated_at\", \"import_jobs\".\"completed_at\" FROM \"import_jobs\" WHERE (\"import_jobs\".\"state\" = ? AND \"import_jobs\".\"next_attempt_at\" <= ? AND \"import_jobs\".\"locked_by\" IS NULL AND \"import_jobs\".\"locked_until\" IS NULL) OR (\"import_jobs\".\"state\" = ? AND \"import_jobs\".\"locked_until\" <= ?) ORDER BY \"import_jobs\".\"next_attempt_at\" ASC, \"import_jobs\".\"created_at\" ASC, \"import_jobs\".\"id\" ASC LIMIT ?\n" rows_affected=1 rows_returned=0 elapsed=105.272碌s elapsed_secs=0.000105272
ipfs-s3-gateway  | 2026-08-13T00:48:59.298594Z  INFO sqlx::query: summary="SELECT \"import_jobs\".\"id\", \"import_jobs\".\"bucket\", \"import_jobs\".\"key\", 鈥? db.statement="\n\nSELECT \"import_jobs\".\"id\", \"import_jobs\".\"bucket\", \"import_jobs\".\"key\", \"import_jobs\".\"source_type\", \"import_jobs\".\"source_value\", \"import_jobs\".\"request_fingerprint\", \"import_jobs\".\"client_token\", \"import_jobs\".\"object_content_type\", \"import_jobs\".\"metadata_json\", \"import_jobs\".\"tags_json\", \"import_jobs\".\"decompress_prefix\", \"import_jobs\".\"state\", \"import_jobs\".\"phase\", \"import_jobs\".\"attempts\", \"import_jobs\".\"next_attempt_at\", \"import_jobs\".\"locked_by\", \"import_jobs\".\"locked_until\", \"import_jobs\".\"claim_epoch\", \"import_jobs\".\"providers_observed\", \"import_jobs\".\"pin_nodes_processed\", \"import_jobs\".\"pin_bytes_processed\", \"import_jobs\".\"downloaded_bytes\", \"import_jobs\".\"download_total\", \"import_jobs\".\"ipfs_add_bytes\", \"import_jobs\".\"logical_size\", \"import_jobs\".\"entries_processed\", \"import_jobs\".\"entries_succeeded\", \"import_jobs\".\"entries_failed\", \"import_jobs\".\"decompressed_bytes\", \"import_jobs\".\"final_cid\", \"import_jobs\".\"failure_code\", \"import_jobs\".\"failure_message\", \"import_jobs\".\"created_at\", \"import_jobs\".\"updated_at\", \"import_jobs\".\"completed_at\" FROM \"import_jobs\" WHERE (\"import_jobs\".\"state\" = ? AND \"import_jobs\".\"next_attempt_at\" <= ? AND \"import_jobs\".\"locked_by\" IS NULL AND \"import_jobs\".\"locked_until\" IS NULL) OR (\"import_jobs\".\"state\" = ? AND \"import_jobs\".\"locked_until\" <= ?) ORDER BY \"import_jobs\".\"next_attempt_at\" ASC, \"import_jobs\".\"created_at\" ASC, \"import_jobs\".\"id\" ASC LIMIT ?\n" rows_affected=1 rows_returned=0 elapsed=118.984碌s elapsed_secs=0.000118984
ipfs-s3-gateway  | 2026-08-13T00:48:59.798920Z  INFO sqlx::query: summary="SELECT \"import_jobs\".\"id\", \"import_jobs\".\"bucket\", \"import_jobs\".\"key\", 鈥? db.statement="\n\nSELECT \"import_jobs\".\"id\", \"import_jobs\".\"bucket\", \"import_jobs\".\"key\", \"import_jobs\".\"source_type\", \"import_jobs\".\"source_value\", \"import_jobs\".\"request_fingerprint\", \"import_jobs\".\"client_token\", \"import_jobs\".\"object_content_type\", \"import_jobs\".\"metadata_json\", \"import_jobs\".\"tags_json\", \"import_jobs\".\"decompress_prefix\", \"import_jobs\".\"state\", \"import_jobs\".\"phase\", \"import_jobs\".\"attempts\", \"import_jobs\".\"next_attempt_at\", \"import_jobs\".\"locked_by\", \"import_jobs\".\"locked_until\", \"import_jobs\".\"claim_epoch\", \"import_jobs\".\"providers_observed\", \"import_jobs\".\"pin_nodes_processed\", \"import_jobs\".\"pin_bytes_processed\", \"import_jobs\".\"downloaded_bytes\", \"import_jobs\".\"download_total\", \"import_jobs\".\"ipfs_add_bytes\", \"import_jobs\".\"logical_size\", \"import_jobs\".\"entries_processed\", \"import_jobs\".\"entries_succeeded\", \"import_jobs\".\"entries_failed\", \"import_jobs\".\"decompressed_bytes\", \"import_jobs\".\"final_cid\", \"import_jobs\".\"failure_code\", \"import_jobs\".\"failure_message\", \"import_jobs\".\"created_at\", \"import_jobs\".\"updated_at\", \"import_jobs\".\"completed_at\" FROM \"import_jobs\" WHERE (\"import_jobs\".\"state\" = ? AND \"import_jobs\".\"next_attempt_at\" <= ? AND \"import_jobs\".\"locked_by\" IS NULL AND \"import_jobs\".\"locked_until\" IS NULL) OR (\"import_jobs\".\"state\" = ? AND \"import_jobs\".\"locked_until\" <= ?) ORDER BY \"import_jobs\".\"next_attempt_at\" ASC, \"import_jobs\".\"created_at\" ASC, \"import_jobs\".\"id\" ASC LIMIT ?\n" rows_affected=1 rows_returned=0 elapsed=78.724碌s elapsed_secs=7.8724e-5
ipfs-s3-gateway  | 2026-08-13T00:49:00.298276Z  INFO sqlx::query: summary="SELECT \"import_jobs\".\"id\", \"import_jobs\".\"bucket\", \"import_jobs\".\"key\", 鈥? db.statement="\n\nSELECT \"import_jobs\".\"id\", \"import_jobs\".\"bucket\", \"import_jobs\".\"key\", \"import_jobs\".\"source_type\", \"import_jobs\".\"source_value\", \"import_jobs\".\"request_fingerprint\", \"import_jobs\".\"client_token\", \"import_jobs\".\"object_content_type\", \"import_jobs\".\"metadata_json\", \"import_jobs\".\"tags_json\", \"import_jobs\".\"decompress_prefix\", \"import_jobs\".\"state\", \"import_jobs\".\"phase\", \"import_jobs\".\"attempts\", \"import_jobs\".\"next_attempt_at\", \"import_jobs\".\"locked_by\", \"import_jobs\".\"locked_until\", \"import_jobs\".\"claim_epoch\", \"import_jobs\".\"providers_observed\", \"import_jobs\".\"pin_nodes_processed\", \"import_jobs\".\"pin_bytes_processed\", \"import_jobs\".\"downloaded_bytes\", \"import_jobs\".\"download_total\", \"import_jobs\".\"ipfs_add_bytes\", \"import_jobs\".\"logical_size\", \"import_jobs\".\"entries_processed\", \"import_jobs\".\"entries_succeeded\", \"import_jobs\".\"entries_failed\", \"import_jobs\".\"decompressed_bytes\", \"import_jobs\".\"final_cid\", \"import_jobs\".\"failure_code\", \"import_jobs\".\"failure_message\", \"import_jobs\".\"created_at\", \"import_jobs\".\"updated_at\", \"import_jobs\".\"completed_at\" FROM \"import_jobs\" WHERE (\"import_jobs\".\"state\" = ? AND \"import_jobs\".\"next_attempt_at\" <= ? AND \"import_jobs\".\"locked_by\" IS NULL AND \"import_jobs\".\"locked_until\" IS NULL) OR (\"import_jobs\".\"state\" = ? AND \"import_jobs\".\"locked_until\" <= ?) ORDER BY \"import_jobs\".\"next_attempt_at\" ASC, \"import_jobs\".\"created_at\" ASC, \"import_jobs\".\"id\" ASC LIMIT ?\n" rows_affected=1 rows_returned=0 elapsed=87.495碌s elapsed_secs=8.7495e-5
ipfs-s3-gateway  | 2026-08-13T00:49:00.798460Z  INFO sqlx::query: summary="SELECT \"import_jobs\".\"id\", \"import_jobs\".\"bucket\", \"import_jobs\".\"key\", 鈥? db.statement="\n\nSELECT \"import_jobs\".\"id\", \"import_jobs\".\"bucket\", \"import_jobs\".\"key\", \"import_jobs\".\"source_type\", \"import_jobs\".\"source_value\", \"import_jobs\".\"request_fingerprint\", \"import_jobs\".\"client_token\", \"import_jobs\".\"object_content_type\", \"import_jobs\".\"metadata_json\", \"import_jobs\".\"tags_json\", \"import_jobs\".\"decompress_prefix\", \"import_jobs\".\"state\", \"import_jobs\".\"phase\", \"import_jobs\".\"attempts\", \"import_jobs\".\"next_attempt_at\", \"import_jobs\".\"locked_by\", \"import_jobs\".\"locked_until\", \"import_jobs\".\"claim_epoch\", \"import_jobs\".\"providers_observed\", \"import_jobs\".\"pin_nodes_processed\", \"import_jobs\".\"pin_bytes_processed\", \"import_jobs\".\"downloaded_bytes\", \"import_jobs\".\"download_total\", \"import_jobs\".\"ipfs_add_bytes\", \"import_jobs\".\"logical_size\", \"import_jobs\".\"entries_processed\", \"import_jobs\".\"entries_succeeded\", \"import_jobs\".\"entries_failed\", \"import_jobs\".\"decompressed_bytes\", \"import_jobs\".\"final_cid\", \"import_jobs\".\"failure_code\", \"import_jobs\".\"failure_message\", \"import_jobs\".\"created_at\", \"import_jobs\".\"updated_at\", \"import_jobs\".\"completed_at\" FROM \"import_jobs\" WHERE (\"import_jobs\".\"state\" = ? AND \"import_jobs\".\"next_attempt_at\" <= ? AND \"import_jobs\".\"locked_by\" IS NULL AND \"import_jobs\".\"locked_until\" IS NULL) OR (\"import_jobs\".\"state\" = ? AND \"import_jobs\".\"locked_until\" <= ?) ORDER BY \"import_jobs\".\"next_attempt_at\" ASC, \"import_jobs\".\"created_at\" ASC, \"import_jobs\".\"id\" ASC LIMIT ?\n" rows_affected=1 rows_returned=0 elapsed=80.255碌s elapsed_secs=8.0255e-5
ipfs-s3-gateway  | 2026-08-13T00:49:01.298835Z  INFO sqlx::query: summary="SELECT \"import_jobs\".\"id\", \"import_jobs\".\"bucket\", \"import_jobs\".\"key\", 鈥? db.statement="\n\nSELECT \"import_jobs\".\"id\", \"import_jobs\".\"bucket\", \"import_jobs\".\"key\", \"import_jobs\".\"source_type\", \"import_jobs\".\"source_value\", \"import_jobs\".\"request_fingerprint\", \"import_jobs\".\"client_token\", \"import_jobs\".\"object_content_type\", \"import_jobs\".\"metadata_json\", \"import_jobs\".\"tags_json\", \"import_jobs\".\"decompress_prefix\", \"import_jobs\".\"state\", \"import_jobs\".\"phase\", \"import_jobs\".\"attempts\", \"import_jobs\".\"next_attempt_at\", \"import_jobs\".\"locked_by\", \"import_jobs\".\"locked_until\", \"import_jobs\".\"claim_epoch\", \"import_jobs\".\"providers_observed\", \"import_jobs\".\"pin_nodes_processed\", \"import_jobs\".\"pin_bytes_processed\", \"import_jobs\".\"downloaded_bytes\", \"import_jobs\".\"download_total\", \"import_jobs\".\"ipfs_add_bytes\", \"import_jobs\".\"logical_size\", \"import_jobs\".\"entries_processed\", \"import_jobs\".\"entries_succeeded\", \"import_jobs\".\"entries_failed\", \"import_jobs\".\"decompressed_bytes\", \"import_jobs\".\"final_cid\", \"import_jobs\".\"failure_code\", \"import_jobs\".\"failure_message\", \"import_jobs\".\"created_at\", \"import_jobs\".\"updated_at\", \"import_jobs\".\"completed_at\" FROM \"import_jobs\" WHERE (\"import_jobs\".\"state\" = ? AND \"import_jobs\".\"next_attempt_at\" <= ? AND \"import_jobs\".\"locked_by\" IS NULL AND \"import_jobs\".\"locked_until\" IS NULL) OR (\"import_jobs\".\"state\" = ? AND \"import_jobs\".\"locked_until\" <= ?) ORDER BY \"import_jobs\".\"next_attempt_at\" ASC, \"import_jobs\".\"created_at\" ASC, \"import_jobs\".\"id\" ASC LIMIT ?\n" rows_affected=1 rows_returned=0 elapsed=250.146碌s elapsed_secs=0.000250146
ipfs-s3-gateway  | 2026-08-13T00:49:01.299895Z  INFO sqlx::query: summary="SELECT \"pin_leases\".\"id\", \"pin_leases\".\"owner_object_id\", \"pin_leases\".\"source\", 鈥? db.statement="\n\nSELECT \"pin_leases\".\"id\", \"pin_leases\".\"owner_object_id\", \"pin_leases\".\"source\", \"pin_leases\".\"policy_id\", \"pin_leases\".\"provider_mode\", \"pin_leases\".\"content_mode\", \"pin_leases\".\"created_at\", \"pin_leases\".\"last_touched_at\", \"pin_leases\".\"expires_at\", \"pin_leases\".\"generation\", \"pin_leases\".\"state\" FROM \"pin_leases\" WHERE \"pin_leases\".\"state\" = ? AND \"pin_leases\".\"expires_at\" <= ? ORDER BY \"pin_leases\".\"expires_at\" ASC, \"pin_leases\".\"id\" ASC\n" rows_affected=1 rows_returned=0 elapsed=47.195碌s elapsed_secs=4.7195e-5
ipfs-s3-gateway  | 2026-08-13T00:49:01.300475Z  INFO sqlx::query: summary="SELECT \"pin_lease_targets\".\"id\", \"pin_lease_targets\".\"lease_id\", \"pin_lease_targets\".\"cid\", 鈥? db.statement="\n\nSELECT \"pin_lease_targets\".\"id\", \"pin_lease_targets\".\"lease_id\", \"pin_lease_targets\".\"cid\", \"pin_lease_targets\".\"logical_size\", \"pin_lease_targets\".\"provider\", \"pin_lease_targets\".\"state\", \"pin_lease_targets\".\"created_at\", \"pin_lease_targets\".\"last_touched_at\" FROM \"pin_lease_targets\" WHERE \"pin_lease_targets\".\"state\" = ? ORDER BY \"pin_lease_targets\".\"created_at\" ASC, \"pin_lease_targets\".\"id\" ASC\n" rows_affected=1 rows_returned=0 elapsed=42.273碌s elapsed_secs=4.2273e-5
ipfs-s3-gateway  | 2026-08-13T00:49:01.301118Z  INFO sqlx::query: summary="SELECT \"pin_jobs\".\"provider\" FROM \"pin_jobs\" 鈥? db.statement="\n\nSELECT \"pin_jobs\".\"provider\" FROM \"pin_jobs\" WHERE (\"pin_jobs\".\"state\" = ? AND \"pin_jobs\".\"next_attempt_at\" <= ? AND \"pin_jobs\".\"locked_until\" IS NULL) OR (\"pin_jobs\".\"state\" = ? AND \"pin_jobs\".\"locked_until\" < ?) GROUP BY \"pin_jobs\".\"provider\"\n" rows_affected=1 rows_returned=0 elapsed=35.234碌s elapsed_secs=3.5234e-5
ipfs-s3-gateway  | 2026-08-13T00:49:01.798951Z  INFO sqlx::query: summary="SELECT \"import_jobs\".\"id\", \"import_jobs\".\"bucket\", \"import_jobs\".\"key\", 鈥? db.statement="\n\nSELECT \"import_jobs\".\"id\", \"import_jobs\".\"bucket\", \"import_jobs\".\"key\", \"import_jobs\".\"source_type\", \"import_jobs\".\"source_value\", \"import_jobs\".\"request_fingerprint\", \"import_jobs\".\"client_token\", \"import_jobs\".\"object_content_type\", \"import_jobs\".\"metadata_json\", \"import_jobs\".\"tags_json\", \"import_jobs\".\"decompress_prefix\", \"import_jobs\".\"state\", \"import_jobs\".\"phase\", \"import_jobs\".\"attempts\", \"import_jobs\".\"next_attempt_at\", \"import_jobs\".\"locked_by\", \"import_jobs\".\"locked_until\", \"import_jobs\".\"claim_epoch\", \"import_jobs\".\"providers_observed\", \"import_jobs\".\"pin_nodes_processed\", \"import_jobs\".\"pin_bytes_processed\", \"import_jobs\".\"downloaded_bytes\", \"import_jobs\".\"download_total\", \"import_jobs\".\"ipfs_add_bytes\", \"import_jobs\".\"logical_size\", \"import_jobs\".\"entries_processed\", \"import_jobs\".\"entries_succeeded\", \"import_jobs\".\"entries_failed\", \"import_jobs\".\"decompressed_bytes\", \"import_jobs\".\"final_cid\", \"import_jobs\".\"failure_code\", \"import_jobs\".\"failure_message\", \"import_jobs\".\"created_at\", \"import_jobs\".\"updated_at\", \"import_jobs\".\"completed_at\" FROM \"import_jobs\" WHERE (\"import_jobs\".\"state\" = ? AND \"import_jobs\".\"next_attempt_at\" <= ? AND \"import_jobs\".\"locked_by\" IS NULL AND \"import_jobs\".\"locked_until\" IS NULL) OR (\"import_jobs\".\"state\" = ? AND \"import_jobs\".\"locked_until\" <= ?) ORDER BY \"import_jobs\".\"next_attempt_at\" ASC, \"import_jobs\".\"created_at\" ASC, \"import_jobs\".\"id\" ASC LIMIT ?\n" rows_affected=1 rows_returned=0 elapsed=100.01碌s elapsed_secs=0.00010001
ipfs-s3-gateway  | 2026-08-13T00:49:02.298700Z  INFO sqlx::query: summary="SELECT \"import_jobs\".\"id\", \"import_jobs\".\"bucket\", \"import_jobs\".\"key\", 鈥? db.statement="\n\nSELECT \"import_jobs\".\"id\", \"import_jobs\".\"bucket\", \"import_jobs\".\"key\", \"import_jobs\".\"source_type\", \"import_jobs\".\"source_value\", \"import_jobs\".\"request_fingerprint\", \"import_jobs\".\"client_token\", \"import_jobs\".\"object_content_type\", \"import_jobs\".\"metadata_json\", \"import_jobs\".\"tags_json\", \"import_jobs\".\"decompress_prefix\", \"import_jobs\".\"state\", \"import_jobs\".\"phase\", \"import_jobs\".\"attempts\", \"import_jobs\".\"next_attempt_at\", \"import_jobs\".\"locked_by\", \"import_jobs\".\"locked_until\", \"import_jobs\".\"claim_epoch\", \"import_jobs\".\"providers_observed\", \"import_jobs\".\"pin_nodes_processed\", \"import_jobs\".\"pin_bytes_processed\", \"import_jobs\".\"downloaded_bytes\", \"import_jobs\".\"download_total\", \"import_jobs\".\"ipfs_add_bytes\", \"import_jobs\".\"logical_size\", \"import_jobs\".\"entries_processed\", \"import_jobs\".\"entries_succeeded\", \"import_jobs\".\"entries_failed\", \"import_jobs\".\"decompressed_bytes\", \"import_jobs\".\"final_cid\", \"import_jobs\".\"failure_code\", \"import_jobs\".\"failure_message\", \"import_jobs\".\"created_at\", \"import_jobs\".\"updated_at\", \"import_jobs\".\"completed_at\" FROM \"import_jobs\" WHERE (\"import_jobs\".\"state\" = ? AND \"import_jobs\".\"next_attempt_at\" <= ? AND \"import_jobs\".\"locked_by\" IS NULL AND \"import_jobs\".\"locked_until\" IS NULL) OR (\"import_jobs\".\"state\" = ? AND \"import_jobs\".\"locked_until\" <= ?) ORDER BY \"import_jobs\".\"next_attempt_at\" ASC, \"import_jobs\".\"created_at\" ASC, \"import_jobs\".\"id\" ASC LIMIT ?\n" rows_affected=1 rows_returned=0 elapsed=123.199碌s elapsed_secs=0.000123199
ipfs-s3-gateway  | 2026-08-13T00:49:02.798989Z  INFO sqlx::query: summary="SELECT \"import_jobs\".\"id\", \"import_jobs\".\"bucket\", \"import_jobs\".\"key\", 鈥? db.statement="\n\nSELECT \"import_jobs\".\"id\", \"import_jobs\".\"bucket\", \"import_jobs\".\"key\", \"import_jobs\".\"source_type\", \"import_jobs\".\"source_value\", \"import_jobs\".\"request_fingerprint\", \"import_jobs\".\"client_token\", \"import_jobs\".\"object_content_type\", \"import_jobs\".\"metadata_json\", \"import_jobs\".\"tags_json\", \"import_jobs\".\"decompress_prefix\", \"import_jobs\".\"state\", \"import_jobs\".\"phase\", \"import_jobs\".\"attempts\", \"import_jobs\".\"next_attempt_at\", \"import_jobs\".\"locked_by\", \"import_jobs\".\"locked_until\", \"import_jobs\".\"claim_epoch\", \"import_jobs\".\"providers_observed\", \"import_jobs\".\"pin_nodes_processed\", \"import_jobs\".\"pin_bytes_processed\", \"import_jobs\".\"downloaded_bytes\", \"import_jobs\".\"download_total\", \"import_jobs\".\"ipfs_add_bytes\", \"import_jobs\".\"logical_size\", \"import_jobs\".\"entries_processed\", \"import_jobs\".\"entries_succeeded\", \"import_jobs\".\"entries_failed\", \"import_jobs\".\"decompressed_bytes\", \"import_jobs\".\"final_cid\", \"import_jobs\".\"failure_code\", \"import_jobs\".\"failure_message\", \"import_jobs\".\"created_at\", \"import_jobs\".\"updated_at\", \"import_jobs\".\"completed_at\" FROM \"import_jobs\" WHERE (\"import_jobs\".\"state\" = ? AND \"import_jobs\".\"next_attempt_at\" <= ? AND \"import_jobs\".\"locked_by\" IS NULL AND \"import_jobs\".\"locked_until\" IS NULL) OR (\"import_jobs\".\"state\" = ? AND \"import_jobs\".\"locked_until\" <= ?) ORDER BY \"import_jobs\".\"next_attempt_at\" ASC, \"import_jobs\".\"created_at\" ASC, \"import_jobs\".\"id\" ASC LIMIT ?\n" rows_affected=1 rows_returned=0 elapsed=101.201碌s elapsed_secs=0.000101201
ipfs-s3-gateway  | 2026-08-13T00:49:03.298238Z  INFO sqlx::query: summary="SELECT \"import_jobs\".\"id\", \"import_jobs\".\"bucket\", \"import_jobs\".\"key\", 鈥? db.statement="\n\nSELECT \"import_jobs\".\"id\", \"import_jobs\".\"bucket\", \"import_jobs\".\"key\", \"import_jobs\".\"source_type\", \"import_jobs\".\"source_value\", \"import_jobs\".\"request_fingerprint\", \"import_jobs\".\"client_token\", \"import_jobs\".\"object_content_type\", \"import_jobs\".\"metadata_json\", \"import_jobs\".\"tags_json\", \"import_jobs\".\"decompress_prefix\", \"import_jobs\".\"state\", \"import_jobs\".\"phase\", \"import_jobs\".\"attempts\", \"import_jobs\".\"next_attempt_at\", \"import_jobs\".\"locked_by\", \"import_jobs\".\"locked_until\", \"import_jobs\".\"claim_epoch\", \"import_jobs\".\"providers_observed\", \"import_jobs\".\"pin_nodes_processed\", \"import_jobs\".\"pin_bytes_processed\", \"import_jobs\".\"downloaded_bytes\", \"import_jobs\".\"download_total\", \"import_jobs\".\"ipfs_add_bytes\", \"import_jobs\".\"logical_size\", \"import_jobs\".\"entries_processed\", \"import_jobs\".\"entries_succeeded\", \"import_jobs\".\"entries_failed\", \"import_jobs\".\"decompressed_bytes\", \"import_jobs\".\"final_cid\", \"import_jobs\".\"failure_code\", \"import_jobs\".\"failure_message\", \"import_jobs\".\"created_at\", \"import_jobs\".\"updated_at\", \"import_jobs\".\"completed_at\" FROM \"import_jobs\" WHERE (\"import_jobs\".\"state\" = ? AND \"import_jobs\".\"next_attempt_at\" <= ? AND \"import_jobs\".\"locked_by\" IS NULL AND \"import_jobs\".\"locked_until\" IS NULL) OR (\"import_jobs\".\"state\" = ? AND \"import_jobs\".\"locked_until\" <= ?) ORDER BY \"import_jobs\".\"next_attempt_at\" ASC, \"import_jobs\".\"created_at\" ASC, \"import_jobs\".\"id\" ASC LIMIT ?\n" rows_affected=1 rows_returned=0 elapsed=91.021碌s elapsed_secs=9.1021e-5
ipfs-s3-gateway  | 2026-08-13T00:49:03.798608Z  INFO sqlx::query: summary="SELECT \"import_jobs\".\"id\", \"import_jobs\".\"bucket\", \"import_jobs\".\"key\", 鈥? db.statement="\n\nSELECT \"import_jobs\".\"id\", \"import_jobs\".\"bucket\", \"import_jobs\".\"key\", \"import_jobs\".\"source_type\", \"import_jobs\".\"source_value\", \"import_jobs\".\"request_fingerprint\", \"import_jobs\".\"client_token\", \"import_jobs\".\"object_content_type\", \"import_jobs\".\"metadata_json\", \"import_jobs\".\"tags_json\", \"import_jobs\".\"decompress_prefix\", \"import_jobs\".\"state\", \"import_jobs\".\"phase\", \"import_jobs\".\"attempts\", \"import_jobs\".\"next_attempt_at\", \"import_jobs\".\"locked_by\", \"import_jobs\".\"locked_until\", \"import_jobs\".\"claim_epoch\", \"import_jobs\".\"providers_observed\", \"import_jobs\".\"pin_nodes_processed\", \"import_jobs\".\"pin_bytes_processed\", \"import_jobs\".\"downloaded_bytes\", \"import_jobs\".\"download_total\", \"import_jobs\".\"ipfs_add_bytes\", \"import_jobs\".\"logical_size\", \"import_jobs\".\"entries_processed\", \"import_jobs\".\"entries_succeeded\", \"import_jobs\".\"entries_failed\", \"import_jobs\".\"decompressed_bytes\", \"import_jobs\".\"final_cid\", \"import_jobs\".\"failure_code\", \"import_jobs\".\"failure_message\", \"import_jobs\".\"created_at\", \"import_jobs\".\"updated_at\", \"import_jobs\".\"completed_at\" FROM \"import_jobs\" WHERE (\"import_jobs\".\"state\" = ? AND \"import_jobs\".\"next_attempt_at\" <= ? AND \"import_jobs\".\"locked_by\" IS NULL AND \"import_jobs\".\"locked_until\" IS NULL) OR (\"import_jobs\".\"state\" = ? AND \"import_jobs\".\"locked_until\" <= ?) ORDER BY \"import_jobs\".\"next_attempt_at\" ASC, \"import_jobs\".\"created_at\" ASC, \"import_jobs\".\"id\" ASC LIMIT ?\n" rows_affected=1 rows_returned=0 elapsed=141.552碌s elapsed_secs=0.000141552
ipfs-s3-gateway  | 2026-08-13T00:49:04.298627Z  INFO sqlx::query: summary="SELECT \"import_jobs\".\"id\", \"import_jobs\".\"bucket\", \"import_jobs\".\"key\", 鈥? db.statement="\n\nSELECT \"import_jobs\".\"id\", \"import_jobs\".\"bucket\", \"import_jobs\".\"key\", \"import_jobs\".\"source_type\", \"import_jobs\".\"source_value\", \"import_jobs\".\"request_fingerprint\", \"import_jobs\".\"client_token\", \"import_jobs\".\"object_content_type\", \"import_jobs\".\"metadata_json\", \"import_jobs\".\"tags_json\", \"import_jobs\".\"decompress_prefix\", \"import_jobs\".\"state\", \"import_jobs\".\"phase\", \"import_jobs\".\"attempts\", \"import_jobs\".\"next_attempt_at\", \"import_jobs\".\"locked_by\", \"import_jobs\".\"locked_until\", \"import_jobs\".\"claim_epoch\", \"import_jobs\".\"providers_observed\", \"import_jobs\".\"pin_nodes_processed\", \"import_jobs\".\"pin_bytes_processed\", \"import_jobs\".\"downloaded_bytes\", \"import_jobs\".\"download_total\", \"import_jobs\".\"ipfs_add_bytes\", \"import_jobs\".\"logical_size\", \"import_jobs\".\"entries_processed\", \"import_jobs\".\"entries_succeeded\", \"import_jobs\".\"entries_failed\", \"import_jobs\".\"decompressed_bytes\", \"import_jobs\".\"final_cid\", \"import_jobs\".\"failure_code\", \"import_jobs\".\"failure_message\", \"import_jobs\".\"created_at\", \"import_jobs\".\"updated_at\", \"import_jobs\".\"completed_at\" FROM \"import_jobs\" WHERE (\"import_jobs\".\"state\" = ? AND \"import_jobs\".\"next_attempt_at\" <= ? AND \"import_jobs\".\"locked_by\" IS NULL AND \"import_jobs\".\"locked_until\" IS NULL) OR (\"import_jobs\".\"state\" = ? AND \"import_jobs\".\"locked_until\" <= ?) ORDER BY \"import_jobs\".\"next_attempt_at\" ASC, \"import_jobs\".\"created_at\" ASC, \"import_jobs\".\"id\" ASC LIMIT ?\n" rows_affected=1 rows_returned=0 elapsed=88.778碌s elapsed_secs=8.8778e-5
ipfs-s3-gateway  | 2026-08-13T00:49:04.798914Z  INFO sqlx::query: summary="SELECT \"import_jobs\".\"id\", \"import_jobs\".\"bucket\", \"import_jobs\".\"key\", 鈥? db.statement="\n\nSELECT \"import_jobs\".\"id\", \"import_jobs\".\"bucket\", \"import_jobs\".\"key\", \"import_jobs\".\"source_type\", \"import_jobs\".\"source_value\", \"import_jobs\".\"request_fingerprint\", \"import_jobs\".\"client_token\", \"import_jobs\".\"object_content_type\", \"import_jobs\".\"metadata_json\", \"import_jobs\".\"tags_json\", \"import_jobs\".\"decompress_prefix\", \"import_jobs\".\"state\", \"import_jobs\".\"phase\", \"import_jobs\".\"attempts\", \"import_jobs\".\"next_attempt_at\", \"import_jobs\".\"locked_by\", \"import_jobs\".\"locked_until\", \"import_jobs\".\"claim_epoch\", \"import_jobs\".\"providers_observed\", \"import_jobs\".\"pin_nodes_processed\", \"import_jobs\".\"pin_bytes_processed\", \"import_jobs\".\"downloaded_bytes\", \"import_jobs\".\"download_total\", \"import_jobs\".\"ipfs_add_bytes\", \"import_jobs\".\"logical_size\", \"import_jobs\".\"entries_processed\", \"import_jobs\".\"entries_succeeded\", \"import_jobs\".\"entries_failed\", \"import_jobs\".\"decompressed_bytes\", \"import_jobs\".\"final_cid\", \"import_jobs\".\"failure_code\", \"import_jobs\".\"failure_message\", \"import_jobs\".\"created_at\", \"import_jobs\".\"updated_at\", \"import_jobs\".\"completed_at\" FROM \"import_jobs\" WHERE (\"import_jobs\".\"state\" = ? AND \"import_jobs\".\"next_attempt_at\" <= ? AND \"import_jobs\".\"locked_by\" IS NULL AND \"import_jobs\".\"locked_until\" IS NULL) OR (\"import_jobs\".\"state\" = ? AND \"import_jobs\".\"locked_until\" <= ?) ORDER BY \"import_jobs\".\"next_attempt_at\" ASC, \"import_jobs\".\"created_at\" ASC, \"import_jobs\".\"id\" ASC LIMIT ?\n" rows_affected=1 rows_returned=0 elapsed=115.685碌s elapsed_secs=0.000115685
ipfs-s3-gateway  | 2026-08-13T00:49:05.297870Z  INFO sqlx::query: summary="SELECT \"import_jobs\".\"id\", \"import_jobs\".\"bucket\", \"import_jobs\".\"key\", 鈥? db.statement="\n\nSELECT \"import_jobs\".\"id\", \"import_jobs\".\"bucket\", \"import_jobs\".\"key\", \"import_jobs\".\"source_type\", \"import_jobs\".\"source_value\", \"import_jobs\".\"request_fingerprint\", \"import_jobs\".\"client_token\", \"import_jobs\".\"object_content_type\", \"import_jobs\".\"metadata_json\", \"import_jobs\".\"tags_json\", \"import_jobs\".\"decompress_prefix\", \"import_jobs\".\"state\", \"import_jobs\".\"phase\", \"import_jobs\".\"attempts\", \"import_jobs\".\"next_attempt_at\", \"import_jobs\".\"locked_by\", \"import_jobs\".\"locked_until\", \"import_jobs\".\"claim_epoch\", \"import_jobs\".\"providers_observed\", \"import_jobs\".\"pin_nodes_processed\", \"import_jobs\".\"pin_bytes_processed\", \"import_jobs\".\"downloaded_bytes\", \"import_jobs\".\"download_total\", \"import_jobs\".\"ipfs_add_bytes\", \"import_jobs\".\"logical_size\", \"import_jobs\".\"entries_processed\", \"import_jobs\".\"entries_succeeded\", \"import_jobs\".\"entries_failed\", \"import_jobs\".\"decompressed_bytes\", \"import_jobs\".\"final_cid\", \"import_jobs\".\"failure_code\", \"import_jobs\".\"failure_message\", \"import_jobs\".\"created_at\", \"import_jobs\".\"updated_at\", \"import_jobs\".\"completed_at\" FROM \"import_jobs\" WHERE (\"import_jobs\".\"state\" = ? AND \"import_jobs\".\"next_attempt_at\" <= ? AND \"import_jobs\".\"locked_by\" IS NULL AND \"import_jobs\".\"locked_until\" IS NULL) OR (\"import_jobs\".\"state\" = ? AND \"import_jobs\".\"locked_until\" <= ?) ORDER BY \"import_jobs\".\"next_attempt_at\" ASC, \"import_jobs\".\"created_at\" ASC, \"import_jobs\".\"id\" ASC LIMIT ?\n" rows_affected=1 rows_returned=0 elapsed=101.606碌s elapsed_secs=0.000101606
ipfs-s3-gateway  | 2026-08-13T00:49:05.798846Z  INFO sqlx::query: summary="SELECT \"import_jobs\".\"id\", \"import_jobs\".\"bucket\", \"import_jobs\".\"key\", 鈥? db.statement="\n\nSELECT \"import_jobs\".\"id\", \"import_jobs\".\"bucket\", \"import_jobs\".\"key\", \"import_jobs\".\"source_type\", \"import_jobs\".\"source_value\", \"import_jobs\".\"request_fingerprint\", \"import_jobs\".\"client_token\", \"import_jobs\".\"object_content_type\", \"import_jobs\".\"metadata_json\", \"import_jobs\".\"tags_json\", \"import_jobs\".\"decompress_prefix\", \"import_jobs\".\"state\", \"import_jobs\".\"phase\", \"import_jobs\".\"attempts\", \"import_jobs\".\"next_attempt_at\", \"import_jobs\".\"locked_by\", \"import_jobs\".\"locked_until\", \"import_jobs\".\"claim_epoch\", \"import_jobs\".\"providers_observed\", \"import_jobs\".\"pin_nodes_processed\", \"import_jobs\".\"pin_bytes_processed\", \"import_jobs\".\"downloaded_bytes\", \"import_jobs\".\"download_total\", \"import_jobs\".\"ipfs_add_bytes\", \"import_jobs\".\"logical_size\", \"import_jobs\".\"entries_processed\", \"import_jobs\".\"entries_succeeded\", \"import_jobs\".\"entries_failed\", \"import_jobs\".\"decompressed_bytes\", \"import_jobs\".\"final_cid\", \"import_jobs\".\"failure_code\", \"import_jobs\".\"failure_message\", \"import_jobs\".\"created_at\", \"import_jobs\".\"updated_at\", \"import_jobs\".\"completed_at\" FROM \"import_jobs\" WHERE (\"import_jobs\".\"state\" = ? AND \"import_jobs\".\"next_attempt_at\" <= ? AND \"import_jobs\".\"locked_by\" IS NULL AND \"import_jobs\".\"locked_until\" IS NULL) OR (\"import_jobs\".\"state\" = ? AND \"import_jobs\".\"locked_until\" <= ?) ORDER BY \"import_jobs\".\"next_attempt_at\" ASC, \"import_jobs\".\"created_at\" ASC, \"import_jobs\".\"id\" ASC LIMIT ?\n" rows_affected=1 rows_returned=0 elapsed=139.082碌s elapsed_secs=0.000139082
ipfs-s3-gateway  | 2026-08-13T00:49:06.298281Z  INFO sqlx::query: summary="SELECT \"pin_leases\".\"id\", \"pin_leases\".\"owner_object_id\", \"pin_leases\".\"source\", 鈥? db.statement="\n\nSELECT \"pin_leases\".\"id\", \"pin_leases\".\"owner_object_id\", \"pin_leases\".\"source\", \"pin_leases\".\"policy_id\", \"pin_leases\".\"provider_mode\", \"pin_leases\".\"content_mode\", \"pin_leases\".\"created_at\", \"pin_leases\".\"last_touched_at\", \"pin_leases\".\"expires_at\", \"pin_leases\".\"generation\", \"pin_leases\".\"state\" FROM \"pin_leases\" WHERE \"pin_leases\".\"state\" = ? AND \"pin_leases\".\"expires_at\" <= ? ORDER BY \"pin_leases\".\"expires_at\" ASC, \"pin_leases\".\"id\" ASC\n" rows_affected=1 rows_returned=0 elapsed=73.444碌s elapsed_secs=7.3444e-5
ipfs-s3-gateway  | 2026-08-13T00:49:06.299019Z  INFO sqlx::query: summary="DELETE FROM \"import_jobs\" WHERE 鈥? db.statement="\n\nDELETE FROM \"import_jobs\" WHERE \"import_jobs\".\"state\" IN (?, ?, ?) AND \"import_jobs\".\"completed_at\" IS NOT NULL AND \"import_jobs\".\"completed_at\" < ?\n" rows_affected=0 rows_returned=0 elapsed=102.334碌s elapsed_secs=0.000102334
ipfs-s3-gateway  | 2026-08-13T00:49:06.299654Z  INFO sqlx::query: summary="SELECT \"pin_lease_targets\".\"id\", \"pin_lease_targets\".\"lease_id\", \"pin_lease_targets\".\"cid\", 鈥? db.statement="\n\nSELECT \"pin_lease_targets\".\"id\", \"pin_lease_targets\".\"lease_id\", \"pin_lease_targets\".\"cid\", \"pin_lease_targets\".\"logical_size\", \"pin_lease_targets\".\"provider\", \"pin_lease_targets\".\"state\", \"pin_lease_targets\".\"created_at\", \"pin_lease_targets\".\"last_touched_at\" FROM \"pin_lease_targets\" WHERE \"pin_lease_targets\".\"state\" = ? ORDER BY \"pin_lease_targets\".\"created_at\" ASC, \"pin_lease_targets\".\"id\" ASC\n" rows_affected=0 rows_returned=0 elapsed=77.444碌s elapsed_secs=7.7444e-5
ipfs-s3-gateway  | 2026-08-13T00:49:06.300423Z  INFO sqlx::query: summary="SELECT \"import_jobs\".\"id\", \"import_jobs\".\"bucket\", \"import_jobs\".\"key\", 鈥? db.statement="\n\nSELECT \"import_jobs\".\"id\", \"import_jobs\".\"bucket\", \"import_jobs\".\"key\", \"import_jobs\".\"source_type\", \"import_jobs\".\"source_value\", \"import_jobs\".\"request_fingerprint\", \"import_jobs\".\"client_token\", \"import_jobs\".\"object_content_type\", \"import_jobs\".\"metadata_json\", \"import_jobs\".\"tags_json\", \"import_jobs\".\"decompress_prefix\", \"import_jobs\".\"state\", \"import_jobs\".\"phase\", \"import_jobs\".\"attempts\", \"import_jobs\".\"next_attempt_at\", \"import_jobs\".\"locked_by\", \"import_jobs\".\"locked_until\", \"import_jobs\".\"claim_epoch\", \"import_jobs\".\"providers_observed\", \"import_jobs\".\"pin_nodes_processed\", \"import_jobs\".\"pin_bytes_processed\", \"import_jobs\".\"downloaded_bytes\", \"import_jobs\".\"download_total\", \"import_jobs\".\"ipfs_add_bytes\", \"import_jobs\".\"logical_size\", \"import_jobs\".\"entries_processed\", \"import_jobs\".\"entries_succeeded\", \"import_jobs\".\"entries_failed\", \"import_jobs\".\"decompressed_bytes\", \"import_jobs\".\"final_cid\", \"import_jobs\".\"failure_code\", \"import_jobs\".\"failure_message\", \"import_jobs\".\"created_at\", \"import_jobs\".\"updated_at\", \"import_jobs\".\"completed_at\" FROM \"import_jobs\" WHERE (\"import_jobs\".\"state\" = ? AND \"import_jobs\".\"next_attempt_at\" <= ? AND \"import_jobs\".\"locked_by\" IS NULL AND \"import_jobs\".\"locked_until\" IS NULL) OR (\"import_jobs\".\"state\" = ? AND \"import_jobs\".\"locked_until\" <= ?) ORDER BY \"import_jobs\".\"next_attempt_at\" ASC, \"import_jobs\".\"created_at\" ASC, \"import_jobs\".\"id\" ASC LIMIT ?\n" rows_affected=0 rows_returned=0 elapsed=61.262碌s elapsed_secs=6.1262e-5
ipfs-s3-gateway  | 2026-08-13T00:49:06.300970Z  INFO sqlx::query: summary="SELECT \"pin_jobs\".\"provider\" FROM \"pin_jobs\" 鈥? db.statement="\n\nSELECT \"pin_jobs\".\"provider\" FROM \"pin_jobs\" WHERE (\"pin_jobs\".\"state\" = ? AND \"pin_jobs\".\"next_attempt_at\" <= ? AND \"pin_jobs\".\"locked_until\" IS NULL) OR (\"pin_jobs\".\"state\" = ? AND \"pin_jobs\".\"locked_until\" < ?) GROUP BY \"pin_jobs\".\"provider\"\n" rows_affected=0 rows_returned=0 elapsed=38.78碌s elapsed_secs=3.878e-5
ipfs-s3-gateway  | 2026-08-13T00:49:06.798940Z  INFO sqlx::query: summary="SELECT \"import_jobs\".\"id\", \"import_jobs\".\"bucket\", \"import_jobs\".\"key\", 鈥? db.statement="\n\nSELECT \"import_jobs\".\"id\", \"import_jobs\".\"bucket\", \"import_jobs\".\"key\", \"import_jobs\".\"source_type\", \"import_jobs\".\"source_value\", \"import_jobs\".\"request_fingerprint\", \"import_jobs\".\"client_token\", \"import_jobs\".\"object_content_type\", \"import_jobs\".\"metadata_json\", \"import_jobs\".\"tags_json\", \"import_jobs\".\"decompress_prefix\", \"import_jobs\".\"state\", \"import_jobs\".\"phase\", \"import_jobs\".\"attempts\", \"import_jobs\".\"next_attempt_at\", \"import_jobs\".\"locked_by\", \"import_jobs\".\"locked_until\", \"import_jobs\".\"claim_epoch\", \"import_jobs\".\"providers_observed\", \"import_jobs\".\"pin_nodes_processed\", \"import_jobs\".\"pin_bytes_processed\", \"import_jobs\".\"downloaded_bytes\", \"import_jobs\".\"download_total\", \"import_jobs\".\"ipfs_add_bytes\", \"import_jobs\".\"logical_size\", \"import_jobs\".\"entries_processed\", \"import_jobs\".\"entries_succeeded\", \"import_jobs\".\"entries_failed\", \"import_jobs\".\"decompressed_bytes\", \"import_jobs\".\"final_cid\", \"import_jobs\".\"failure_code\", \"import_jobs\".\"failure_message\", \"import_jobs\".\"created_at\", \"import_jobs\".\"updated_at\", \"import_jobs\".\"completed_at\" FROM \"import_jobs\" WHERE (\"import_jobs\".\"state\" = ? AND \"import_jobs\".\"next_attempt_at\" <= ? AND \"import_jobs\".\"locked_by\" IS NULL AND \"import_jobs\".\"locked_until\" IS NULL) OR (\"import_jobs\".\"state\" = ? AND \"import_jobs\".\"locked_until\" <= ?) ORDER BY \"import_jobs\".\"next_attempt_at\" ASC, \"import_jobs\".\"created_at\" ASC, \"import_jobs\".\"id\" ASC LIMIT ?\n" rows_affected=0 rows_returned=0 elapsed=279.768碌s elapsed_secs=0.000279768
ipfs-s3-gateway  | 2026-08-13T00:49:07.297983Z  INFO sqlx::query: summary="SELECT \"import_jobs\".\"id\", \"import_jobs\".\"bucket\", \"import_jobs\".\"key\", 鈥? db.statement="\n\nSELECT \"import_jobs\".\"id\", \"import_jobs\".\"bucket\", \"import_jobs\".\"key\", \"import_jobs\".\"source_type\", \"import_jobs\".\"source_value\", \"import_jobs\".\"request_fingerprint\", \"import_jobs\".\"client_token\", \"import_jobs\".\"object_content_type\", \"import_jobs\".\"metadata_json\", \"import_jobs\".\"tags_json\", \"import_jobs\".\"decompress_prefix\", \"import_jobs\".\"state\", \"import_jobs\".\"phase\", \"import_jobs\".\"attempts\", \"import_jobs\".\"next_attempt_at\", \"import_jobs\".\"locked_by\", \"import_jobs\".\"locked_until\", \"import_jobs\".\"claim_epoch\", \"import_jobs\".\"providers_observed\", \"import_jobs\".\"pin_nodes_processed\", \"import_jobs\".\"pin_bytes_processed\", \"import_jobs\".\"downloaded_bytes\", \"import_jobs\".\"download_total\", \"import_jobs\".\"ipfs_add_bytes\", \"import_jobs\".\"logical_size\", \"import_jobs\".\"entries_processed\", \"import_jobs\".\"entries_succeeded\", \"import_jobs\".\"entries_failed\", \"import_jobs\".\"decompressed_bytes\", \"import_jobs\".\"final_cid\", \"import_jobs\".\"failure_code\", \"import_jobs\".\"failure_message\", \"import_jobs\".\"created_at\", \"import_jobs\".\"updated_at\", \"import_jobs\".\"completed_at\" FROM \"import_jobs\" WHERE (\"import_jobs\".\"state\" = ? AND \"import_jobs\".\"next_attempt_at\" <= ? AND \"import_jobs\".\"locked_by\" IS NULL AND \"import_jobs\".\"locked_until\" IS NULL) OR (\"import_jobs\".\"state\" = ? AND \"import_jobs\".\"locked_until\" <= ?) ORDER BY \"import_jobs\".\"next_attempt_at\" ASC, \"import_jobs\".\"created_at\" ASC, \"import_jobs\".\"id\" ASC LIMIT ?\n" rows_affected=0 rows_returned=0 elapsed=89.777碌s elapsed_secs=8.9777e-5
ipfs-s3-gateway  | 2026-08-13T00:49:07.797782Z  INFO sqlx::query: summary="SELECT \"import_jobs\".\"id\", \"import_jobs\".\"bucket\", \"import_jobs\".\"key\", 鈥? db.statement="\n\nSELECT \"import_jobs\".\"id\", \"import_jobs\".\"bucket\", \"import_jobs\".\"key\", \"import_jobs\".\"source_type\", \"import_jobs\".\"source_value\", \"import_jobs\".\"request_fingerprint\", \"import_jobs\".\"client_token\", \"import_jobs\".\"object_content_type\", \"import_jobs\".\"metadata_json\", \"import_jobs\".\"tags_json\", \"import_jobs\".\"decompress_prefix\", \"import_jobs\".\"state\", \"import_jobs\".\"phase\", \"import_jobs\".\"attempts\", \"import_jobs\".\"next_attempt_at\", \"import_jobs\".\"locked_by\", \"import_jobs\".\"locked_until\", \"import_jobs\".\"claim_epoch\", \"import_jobs\".\"providers_observed\", \"import_jobs\".\"pin_nodes_processed\", \"import_jobs\".\"pin_bytes_processed\", \"import_jobs\".\"downloaded_bytes\", \"import_jobs\".\"download_total\", \"import_jobs\".\"ipfs_add_bytes\", \"import_jobs\".\"logical_size\", \"import_jobs\".\"entries_processed\", \"import_jobs\".\"entries_succeeded\", \"import_jobs\".\"entries_failed\", \"import_jobs\".\"decompressed_bytes\", \"import_jobs\".\"final_cid\", \"import_jobs\".\"failure_code\", \"import_jobs\".\"failure_message\", \"import_jobs\".\"created_at\", \"import_jobs\".\"updated_at\", \"import_jobs\".\"completed_at\" FROM \"import_jobs\" WHERE (\"import_jobs\".\"state\" = ? AND \"import_jobs\".\"next_attempt_at\" <= ? AND \"import_jobs\".\"locked_by\" IS NULL AND \"import_jobs\".\"locked_until\" IS NULL) OR (\"import_jobs\".\"state\" = ? AND \"import_jobs\".\"locked_until\" <= ?) ORDER BY \"import_jobs\".\"next_attempt_at\" ASC, \"import_jobs\".\"created_at\" ASC, \"import_jobs\".\"id\" ASC LIMIT ?\n" rows_affected=0 rows_returned=0 elapsed=79.066碌s elapsed_secs=7.9066e-5
ipfs-s3-gateway  | 2026-08-13T00:49:08.298147Z  INFO sqlx::query: summary="SELECT \"import_jobs\".\"id\", \"import_jobs\".\"bucket\", \"import_jobs\".\"key\", 鈥? db.statement="\n\nSELECT \"import_jobs\".\"id\", \"import_jobs\".\"bucket\", \"import_jobs\".\"key\", \"import_jobs\".\"source_type\", \"import_jobs\".\"source_value\", \"import_jobs\".\"request_fingerprint\", \"import_jobs\".\"client_token\", \"import_jobs\".\"object_content_type\", \"import_jobs\".\"metadata_json\", \"import_jobs\".\"tags_json\", \"import_jobs\".\"decompress_prefix\", \"import_jobs\".\"state\", \"import_jobs\".\"phase\", \"import_jobs\".\"attempts\", \"import_jobs\".\"next_attempt_at\", \"import_jobs\".\"locked_by\", \"import_jobs\".\"locked_until\", \"import_jobs\".\"claim_epoch\", \"import_jobs\".\"providers_observed\", \"import_jobs\".\"pin_nodes_processed\", \"import_jobs\".\"pin_bytes_processed\", \"import_jobs\".\"downloaded_bytes\", \"import_jobs\".\"download_total\", \"import_jobs\".\"ipfs_add_bytes\", \"import_jobs\".\"logical_size\", \"import_jobs\".\"entries_processed\", \"import_jobs\".\"entries_succeeded\", \"import_jobs\".\"entries_failed\", \"import_jobs\".\"decompressed_bytes\", \"import_jobs\".\"final_cid\", \"import_jobs\".\"failure_code\", \"import_jobs\".\"failure_message\", \"import_jobs\".\"created_at\", \"import_jobs\".\"updated_at\", \"import_jobs\".\"completed_at\" FROM \"import_jobs\" WHERE (\"import_jobs\".\"state\" = ? AND \"import_jobs\".\"next_attempt_at\" <= ? AND \"import_jobs\".\"locked_by\" IS NULL AND \"import_jobs\".\"locked_until\" IS NULL) OR (\"import_jobs\".\"state\" = ? AND \"import_jobs\".\"locked_until\" <= ?) ORDER BY \"import_jobs\".\"next_attempt_at\" ASC, \"import_jobs\".\"created_at\" ASC, \"import_jobs\".\"id\" ASC LIMIT ?\n" rows_affected=0 rows_returned=0 elapsed=93.633碌s elapsed_secs=9.3633e-5
ipfs-s3-gateway  | 2026-08-13T00:49:08.798251Z  INFO sqlx::query: summary="SELECT \"import_jobs\".\"id\", \"import_jobs\".\"bucket\", \"import_jobs\".\"key\", 鈥? db.statement="\n\nSELECT \"import_jobs\".\"id\", \"import_jobs\".\"bucket\", \"import_jobs\".\"key\", \"import_jobs\".\"source_type\", \"import_jobs\".\"source_value\", \"import_jobs\".\"request_fingerprint\", \"import_jobs\".\"client_token\", \"import_jobs\".\"object_content_type\", \"import_jobs\".\"metadata_json\", \"import_jobs\".\"tags_json\", \"import_jobs\".\"decompress_prefix\", \"import_jobs\".\"state\", \"import_jobs\".\"phase\", \"import_jobs\".\"attempts\", \"import_jobs\".\"next_attempt_at\", \"import_jobs\".\"locked_by\", \"import_jobs\".\"locked_until\", \"import_jobs\".\"claim_epoch\", \"import_jobs\".\"providers_observed\", \"import_jobs\".\"pin_nodes_processed\", \"import_jobs\".\"pin_bytes_processed\", \"import_jobs\".\"downloaded_bytes\", \"import_jobs\".\"download_total\", \"import_jobs\".\"ipfs_add_bytes\", \"import_jobs\".\"logical_size\", \"import_jobs\".\"entries_processed\", \"import_jobs\".\"entries_succeeded\", \"import_jobs\".\"entries_failed\", \"import_jobs\".\"decompressed_bytes\", \"import_jobs\".\"final_cid\", \"import_jobs\".\"failure_code\", \"import_jobs\".\"failure_message\", \"import_jobs\".\"created_at\", \"import_jobs\".\"updated_at\", \"import_jobs\".\"completed_at\" FROM \"import_jobs\" WHERE (\"import_jobs\".\"state\" = ? AND \"import_jobs\".\"next_attempt_at\" <= ? AND \"import_jobs\".\"locked_by\" IS NULL AND \"import_jobs\".\"locked_until\" IS NULL) OR (\"import_jobs\".\"state\" = ? AND \"import_jobs\".\"locked_until\" <= ?) ORDER BY \"import_jobs\".\"next_attempt_at\" ASC, \"import_jobs\".\"created_at\" ASC, \"import_jobs\".\"id\" ASC LIMIT ?\n" rows_affected=0 rows_returned=0 elapsed=94.238碌s elapsed_secs=9.4238e-5
ipfs-s3-gateway  | 2026-08-13T00:49:09.298081Z  INFO sqlx::query: summary="SELECT \"import_jobs\".\"id\", \"import_jobs\".\"bucket\", \"import_jobs\".\"key\", 鈥? db.statement="\n\nSELECT \"import_jobs\".\"id\", \"import_jobs\".\"bucket\", \"import_jobs\".\"key\", \"import_jobs\".\"source_type\", \"import_jobs\".\"source_value\", \"import_jobs\".\"request_fingerprint\", \"import_jobs\".\"client_token\", \"import_jobs\".\"object_content_type\", \"import_jobs\".\"metadata_json\", \"import_jobs\".\"tags_json\", \"import_jobs\".\"decompress_prefix\", \"import_jobs\".\"state\", \"import_jobs\".\"phase\", \"import_jobs\".\"attempts\", \"import_jobs\".\"next_attempt_at\", \"import_jobs\".\"locked_by\", \"import_jobs\".\"locked_until\", \"import_jobs\".\"claim_epoch\", \"import_jobs\".\"providers_observed\", \"import_jobs\".\"pin_nodes_processed\", \"import_jobs\".\"pin_bytes_processed\", \"import_jobs\".\"downloaded_bytes\", \"import_jobs\".\"download_total\", \"import_jobs\".\"ipfs_add_bytes\", \"import_jobs\".\"logical_size\", \"import_jobs\".\"entries_processed\", \"import_jobs\".\"entries_succeeded\", \"import_jobs\".\"entries_failed\", \"import_jobs\".\"decompressed_bytes\", \"import_jobs\".\"final_cid\", \"import_jobs\".\"failure_code\", \"import_jobs\".\"failure_message\", \"import_jobs\".\"created_at\", \"import_jobs\".\"updated_at\", \"import_jobs\".\"completed_at\" FROM \"import_jobs\" WHERE (\"import_jobs\".\"state\" = ? AND \"import_jobs\".\"next_attempt_at\" <= ? AND \"import_jobs\".\"locked_by\" IS NULL AND \"import_jobs\".\"locked_until\" IS NULL) OR (\"import_jobs\".\"state\" = ? AND \"import_jobs\".\"locked_until\" <= ?) ORDER BY \"import_jobs\".\"next_attempt_at\" ASC, \"import_jobs\".\"created_at\" ASC, \"import_jobs\".\"id\" ASC LIMIT ?\n" rows_affected=0 rows_returned=0 elapsed=82.448碌s elapsed_secs=8.2448e-5
ipfs-s3-gateway  | 2026-08-13T00:49:09.798097Z  INFO sqlx::query: summary="SELECT \"import_jobs\".\"id\", \"import_jobs\".\"bucket\", \"import_jobs\".\"key\", 鈥? db.statement="\n\nSELECT \"import_jobs\".\"id\", \"import_jobs\".\"bucket\", \"import_jobs\".\"key\", \"import_jobs\".\"source_type\", \"import_jobs\".\"source_value\", \"import_jobs\".\"request_fingerprint\", \"import_jobs\".\"client_token\", \"import_jobs\".\"object_content_type\", \"import_jobs\".\"metadata_json\", \"import_jobs\".\"tags_json\", \"import_jobs\".\"decompress_prefix\", \"import_jobs\".\"state\", \"import_jobs\".\"phase\", \"import_jobs\".\"attempts\", \"import_jobs\".\"next_attempt_at\", \"import_jobs\".\"locked_by\", \"import_jobs\".\"locked_until\", \"import_jobs\".\"claim_epoch\", \"import_jobs\".\"providers_observed\", \"import_jobs\".\"pin_nodes_processed\", \"import_jobs\".\"pin_bytes_processed\", \"import_jobs\".\"downloaded_bytes\", \"import_jobs\".\"download_total\", \"import_jobs\".\"ipfs_add_bytes\", \"import_jobs\".\"logical_size\", \"import_jobs\".\"entries_processed\", \"import_jobs\".\"entries_succeeded\", \"import_jobs\".\"entries_failed\", \"import_jobs\".\"decompressed_bytes\", \"import_jobs\".\"final_cid\", \"import_jobs\".\"failure_code\", \"import_jobs\".\"failure_message\", \"import_jobs\".\"created_at\", \"import_jobs\".\"updated_at\", \"import_jobs\".\"completed_at\" FROM \"import_jobs\" WHERE (\"import_jobs\".\"state\" = ? AND \"import_jobs\".\"next_attempt_at\" <= ? AND \"import_jobs\".\"locked_by\" IS NULL AND \"import_jobs\".\"locked_until\" IS NULL) OR (\"import_jobs\".\"state\" = ? AND \"import_jobs\".\"locked_until\" <= ?) ORDER BY \"import_jobs\".\"next_attempt_at\" ASC, \"import_jobs\".\"created_at\" ASC, \"import_jobs\".\"id\" ASC LIMIT ?\n" rows_affected=0 rows_returned=0 elapsed=87.709碌s elapsed_secs=8.7709e-5
ipfs-s3-gateway  | 2026-08-13T00:49:10.298259Z  INFO sqlx::query: summary="SELECT \"import_jobs\".\"id\", \"import_jobs\".\"bucket\", \"import_jobs\".\"key\", 鈥? db.statement="\n\nSELECT \"import_jobs\".\"id\", \"import_jobs\".\"bucket\", \"import_jobs\".\"key\", \"import_jobs\".\"source_type\", \"import_jobs\".\"source_value\", \"import_jobs\".\"request_fingerprint\", \"import_jobs\".\"client_token\", \"import_jobs\".\"object_content_type\", \"import_jobs\".\"metadata_json\", \"import_jobs\".\"tags_json\", \"import_jobs\".\"decompress_prefix\", \"import_jobs\".\"state\", \"import_jobs\".\"phase\", \"import_jobs\".\"attempts\", \"import_jobs\".\"next_attempt_at\", \"import_jobs\".\"locked_by\", \"import_jobs\".\"locked_until\", \"import_jobs\".\"claim_epoch\", \"import_jobs\".\"providers_observed\", \"import_jobs\".\"pin_nodes_processed\", \"import_jobs\".\"pin_bytes_processed\", \"import_jobs\".\"downloaded_bytes\", \"import_jobs\".\"download_total\", \"import_jobs\".\"ipfs_add_bytes\", \"import_jobs\".\"logical_size\", \"import_jobs\".\"entries_processed\", \"import_jobs\".\"entries_succeeded\", \"import_jobs\".\"entries_failed\", \"import_jobs\".\"decompressed_bytes\", \"import_jobs\".\"final_cid\", \"import_jobs\".\"failure_code\", \"import_jobs\".\"failure_message\", \"import_jobs\".\"created_at\", \"import_jobs\".\"updated_at\", \"import_jobs\".\"completed_at\" FROM \"import_jobs\" WHERE (\"import_jobs\".\"state\" = ? AND \"import_jobs\".\"next_attempt_at\" <= ? AND \"import_jobs\".\"locked_by\" IS NULL AND \"import_jobs\".\"locked_until\" IS NULL) OR (\"import_jobs\".\"state\" = ? AND \"import_jobs\".\"locked_until\" <= ?) ORDER BY \"import_jobs\".\"next_attempt_at\" ASC, \"import_jobs\".\"created_at\" ASC, \"import_jobs\".\"id\" ASC LIMIT ?\n" rows_affected=0 rows_returned=0 elapsed=91.967碌s elapsed_secs=9.1967e-5
ipfs-s3-gateway  | 2026-08-13T00:49:10.798289Z  INFO sqlx::query: summary="SELECT \"import_jobs\".\"id\", \"import_jobs\".\"bucket\", \"import_jobs\".\"key\", 鈥? db.statement="\n\nSELECT \"import_jobs\".\"id\", \"import_jobs\".\"bucket\", \"import_jobs\".\"key\", \"import_jobs\".\"source_type\", \"import_jobs\".\"source_value\", \"import_jobs\".\"request_fingerprint\", \"import_jobs\".\"client_token\", \"import_jobs\".\"object_content_type\", \"import_jobs\".\"metadata_json\", \"import_jobs\".\"tags_json\", \"import_jobs\".\"decompress_prefix\", \"import_jobs\".\"state\", \"import_jobs\".\"phase\", \"import_jobs\".\"attempts\", \"import_jobs\".\"next_attempt_at\", \"import_jobs\".\"locked_by\", \"import_jobs\".\"locked_until\", \"import_jobs\".\"claim_epoch\", \"import_jobs\".\"providers_observed\", \"import_jobs\".\"pin_nodes_processed\", \"import_jobs\".\"pin_bytes_processed\", \"import_jobs\".\"downloaded_bytes\", \"import_jobs\".\"download_total\", \"import_jobs\".\"ipfs_add_bytes\", \"import_jobs\".\"logical_size\", \"import_jobs\".\"entries_processed\", \"import_jobs\".\"entries_succeeded\", \"import_jobs\".\"entries_failed\", \"import_jobs\".\"decompressed_bytes\", \"import_jobs\".\"final_cid\", \"import_jobs\".\"failure_code\", \"import_jobs\".\"failure_message\", \"import_jobs\".\"created_at\", \"import_jobs\".\"updated_at\", \"import_jobs\".\"completed_at\" FROM \"import_jobs\" WHERE (\"import_jobs\".\"state\" = ? AND \"import_jobs\".\"next_attempt_at\" <= ? AND \"import_jobs\".\"locked_by\" IS NULL AND \"import_jobs\".\"locked_until\" IS NULL) OR (\"import_jobs\".\"state\" = ? AND \"import_jobs\".\"locked_until\" <= ?) ORDER BY \"import_jobs\".\"next_attempt_at\" ASC, \"import_jobs\".\"created_at\" ASC, \"import_jobs\".\"id\" ASC LIMIT ?\n" rows_affected=0 rows_returned=0 elapsed=86.355碌s elapsed_secs=8.6355e-5
ipfs-s3-gateway  | 2026-08-13T00:49:11.298443Z  INFO sqlx::query: summary="SELECT \"import_jobs\".\"id\", \"import_jobs\".\"bucket\", \"import_jobs\".\"key\", 鈥? db.statement="\n\nSELECT \"import_jobs\".\"id\", \"import_jobs\".\"bucket\", \"import_jobs\".\"key\", \"import_jobs\".\"source_type\", \"import_jobs\".\"source_value\", \"import_jobs\".\"request_fingerprint\", \"import_jobs\".\"client_token\", \"import_jobs\".\"object_content_type\", \"import_jobs\".\"metadata_json\", \"import_jobs\".\"tags_json\", \"import_jobs\".\"decompress_prefix\", \"import_jobs\".\"state\", \"import_jobs\".\"phase\", \"import_jobs\".\"attempts\", \"import_jobs\".\"next_attempt_at\", \"import_jobs\".\"locked_by\", \"import_jobs\".\"locked_until\", \"import_jobs\".\"claim_epoch\", \"import_jobs\".\"providers_observed\", \"import_jobs\".\"pin_nodes_processed\", \"import_jobs\".\"pin_bytes_processed\", \"import_jobs\".\"downloaded_bytes\", \"import_jobs\".\"download_total\", \"import_jobs\".\"ipfs_add_bytes\", \"import_jobs\".\"logical_size\", \"import_jobs\".\"entries_processed\", \"import_jobs\".\"entries_succeeded\", \"import_jobs\".\"entries_failed\", \"import_jobs\".\"decompressed_bytes\", \"import_jobs\".\"final_cid\", \"import_jobs\".\"failure_code\", \"import_jobs\".\"failure_message\", \"import_jobs\".\"created_at\", \"import_jobs\".\"updated_at\", \"import_jobs\".\"completed_at\" FROM \"import_jobs\" WHERE (\"import_jobs\".\"state\" = ? AND \"import_jobs\".\"next_attempt_at\" <= ? AND \"import_jobs\".\"locked_by\" IS NULL AND \"import_jobs\".\"locked_until\" IS NULL) OR (\"import_jobs\".\"state\" = ? AND \"import_jobs\".\"locked_until\" <= ?) ORDER BY \"import_jobs\".\"next_attempt_at\" ASC, \"import_jobs\".\"created_at\" ASC, \"import_jobs\".\"id\" ASC LIMIT ?\n" rows_affected=0 rows_returned=0 elapsed=87.252碌s elapsed_secs=8.7252e-5
ipfs-s3-gateway  | 2026-08-13T00:49:11.299126Z  INFO sqlx::query: summary="SELECT \"pin_leases\".\"id\", \"pin_leases\".\"owner_object_id\", \"pin_leases\".\"source\", 鈥? db.statement="\n\nSELECT \"pin_leases\".\"id\", \"pin_leases\".\"owner_object_id\", \"pin_leases\".\"source\", \"pin_leases\".\"policy_id\", \"pin_leases\".\"provider_mode\", \"pin_leases\".\"content_mode\", \"pin_leases\".\"created_at\", \"pin_leases\".\"last_touched_at\", \"pin_leases\".\"expires_at\", \"pin_leases\".\"generation\", \"pin_leases\".\"state\" FROM \"pin_leases\" WHERE \"pin_leases\".\"state\" = ? AND \"pin_leases\".\"expires_at\" <= ? ORDER BY \"pin_leases\".\"expires_at\" ASC, \"pin_leases\".\"id\" ASC\n" rows_affected=0 rows_returned=0 elapsed=43.121碌s elapsed_secs=4.3121e-5
ipfs-s3-gateway  | 2026-08-13T00:49:11.299691Z  INFO sqlx::query: summary="SELECT \"pin_lease_targets\".\"id\", \"pin_lease_targets\".\"lease_id\", \"pin_lease_targets\".\"cid\", 鈥? db.statement="\n\nSELECT \"pin_lease_targets\".\"id\", \"pin_lease_targets\".\"lease_id\", \"pin_lease_targets\".\"cid\", \"pin_lease_targets\".\"logical_size\", \"pin_lease_targets\".\"provider\", \"pin_lease_targets\".\"state\", \"pin_lease_targets\".\"created_at\", \"pin_lease_targets\".\"last_touched_at\" FROM \"pin_lease_targets\" WHERE \"pin_lease_targets\".\"state\" = ? ORDER BY \"pin_lease_targets\".\"created_at\" ASC, \"pin_lease_targets\".\"id\" ASC\n" rows_affected=0 rows_returned=0 elapsed=31.761碌s elapsed_secs=3.1761e-5
ipfs-s3-gateway  | 2026-08-13T00:49:11.300346Z  INFO sqlx::query: summary="SELECT \"pin_jobs\".\"provider\" FROM \"pin_jobs\" 鈥? db.statement="\n\nSELECT \"pin_jobs\".\"provider\" FROM \"pin_jobs\" WHERE (\"pin_jobs\".\"state\" = ? AND \"pin_jobs\".\"next_attempt_at\" <= ? AND \"pin_jobs\".\"locked_until\" IS NULL) OR (\"pin_jobs\".\"state\" = ? AND \"pin_jobs\".\"locked_until\" < ?) GROUP BY \"pin_jobs\".\"provider\"\n" rows_affected=0 rows_returned=0 elapsed=38.38碌s elapsed_secs=3.838e-5
ipfs-s3-gateway  | 2026-08-13T00:49:11.798095Z  INFO sqlx::query: summary="SELECT \"import_jobs\".\"id\", \"import_jobs\".\"bucket\", \"import_jobs\".\"key\", 鈥? db.statement="\n\nSELECT \"import_jobs\".\"id\", \"import_jobs\".\"bucket\", \"import_jobs\".\"key\", \"import_jobs\".\"source_type\", \"import_jobs\".\"source_value\", \"import_jobs\".\"request_fingerprint\", \"import_jobs\".\"client_token\", \"import_jobs\".\"object_content_type\", \"import_jobs\".\"metadata_json\", \"import_jobs\".\"tags_json\", \"import_jobs\".\"decompress_prefix\", \"import_jobs\".\"state\", \"import_jobs\".\"phase\", \"import_jobs\".\"attempts\", \"import_jobs\".\"next_attempt_at\", \"import_jobs\".\"locked_by\", \"import_jobs\".\"locked_until\", \"import_jobs\".\"claim_epoch\", \"import_jobs\".\"providers_observed\", \"import_jobs\".\"pin_nodes_processed\", \"import_jobs\".\"pin_bytes_processed\", \"import_jobs\".\"downloaded_bytes\", \"import_jobs\".\"download_total\", \"import_jobs\".\"ipfs_add_bytes\", \"import_jobs\".\"logical_size\", \"import_jobs\".\"entries_processed\", \"import_jobs\".\"entries_succeeded\", \"import_jobs\".\"entries_failed\", \"import_jobs\".\"decompressed_bytes\", \"import_jobs\".\"final_cid\", \"import_jobs\".\"failure_code\", \"import_jobs\".\"failure_message\", \"import_jobs\".\"created_at\", \"import_jobs\".\"updated_at\", \"import_jobs\".\"completed_at\" FROM \"import_jobs\" WHERE (\"import_jobs\".\"state\" = ? AND \"import_jobs\".\"next_attempt_at\" <= ? AND \"import_jobs\".\"locked_by\" IS NULL AND \"import_jobs\".\"locked_until\" IS NULL) OR (\"import_jobs\".\"state\" = ? AND \"import_jobs\".\"locked_until\" <= ?) ORDER BY \"import_jobs\".\"next_attempt_at\" ASC, \"import_jobs\".\"created_at\" ASC, \"import_jobs\".\"id\" ASC LIMIT ?\n" rows_affected=0 rows_returned=0 elapsed=160.176碌s elapsed_secs=0.000160176
ipfs-s3-gateway  | 2026-08-13T00:49:12.297998Z  INFO sqlx::query: summary="SELECT \"import_jobs\".\"id\", \"import_jobs\".\"bucket\", \"import_jobs\".\"key\", 鈥? db.statement="\n\nSELECT \"import_jobs\".\"id\", \"import_jobs\".\"bucket\", \"import_jobs\".\"key\", \"import_jobs\".\"source_type\", \"import_jobs\".\"source_value\", \"import_jobs\".\"request_fingerprint\", \"import_jobs\".\"client_token\", \"import_jobs\".\"object_content_type\", \"import_jobs\".\"metadata_json\", \"import_jobs\".\"tags_json\", \"import_jobs\".\"decompress_prefix\", \"import_jobs\".\"state\", \"import_jobs\".\"phase\", \"import_jobs\".\"attempts\", \"import_jobs\".\"next_attempt_at\", \"import_jobs\".\"locked_by\", \"import_jobs\".\"locked_until\", \"import_jobs\".\"claim_epoch\", \"import_jobs\".\"providers_observed\", \"import_jobs\".\"pin_nodes_processed\", \"import_jobs\".\"pin_bytes_processed\", \"import_jobs\".\"downloaded_bytes\", \"import_jobs\".\"download_total\", \"import_jobs\".\"ipfs_add_bytes\", \"import_jobs\".\"logical_size\", \"import_jobs\".\"entries_processed\", \"import_jobs\".\"entries_succeeded\", \"import_jobs\".\"entries_failed\", \"import_jobs\".\"decompressed_bytes\", \"import_jobs\".\"final_cid\", \"import_jobs\".\"failure_code\", \"import_jobs\".\"failure_message\", \"import_jobs\".\"created_at\", \"import_jobs\".\"updated_at\", \"import_jobs\".\"completed_at\" FROM \"import_jobs\" WHERE (\"import_jobs\".\"state\" = ? AND \"import_jobs\".\"next_attempt_at\" <= ? AND \"import_jobs\".\"locked_by\" IS NULL AND \"import_jobs\".\"locked_until\" IS NULL) OR (\"import_jobs\".\"state\" = ? AND \"import_jobs\".\"locked_until\" <= ?) ORDER BY \"import_jobs\".\"next_attempt_at\" ASC, \"import_jobs\".\"created_at\" ASC, \"import_jobs\".\"id\" ASC LIMIT ?\n" rows_affected=0 rows_returned=0 elapsed=84.973碌s elapsed_secs=8.4973e-5
ipfs-s3-gateway  | 2026-08-13T00:49:12.799008Z  INFO sqlx::query: summary="SELECT \"import_jobs\".\"id\", \"import_jobs\".\"bucket\", \"import_jobs\".\"key\", 鈥? db.statement="\n\nSELECT \"import_jobs\".\"id\", \"import_jobs\".\"bucket\", \"import_jobs\".\"key\", \"import_jobs\".\"source_type\", \"import_jobs\".\"source_value\", \"import_jobs\".\"request_fingerprint\", \"import_jobs\".\"client_token\", \"import_jobs\".\"object_content_type\", \"import_jobs\".\"metadata_json\", \"import_jobs\".\"tags_json\", \"import_jobs\".\"decompress_prefix\", \"import_jobs\".\"state\", \"import_jobs\".\"phase\", \"import_jobs\".\"attempts\", \"import_jobs\".\"next_attempt_at\", \"import_jobs\".\"locked_by\", \"import_jobs\".\"locked_until\", \"import_jobs\".\"claim_epoch\", \"import_jobs\".\"providers_observed\", \"import_jobs\".\"pin_nodes_processed\", \"import_jobs\".\"pin_bytes_processed\", \"import_jobs\".\"downloaded_bytes\", \"import_jobs\".\"download_total\", \"import_jobs\".\"ipfs_add_bytes\", \"import_jobs\".\"logical_size\", \"import_jobs\".\"entries_processed\", \"import_jobs\".\"entries_succeeded\", \"import_jobs\".\"entries_failed\", \"import_jobs\".\"decompressed_bytes\", \"import_jobs\".\"final_cid\", \"import_jobs\".\"failure_code\", \"import_jobs\".\"failure_message\", \"import_jobs\".\"created_at\", \"import_jobs\".\"updated_at\", \"import_jobs\".\"completed_at\" FROM \"import_jobs\" WHERE (\"import_jobs\".\"state\" = ? AND \"import_jobs\".\"next_attempt_at\" <= ? AND \"import_jobs\".\"locked_by\" IS NULL AND \"import_jobs\".\"locked_until\" IS NULL) OR (\"import_jobs\".\"state\" = ? AND \"import_jobs\".\"locked_until\" <= ?) ORDER BY \"import_jobs\".\"next_attempt_at\" ASC, \"import_jobs\".\"created_at\" ASC, \"import_jobs\".\"id\" ASC LIMIT ?\n" rows_affected=0 rows_returned=0 elapsed=91.202碌s elapsed_secs=9.1202e-5
ipfs-s3-gateway  | 2026-08-13T00:49:13.298698Z  INFO sqlx::query: summary="SELECT \"import_jobs\".\"id\", \"import_jobs\".\"bucket\", \"import_jobs\".\"key\", 鈥? db.statement="\n\nSELECT \"import_jobs\".\"id\", \"import_jobs\".\"bucket\", \"import_jobs\".\"key\", \"import_jobs\".\"source_type\", \"import_jobs\".\"source_value\", \"import_jobs\".\"request_fingerprint\", \"import_jobs\".\"client_token\", \"import_jobs\".\"object_content_type\", \"import_jobs\".\"metadata_json\", \"import_jobs\".\"tags_json\", \"import_jobs\".\"decompress_prefix\", \"import_jobs\".\"state\", \"import_jobs\".\"phase\", \"import_jobs\".\"attempts\", \"import_jobs\".\"next_attempt_at\", \"import_jobs\".\"locked_by\", \"import_jobs\".\"locked_until\", \"import_jobs\".\"claim_epoch\", \"import_jobs\".\"providers_observed\", \"import_jobs\".\"pin_nodes_processed\", \"import_jobs\".\"pin_bytes_processed\", \"import_jobs\".\"downloaded_bytes\", \"import_jobs\".\"download_total\", \"import_jobs\".\"ipfs_add_bytes\", \"import_jobs\".\"logical_size\", \"import_jobs\".\"entries_processed\", \"import_jobs\".\"entries_succeeded\", \"import_jobs\".\"entries_failed\", \"import_jobs\".\"decompressed_bytes\", \"import_jobs\".\"final_cid\", \"import_jobs\".\"failure_code\", \"import_jobs\".\"failure_message\", \"import_jobs\".\"created_at\", \"import_jobs\".\"updated_at\", \"import_jobs\".\"completed_at\" FROM \"import_jobs\" WHERE (\"import_jobs\".\"state\" = ? AND \"import_jobs\".\"next_attempt_at\" <= ? AND \"import_jobs\".\"locked_by\" IS NULL AND \"import_jobs\".\"locked_until\" IS NULL) OR (\"import_jobs\".\"state\" = ? AND \"import_jobs\".\"locked_until\" <= ?) ORDER BY \"import_jobs\".\"next_attempt_at\" ASC, \"import_jobs\".\"created_at\" ASC, \"import_jobs\".\"id\" ASC LIMIT ?\n" rows_affected=0 rows_returned=0 elapsed=77.206碌s elapsed_secs=7.7206e-5
[ENVELOPE] diagnostics_exit=0
[ENVELOPE] cleanup=BEGIN
 Container ipfs-s3-gateway  Stopping
 Container ipfs-s3-gateway  Stopped
 Container ipfs-s3-gateway  Removing
 Container ipfs-s3-gateway  Removed
 Container ipfs-s3-kubo  Stopping
 Container ipfs-s3-kubo  Stopped
 Container ipfs-s3-kubo  Removing
 Container ipfs-s3-kubo  Removed
 Volume ipfs3-client-smoke-20260813-2904-89cd5c39_ipfs_data  Removing
 Volume ipfs3-client-smoke-20260813-2904-89cd5c39_gateway_data  Removing
 Network ipfs3-client-smoke-20260813-2904-89cd5c39_default  Removing
 Volume ipfs3-client-smoke-20260813-2904-89cd5c39_gateway_data  Removed
 Volume ipfs3-client-smoke-20260813-2904-89cd5c39_ipfs_data  Removed
 Network ipfs3-client-smoke-20260813-2904-89cd5c39_default  Removed
[ENVELOPE] cleanup_exit=0
pg
mysql
[ENVELOPE] cleanup_verification=PASSED project_containers=0 project_networks=0 project_volumes=0 fixed_containers=0
